[{"DocumentKeywordVectors":[{"TotalDocumentLength":19334,"PageCount":1,"FirstPageVector":{"VectorId":"Socar.NoCategory.고지서_1.FirstPage","DocumentCount":9,"TermsWithScores":[{"Score":7.13,"Term":"납","LastUpdated":"2025-06-04T15:05:16.4107341+09:00"},{"Score":6.04,"Term":"부","LastUpdated":"2025-06-04T15:05:16.4107854+09:00"},{"Score":5.77,"Term":"조","LastUpdated":"2025-06-04T15:05:16.4109048+09:00"},{"Score":5.62,"Term":"호","LastUpdated":"2025-06-04T15:05:16.4107462+09:00"},{"Score":5.55,"Term":"한부모가족보호대상자","LastUpdated":"2025-06-04T15:05:16.41071+09:00"},{"Score":5.54,"Term":"장애인","LastUpdated":"2025-06-04T15:05:16.4109376+09:00"},{"Score":5.41,"Term":"부과대상","LastUpdated":"2025-06-04T15:05:16.4107607+09:00"},{"Score":5.39,"Term":"동래","LastUpdated":"2025-06-04T15:05:16.4107894+09:00"},{"Score":5.39,"Term":"급이상","LastUpdated":"2025-06-04T15:05:16.4108318+09:00"},{"Score":5.39,"Term":"미성년자는의견제출기간에시행령제","LastUpdated":"2025-06-04T15:05:16.4108434+09:00"},{"Score":5.32,"Term":"부산광역시동래구","LastUpdated":"2025-06-04T15:05:16.4107417+09:00"},{"Score":5.32,"Term":"조의","LastUpdated":"2025-06-04T15:05:16.4107673+09:00"},{"Score":5.24,"Term":"과태료","LastUpdated":"2025-06-04T15:05:16.4108981+09:00"},{"Score":5.22,"Term":"번","LastUpdated":"2025-06-04T15:05:16.4108749+09:00"},{"Score":5.16,"Term":"납부자","LastUpdated":"2025-06-04T15:05:16.4108701+09:00"},{"Score":5.14,"Term":"tel","LastUpdated":"2025-06-04T15:05:16.410728+09:00"},{"Score":5.06,"Term":"fax","LastUpdated":"2025-06-04T15:05:16.4108769+09:00"},{"Score":5.02,"Term":"번호","LastUpdated":"2025-06-04T15:05:16.4108415+09:00"},{"Score":4.97,"Term":"받는사람","LastUpdated":"2025-06-04T15:05:16.4108129+09:00"},{"Score":4.97,"Term":"요금후납","LastUpdated":"2025-06-04T15:05:16.4108276+09:00"},{"Score":4.97,"Term":"경상남도함안군가야읍함안대로","LastUpdated":"2025-06-04T15:05:16.4109143+09:00"},{"Score":4.93,"Term":"단속장소","LastUpdated":"2025-06-04T15:05:16.4107629+09:00"},{"Score":4.93,"Term":"단속일시","LastUpdated":"2025-06-04T15:05:16.4108189+09:00"},{"Score":4.9,"Term":"층제나동호","LastUpdated":"2025-06-04T15:05:16.4107196+09:00"},{"Score":4.83,"Term":"보내는사람","LastUpdated":"2025-06-04T15:05:16.4106925+09:00"},{"Score":4.83,"Term":"기초생활수급자","LastUpdated":"2025-06-04T15:05:16.4107814+09:00"},{"Score":4.81,"Term":"주식회사쏘카","LastUpdated":"2025-06-04T15:05:16.4107914+09:00"},{"Score":4.81,"Term":"주식회사쏘카귀하","LastUpdated":"2025-06-04T15:05:16.410847+09:00"},{"Score":4.76,"Term":"부산광역시","LastUpdated":"2025-06-04T15:05:16.4106845+09:00"},{"Score":4.76,"Term":"과국","LastUpdated":"2025-06-04T15:05:16.4107875+09:00"},{"Score":4.76,"Term":"구청자가유골차","LastUpdated":"2025-06-04T15:05:16.4107975+09:00"},{"Score":4.62,"Term":"부산광역시동래구충렬대로","LastUpdated":"2025-06-04T15:05:16.4107042+09:00"},{"Score":4.62,"Term":"과태료감경을위한자료를제출할수있습니다","LastUpdated":"2025-06-04T15:05:16.4108452+09:00"},{"Score":4.62,"Term":"에따른","LastUpdated":"2025-06-04T15:05:16.4109308+09:00"},{"Score":4.58,"Term":"조제","LastUpdated":"2025-06-04T15:05:16.4109258+09:00"},{"Score":4.55,"Term":"사직","LastUpdated":"2025-06-04T15:05:16.4106881+09:00"},{"Score":4.55,"Term":"번길","LastUpdated":"2025-06-04T15:05:16.4108513+09:00"},{"Score":4.52,"Term":"액","LastUpdated":"2025-06-04T15:05:16.4107482+09:00"},{"Score":4.48,"Term":"우편","LastUpdated":"2025-06-04T15:05:16.4109095+09:00"},{"Score":4.48,"Term":"동래구청교통과","LastUpdated":"2025-06-04T15:05:16.4109201+09:00"},{"Score":4.41,"Term":"영수증","LastUpdated":"2025-06-04T15:05:16.4108337+09:00"},{"Score":4.41,"Term":"질서위반행위규제법제","LastUpdated":"2025-06-04T15:05:16.4108552+09:00"},{"Score":4.37,"Term":"근거법규","LastUpdated":"2025-06-04T15:05:16.4107651+09:00"},{"Score":4.37,"Term":"도로교통법제","LastUpdated":"2025-06-04T15:05:16.41089+09:00"},{"Score":4.34,"Term":"환부불필요","LastUpdated":"2025-06-04T15:05:16.410821+09:00"},{"Score":4.33,"Term":"전","LastUpdated":"2025-06-04T15:05:16.4107439+09:00"},{"Score":4.2,"Term":"스마","LastUpdated":"2025-06-04T15:05:16.4109166+09:00"},{"Score":4.16,"Term":"부과내역","LastUpdated":"2025-06-04T15:05:16.4106904+09:00"},{"Score":4.13,"Term":"수납인","LastUpdated":"2025-06-04T15:05:16.4107363+09:00"},{"Score":4.13,"Term":"포","LastUpdated":"2025-06-04T15:05:16.4108093+09:00"},{"Score":4.13,"Term":"느","LastUpdated":"2025-06-04T15:05:16.410883+09:00"},{"Score":4.13,"Term":"히","LastUpdated":"2025-06-04T15:05:16.4108856+09:00"},{"Score":4.13,"Term":"트","LastUpdated":"2025-06-04T15:05:16.4108961+09:00"},{"Score":4.08,"Term":"인","LastUpdated":"2025-06-04T15:05:16.4109028+09:00"},{"Score":4.06,"Term":"항의규정에의하여우리기관이하고자하는처분의내용을통지하오","LastUpdated":"2025-06-04T15:05:16.410823+09:00"},{"Score":4.06,"Term":"꾸의견을제출하여주시기바랍니다","LastUpdated":"2025-06-04T15:05:16.4108612+09:00"},{"Score":3.99,"Term":"감경된과태료를납부한경우부과및징수절차가종료되어의견제출및이의제기를할수없습니다","LastUpdated":"2025-06-04T15:05:16.410724+09:00"},{"Score":3.92,"Term":"주정차위반과태료","LastUpdated":"2025-06-04T15:05:16.410732+09:00"},{"Score":3.85,"Term":"온천동","LastUpdated":"2025-06-04T15:05:16.410894+09:00"},{"Score":3.78,"Term":"화이일","LastUpdated":"2025-06-04T15:05:16.4107175+09:00"},{"Score":3.71,"Term":"성인","LastUpdated":"2025-06-04T15:05:16.4107833+09:00"},{"Score":3.71,"Term":"합","LastUpdated":"2025-06-04T15:05:16.4107958+09:00"},{"Score":3.66,"Term":"납부기한이후수납불가","LastUpdated":"2025-06-04T15:05:16.410754+09:00"},{"Score":3.64,"Term":"신","LastUpdated":"2025-06-04T15:05:16.4108879+09:00"},{"Score":3.52,"Term":"위반사항","LastUpdated":"2025-06-04T15:05:16.4109123+09:00"},{"Score":3.52,"Term":"의견제출","LastUpdated":"2025-06-04T15:05:16.4109353+09:00"},{"Score":3.43,"Term":"감경금액","LastUpdated":"2025-06-04T15:05:16.4107302+09:00"},{"Score":3.42,"Term":"납부기한","LastUpdated":"2025-06-04T15:05:16.4107778+09:00"},{"Score":3.35,"Term":"좌","LastUpdated":"2025-06-04T15:05:16.4107124+09:00"},{"Score":3.23,"Term":"납부금액","LastUpdated":"2025-06-04T15:05:16.4109006+09:00"},{"Score":3.17,"Term":"수협","LastUpdated":"2025-06-04T15:05:16.4107001+09:00"},{"Score":3.08,"Term":"주민신고","LastUpdated":"2025-06-04T15:05:16.4108657+09:00"},{"Score":3.05,"Term":"농협","LastUpdated":"2025-06-04T15:05:16.4108787+09:00"},{"Score":2.94,"Term":"상","LastUpdated":"2025-06-04T15:05:16.4107261+09:00"},{"Score":2.94,"Term":"z","LastUpdated":"2025-06-04T15:05:16.4107733+09:00"},{"Score":2.94,"Term":"계","LastUpdated":"2025-06-04T15:05:16.4108072+09:00"},{"Score":2.94,"Term":"flipti","LastUpdated":"2025-06-04T15:05:16.4109183+09:00"},{"Score":2.94,"Term":"galaxy","LastUpdated":"2025-06-04T15:05:16.4109325+09:00"},{"Score":2.92,"Term":"국민은행","LastUpdated":"2025-06-04T15:05:16.4108252+09:00"},{"Score":2.87,"Term":"과태료금액","LastUpdated":"2025-06-04T15:05:16.4108149+09:00"},{"Score":2.86,"Term":"하나은행","LastUpdated":"2025-06-04T15:05:16.4108493+09:00"},{"Score":2.84,"Term":"우리은행","LastUpdated":"2025-06-04T15:05:16.4108574+09:00"},{"Score":2.82,"Term":"신한은행","LastUpdated":"2025-06-04T15:05:16.4107218+09:00"},{"Score":2.72,"Term":"한","LastUpdated":"2025-06-04T15:05:16.4108726+09:00"},{"Score":2.59,"Term":"부산은행","LastUpdated":"2025-06-04T15:05:16.4108635+09:00"},{"Score":2.52,"Term":"납부기","LastUpdated":"2025-06-04T15:05:16.4107063+09:00"},{"Score":2.42,"Term":"위의금액을영수합니다","LastUpdated":"2025-06-04T15:05:16.4109232+09:00"},{"Score":2.28,"Term":"수납의뢰서","LastUpdated":"2025-06-04T15:05:16.4108678+09:00"},{"Score":2.1,"Term":"부산광역시동래구청장","LastUpdated":"2025-06-04T15:05:16.4107796+09:00"},{"Score":1.89,"Term":"목","LastUpdated":"2025-06-04T15:05:16.4107023+09:00"},{"Score":1.81,"Term":"납기내금액","LastUpdated":"2025-06-04T15:05:16.4108051+09:00"},{"Score":1.68,"Term":"회계과","LastUpdated":"2025-06-04T15:05:16.4107382+09:00"},{"Score":1.64,"Term":"위의금액을수납하여주시기바랍니다","LastUpdated":"2025-06-04T15:05:16.4108396+09:00"},{"Score":1.61,"Term":"층","LastUpdated":"2025-06-04T13:26:53.0108391+09:00"},{"Score":1.44,"Term":"주식회사","LastUpdated":"2025-06-04T15:05:16.4109072+09:00"},{"Score":1.4,"Term":"아하대운하파크","LastUpdated":"2025-06-04T15:05:16.41075+09:00"},{"Score":1.4,"Term":"lla","LastUpdated":"2025-06-04T15:05:16.4107562+09:00"},{"Score":1.4,"Term":"부산광역시동래구청장區","LastUpdated":"2025-06-04T15:05:16.410803+09:00"},{"Score":1.37,"Term":"쏘카","LastUpdated":"2025-06-04T15:05:16.4107155+09:00"},{"Score":1.33,"Term":"귀하께서의견제출기한내에의견제출없이과태료를납부하고자하는경우에는아래의과태료","LastUpdated":"2025-06-04T15:05:16.4106949+09:00"},{"Score":1.33,"Term":"kakadd","LastUpdated":"2025-06-04T15:05:16.41074+09:00"},{"Score":1.31,"Term":"반송불요","LastUpdated":"2025-06-04T13:26:53.0108802+09:00"},{"Score":1.26,"Term":"부고지서를이용하여납부하실수있습니","LastUpdated":"2025-06-04T15:05:16.4108376+09:00"},{"Score":1.24,"Term":"과태료영수필통지서","LastUpdated":"2025-06-04T15:05:16.4107081+09:00"},{"Score":1.19,"Term":"감경됩니다","LastUpdated":"2025-06-04T15:05:16.4107756+09:00"},{"Score":1.19,"Term":"기한내에자진납부하는때에는과태료가","LastUpdated":"2025-06-04T15:05:16.4108594+09:00"},{"Score":1.14,"Term":"기관부서코드","LastUpdated":"2025-06-04T15:05:16.4107994+09:00"},{"Score":1.14,"Term":"연도","LastUpdated":"2025-06-04T15:05:16.4108358+09:00"},{"Score":1.12,"Term":"통지서를폐기하시기바랍니다","LastUpdated":"2025-06-04T15:05:16.4108167+09:00"},{"Score":1.12,"Term":"를하신경우이","LastUpdated":"2025-06-04T15:05:16.4108918+09:00"},{"Score":1.07,"Term":"검","LastUpdated":"2025-06-04T15:05:16.4107584+09:00"},{"Score":1.07,"Term":"과목","LastUpdated":"2025-06-04T15:05:16.4107694+09:00"},{"Score":1.07,"Term":"회계","LastUpdated":"2025-06-04T15:05:16.4108532+09:00"},{"Score":1.07,"Term":"고지번호","LastUpdated":"2025-06-04T15:05:16.4108809+09:00"},{"Score":0.93,"Term":"관악구시설관리공단","LastUpdated":"2025-06-04T13:26:43.1292289+09:00"},{"Score":0.92,"Term":"facilities","LastUpdated":"2025-06-04T13:26:43.1292291+09:00"},{"Score":0.91,"Term":"주민등록번호","LastUpdated":"2025-06-04T15:05:16.410752+09:00"},{"Score":0.91,"Term":"management","LastUpdated":"2025-06-04T13:26:43.1292245+09:00"},{"Score":0.9,"Term":"주","LastUpdated":"2025-06-04T15:05:16.4108298+09:00"},{"Score":0.9,"Term":"서울특별시관악구남부순환로","LastUpdated":"2025-06-04T13:26:43.1292337+09:00"},{"Score":0.84,"Term":"토요일","LastUpdated":"2025-06-04T13:26:53.0108808+09:00"},{"Score":0.83,"Term":"소","LastUpdated":"2025-06-04T15:05:16.4106971+09:00"},{"Score":0.81,"Term":"인천광역시","LastUpdated":"2025-06-04T13:26:53.010863+09:00"},{"Score":0.79,"Term":"교통지도팀","LastUpdated":"2025-06-04T13:26:53.0108454+09:00"},{"Score":0.79,"Term":"corporation","LastUpdated":"2025-06-04T13:26:43.1292197+09:00"},{"Score":0.73,"Term":"공휴일포함","LastUpdated":"2025-06-04T13:26:53.0108886+09:00"},{"Score":0.72,"Term":"복하는곳","LastUpdated":"2025-06-04T13:26:53.0108554+09:00"},{"Score":0.72,"Term":"할수급자","LastUpdated":"2025-06-04T13:26:53.0108852+09:00"},{"Score":0.72,"Term":"이곳을잡고천천히개봉해주십시오","LastUpdated":"2025-06-04T13:26:53.0109114+09:00"},{"Score":0.71,"Term":"과국가유공자","LastUpdated":"2025-06-04T13:26:53.010825+09:00"},{"Score":0.71,"Term":"이곳을천천히개봉하여주십시오","LastUpdated":"2025-06-04T13:26:43.1292212+09:00"},{"Score":0.7,"Term":"대표전화","LastUpdated":"2025-06-04T13:26:43.1292231+09:00"},{"Score":0.7,"Term":"gfmc","LastUpdated":"2025-06-04T13:26:43.1292331+09:00"},{"Score":0.69,"Term":"부번호","LastUpdated":"2025-06-04T13:26:53.0108397+09:00"},{"Score":0.69,"Term":"에따른과태료감경을위한자료를제출할수있습니","LastUpdated":"2025-06-04T13:26:53.0108788+09:00"},{"Score":0.68,"Term":"인천광역시남동구남동대로","LastUpdated":"2025-06-04T13:26:53.0108495+09:00"},{"Score":0.67,"Term":"서울관악우체국","LastUpdated":"2025-06-04T13:26:43.129222+09:00"},{"Score":0.67,"Term":"지로번호","LastUpdated":"2025-06-04T13:26:43.1292269+09:00"},{"Score":0.66,"Term":"발행일자","LastUpdated":"2025-06-04T15:05:16.4107936+09:00"},{"Score":0.66,"Term":"우","LastUpdated":"2025-06-04T13:26:53.010834+09:00"},{"Score":0.66,"Term":"전화","LastUpdated":"2025-06-04T13:26:53.0108517+09:00"},{"Score":0.66,"Term":"국","LastUpdated":"2025-06-04T13:26:53.010873+09:00"},{"Score":0.66,"Term":"체","LastUpdated":"2025-06-04T13:26:53.0108983+09:00"},{"Score":0.66,"Term":"팩스","LastUpdated":"2025-06-04T13:26:53.0109101+09:00"},{"Score":0.63,"Term":"일제작","LastUpdated":"2025-06-04T13:26:53.0108361+09:00"},{"Score":0.63,"Term":"인천광역시교통행정통합민원서비스","LastUpdated":"2025-06-04T13:26:53.0108988+09:00"},{"Score":0.63,"Term":"의견제출양식","LastUpdated":"2025-06-04T13:26:53.0109015+09:00"},{"Score":0.63,"Term":"성동구","LastUpdated":"2025-06-04T13:26:43.1292184+09:00"},{"Score":0.63,"Term":"서울특별시","LastUpdated":"2025-06-04T13:26:43.1292228+09:00"},{"Score":0.62,"Term":"왕십리로","LastUpdated":"2025-06-04T13:26:43.129232+09:00"},{"Score":0.62,"Term":"주차요금미납시압류예고","LastUpdated":"2025-06-04T13:26:43.1292324+09:00"},{"Score":0.61,"Term":"전용차로통행위반차단속과태료","LastUpdated":"2025-06-04T13:26:53.0108664+09:00"},{"Score":0.61,"Term":"민원이용안내서식자료실참조","LastUpdated":"2025-06-04T13:26:53.0108703+09:00"},{"Score":0.61,"Term":"통보후압류절차진행","LastUpdated":"2025-06-04T13:26:43.1292221+09:00"},{"Score":0.61,"Term":"디타워동","LastUpdated":"2025-06-04T13:26:43.1292299+09:00"},{"Score":0.6,"Term":"간석동금호어울림앞","LastUpdated":"2025-06-04T13:26:53.0109094+09:00"},{"Score":0.59,"Term":"위의금액을영수하였음을통보합니다","LastUpdated":"2025-06-04T15:05:16.4108013+09:00"},{"Score":0.59,"Term":"인하로","LastUpdated":"2025-06-04T13:26:53.0108697+09:00"},{"Score":0.59,"Term":"매소홀로","LastUpdated":"2025-06-04T13:26:53.0109128+09:00"},{"Score":0.59,"Term":"귀하","LastUpdated":"2025-06-04T13:26:43.1292233+09:00"},{"Score":0.59,"Term":"거주자우선주차부정주차요금부과고지서","LastUpdated":"2025-06-04T13:26:43.1292314+09:00"},{"Score":0.58,"Term":"출퇴근제버스전용차로","LastUpdated":"2025-06-04T13:26:53.0108723+09:00"},{"Score":0.56,"Term":"최초과태료","LastUpdated":"2025-06-04T13:26:53.0108232+09:00"},{"Score":0.56,"Term":"공휴일제외","LastUpdated":"2025-06-04T13:26:53.0108767+09:00"},{"Score":0.56,"Term":"량으로서울특별시관악구주차장설치및관리조례제","LastUpdated":"2025-06-04T13:26:43.1292344+09:00"},{"Score":0.55,"Term":"최종금액","LastUpdated":"2025-06-04T13:26:53.0108532+09:00"},{"Score":0.55,"Term":"에의거납부청구서가발부","LastUpdated":"2025-06-04T13:26:43.1292195+09:00"},{"Score":0.54,"Term":"연미길","LastUpdated":"2025-06-04T13:26:53.0108418+09:00"},{"Score":0.54,"Term":"제주특별자치도제주시","LastUpdated":"2025-06-04T13:26:53.0109058+09:00"},{"Score":0.54,"Term":"되었으니납부기한내에납부하시기바랍니다","LastUpdated":"2025-06-04T13:26:43.1292218+09:00"},{"Score":0.52,"Term":"cctv","LastUpdated":"2025-06-04T13:26:53.0108285+09:00"},{"Score":0.52,"Term":"고정형","LastUpdated":"2025-06-04T13:26:53.0108489+09:00"},{"Score":0.52,"Term":"귀하의재산","LastUpdated":"2025-06-04T13:26:43.1292254+09:00"},{"Score":0.52,"Term":"을압류하고강제징수","LastUpdated":"2025-06-04T13:26:43.1292312+09:00"},{"Score":0.51,"Term":"절차를곧바로진행할것임을알려드립니다","LastUpdated":"2025-06-04T13:26:43.1292265+09:00"},{"Score":0.5,"Term":"계좌이체","LastUpdated":"2025-06-04T13:26:43.1292267+09:00"},{"Score":0.5,"Term":"인터넷카드결제","LastUpdated":"2025-06-04T13:26:43.1292296+09:00"},{"Score":0.47,"Term":"차량번호","LastUpdated":"2025-06-04T13:26:43.1292242+09:00"},{"Score":0.46,"Term":"수납불가","LastUpdated":"2025-06-04T13:26:53.0108774+09:00"},{"Score":0.46,"Term":"납부기한이후","LastUpdated":"2025-06-04T13:26:53.0109107+09:00"},{"Score":0.46,"Term":"팩","LastUpdated":"2025-06-04T13:26:43.1292236+09:00"},{"Score":0.46,"Term":"스","LastUpdated":"2025-06-04T13:26:43.129224+09:00"},{"Score":0.46,"Term":"명","LastUpdated":"2025-06-04T13:26:43.1292271+09:00"},{"Score":0.46,"Term":"성","LastUpdated":"2025-06-04T13:26:43.1292322+09:00"},{"Score":0.45,"Term":"항","LastUpdated":"2025-06-04T13:26:53.0108304+09:00"},{"Score":0.45,"Term":"지로영수증","LastUpdated":"2025-06-04T13:26:43.1292224+09:00"},{"Score":0.45,"Term":"수","LastUpdated":"2025-06-04T13:26:43.129223+09:00"},{"Score":0.45,"Term":"금융결제원승인","LastUpdated":"2025-06-04T13:26:43.1292286+09:00"},{"Score":0.44,"Term":"세외수입","LastUpdated":"2025-06-04T15:05:16.4109287+09:00"},{"Score":0.44,"Term":"버스전용차로","LastUpdated":"2025-06-04T13:26:53.0108934+09:00"},{"Score":0.43,"Term":"ocr","LastUpdated":"2025-06-04T13:26:43.1292332+09:00"},{"Score":0.42,"Term":"부산광역시동래구청장귀하","LastUpdated":"2025-06-04T15:05:16.4107712+09:00"},{"Score":0.41,"Term":"상계","LastUpdated":"2025-06-04T13:26:53.0108368+09:00"},{"Score":0.41,"Term":"지로통지서","LastUpdated":"2025-06-04T13:26:43.1292307+09:00"},{"Score":0.4,"Term":"원","LastUpdated":"2025-06-04T13:26:43.1292201+09:00"},{"Score":0.4,"Term":"인터넷지로","LastUpdated":"2025-06-04T13:26:43.1292293+09:00"},{"Score":0.4,"Term":"고","LastUpdated":"2025-06-04T13:26:43.129231+09:00"},{"Score":0.4,"Term":"금액","LastUpdated":"2025-06-04T13:26:43.1292318+09:00"},{"Score":0.39,"Term":"code","LastUpdated":"2025-06-04T13:26:43.1292274+09:00"},{"Score":0.39,"Term":"c","LastUpdated":"2025-06-04T13:26:43.1292277+09:00"},{"Score":0.39,"Term":"인터넷뱅킹","LastUpdated":"2025-06-04T13:26:43.129228+09:00"},{"Score":0.39,"Term":"객","LastUpdated":"2025-06-04T13:26:43.1292284+09:00"},{"Score":0.39,"Term":"전은행","LastUpdated":"2025-06-04T13:26:43.1292294+09:00"},{"Score":0.39,"Term":"금","LastUpdated":"2025-06-04T13:26:43.1292297+09:00"},{"Score":0.39,"Term":"icl","LastUpdated":"2025-06-04T13:26:43.1292338+09:00"},{"Score":0.39,"Term":"회","LastUpdated":"2025-06-04T13:26:43.1292342+09:00"},{"Score":0.38,"Term":"새마을금고","LastUpdated":"2025-06-04T13:26:43.1292252+09:00"},{"Score":0.38,"Term":"신용협동조합","LastUpdated":"2025-06-04T13:26:43.1292257+09:00"},{"Score":0.38,"Term":"우체국","LastUpdated":"2025-06-04T13:26:43.1292335+09:00"},{"Score":0.37,"Term":"산림조합중앙회","LastUpdated":"2025-06-04T13:26:43.1292216+09:00"},{"Score":0.36,"Term":"기업은행","LastUpdated":"2025-06-04T13:26:53.0109079+09:00"},{"Score":0.36,"Term":"금융투자회사","LastUpdated":"2025-06-04T13:26:43.1292255+09:00"},{"Score":0.34,"Term":"위금액을정히영수합니다","LastUpdated":"2025-06-04T13:26:43.1292193+09:00"},{"Score":0.34,"Term":"관악구시설관리공","LastUpdated":"2025-06-04T13:26:43.1292247+09:00"},{"Score":0.33,"Term":"gwanakiga","LastUpdated":"2025-06-04T13:26:43.1292208+09:00"},{"Score":0.32,"Term":"corpor","LastUpdated":"2025-06-04T13:26:43.1292178+09:00"},{"Score":0.31,"Term":"관한특별법제","LastUpdated":"2025-06-04T13:26:53.0108216+09:00"},{"Score":0.31,"Term":"인천광역","LastUpdated":"2025-06-04T13:26:53.0108432+09:00"},{"Score":0.31,"Term":"계의건설및운영에","LastUpdated":"2025-06-04T13:26:53.0108475+09:00"},{"Score":0.31,"Term":"간선급행버스체","LastUpdated":"2025-06-04T13:26:53.0108815+09:00"},{"Score":0.3,"Term":"귀하께서의견제출기한내에","LastUpdated":"2025-06-04T13:26:53.0108374+09:00"},{"Score":0.3,"Term":"수있습니다","LastUpdated":"2025-06-04T13:26:53.010851+09:00"},{"Score":0.3,"Term":"하여","LastUpdated":"2025-06-04T13:26:53.0108637+09:00"},{"Score":0.3,"Term":"납부하실","LastUpdated":"2025-06-04T13:26:53.0108738+09:00"},{"Score":0.3,"Term":"의견제출없이과태료를납부하고자하는경우에는아래의과태료납부고지서를이용","LastUpdated":"2025-06-04T13:26:53.0108828+09:00"},{"Score":0.29,"Term":"인천광역시장시장이이","LastUpdated":"2025-06-04T13:26:53.0108609+09:00"},{"Score":0.28,"Term":"기한내에자진납부하는때에는의견진술은자동종료됩니다","LastUpdated":"2025-06-04T13:26:53.0108794+09:00"},{"Score":0.27,"Term":"통지서를폐기하시기바랍","LastUpdated":"2025-06-04T13:26:53.0108593+09:00"},{"Score":0.27,"Term":"자진납부를하신경우이","LastUpdated":"2025-06-04T13:26:53.010867+09:00"},{"Score":0.26,"Term":"니다","LastUpdated":"2025-06-04T13:26:53.0108258+09:00"},{"Score":0.26,"Term":"금융기관","LastUpdated":"2025-06-04T13:26:53.0108752+09:00"},{"Score":0.26,"Term":"상호저축은행","LastUpdated":"2025-06-04T13:26:43.1292223+09:00"},{"Score":0.25,"Term":"납부","LastUpdated":"2025-06-04T13:26:53.0108717+09:00"},{"Score":0.25,"Term":"一","LastUpdated":"2025-06-04T13:26:53.0108844+09:00"},{"Score":0.25,"Term":"보관용","LastUpdated":"2025-06-04T13:26:53.0109072+09:00"},{"Score":0.23,"Term":"로처리되므로구겨지거나위난이더럽혀지지않도록주의하여","LastUpdated":"2025-06-04T13:26:43.1292187+09:00"},{"Score":0.23,"Term":"종이는","LastUpdated":"2025-06-04T13:26:43.129234+09:00"},{"Score":0.22,"Term":"주십시오","LastUpdated":"2025-06-04T13:26:43.1292303+09:00"},{"Score":0.21,"Term":"세","LastUpdated":"2025-06-04T13:26:53.010854+09:00"},{"Score":0.2,"Term":"부기","LastUpdated":"2025-06-04T13:26:53.0108745+09:00"},{"Score":0.18,"Term":"자납","LastUpdated":"2025-06-04T13:26:53.0108914+09:00"},{"Score":0.17,"Term":"인천광역시징","LastUpdated":"2025-06-04T13:26:53.0108859+09:00"},{"Score":0.17,"Term":"은행","LastUpdated":"2025-06-04T13:26:43.129221+09:00"},{"Score":0.17,"Term":"상호저축","LastUpdated":"2025-06-04T13:26:43.1292317+09:00"},{"Score":0.16,"Term":"시장이이","LastUpdated":"2025-06-04T13:26:53.0108242+09:00"},{"Score":0.14,"Term":"분","LastUpdated":"2025-06-04T13:26:43.1292301+09:00"},{"Score":0.14,"Term":"시","LastUpdated":"2025-06-04T13:26:43.1292333+09:00"},{"Score":0.13,"Term":"제주특별자치도제주시연미길","LastUpdated":"2025-06-04T13:26:53.0109037+09:00"},{"Score":0.11,"Term":"입금계좌","LastUpdated":"2025-06-04T13:26:43.1292191+09:00"},{"Score":0.09,"Term":"인천광역시장귀하","LastUpdated":"2025-06-04T13:26:53.0108927+09:00"},{"Score":0.08,"Term":"gem","LastUpdated":"2025-06-04T13:26:43.1292315+09:00"},{"Score":0.07,"Term":"납부번호","LastUpdated":"2025-06-04T13:26:53.0108996+09:00"},{"Score":0.06,"Term":"후수납불가","LastUpdated":"2025-06-04T13:26:53.0108325+09:00"},{"Score":0.06,"Term":"납부기한이","LastUpdated":"2025-06-04T13:26:53.0108354+09:00"},{"Score":0.05,"Term":"이곳을납부하기전에","LastUpdated":"2025-06-04T13:26:43.1292326+09:00"},{"Score":0.04,"Term":"절단하십시오","LastUpdated":"2025-06-04T13:26:43.1292305+09:00"}]},"RestOfPagesVector":{"VectorId":"Socar.NoCategory.고지서_1.RestOfPages","DocumentCount":9,"TermsWithScores":[]},"ParentVectorId":"Socar.NoCategory.고지서","VectorId":"Socar.NoCategory.고지서_1","DocumentCount":9,"TermsWithScores":[{"Score":7.13,"Term":"납","LastUpdated":"2025-06-04T15:05:16.4113834+09:00"},{"Score":6.04,"Term":"부","LastUpdated":"2025-06-04T15:05:16.4114441+09:00"},{"Score":5.77,"Term":"조","LastUpdated":"2025-06-04T15:05:16.4115966+09:00"},{"Score":5.62,"Term":"호","LastUpdated":"2025-06-04T15:05:16.4113966+09:00"},{"Score":5.55,"Term":"한부모가족보호대상자","LastUpdated":"2025-06-04T15:05:16.4113564+09:00"},{"Score":5.54,"Term":"장애인","LastUpdated":"2025-06-04T15:05:16.4116272+09:00"},{"Score":5.41,"Term":"부과대상","LastUpdated":"2025-06-04T15:05:16.411414+09:00"},{"Score":5.39,"Term":"동래","LastUpdated":"2025-06-04T15:05:16.4114485+09:00"},{"Score":5.39,"Term":"급이상","LastUpdated":"2025-06-04T15:05:16.4114952+09:00"},{"Score":5.39,"Term":"미성년자는의견제출기간에시행령제","LastUpdated":"2025-06-04T15:05:16.4115075+09:00"},{"Score":5.32,"Term":"부산광역시동래구","LastUpdated":"2025-06-04T15:05:16.4113915+09:00"},{"Score":5.32,"Term":"조의","LastUpdated":"2025-06-04T15:05:16.4114235+09:00"},{"Score":5.24,"Term":"과태료","LastUpdated":"2025-06-04T15:05:16.4115891+09:00"},{"Score":5.22,"Term":"번","LastUpdated":"2025-06-04T15:05:16.4115625+09:00"},{"Score":5.16,"Term":"납부자","LastUpdated":"2025-06-04T15:05:16.4115378+09:00"},{"Score":5.14,"Term":"tel","LastUpdated":"2025-06-04T15:05:16.4113758+09:00"},{"Score":5.06,"Term":"fax","LastUpdated":"2025-06-04T15:05:16.4115648+09:00"},{"Score":5.02,"Term":"번호","LastUpdated":"2025-06-04T15:05:16.4115056+09:00"},{"Score":4.97,"Term":"받는사람","LastUpdated":"2025-06-04T15:05:16.4114738+09:00"},{"Score":4.97,"Term":"요금후납","LastUpdated":"2025-06-04T15:05:16.4114904+09:00"},{"Score":4.97,"Term":"경상남도함안군가야읍함안대로","LastUpdated":"2025-06-04T15:05:16.411606+09:00"},{"Score":4.93,"Term":"단속장소","LastUpdated":"2025-06-04T15:05:16.411418+09:00"},{"Score":4.93,"Term":"단속일시","LastUpdated":"2025-06-04T15:05:16.4114807+09:00"},{"Score":4.9,"Term":"층제나동호","LastUpdated":"2025-06-04T15:05:16.4113659+09:00"},{"Score":4.83,"Term":"보내는사람","LastUpdated":"2025-06-04T15:05:16.4113382+09:00"},{"Score":4.83,"Term":"기초생활수급자","LastUpdated":"2025-06-04T15:05:16.4114389+09:00"},{"Score":4.81,"Term":"주식회사쏘카","LastUpdated":"2025-06-04T15:05:16.4114508+09:00"},{"Score":4.81,"Term":"주식회사쏘카귀하","LastUpdated":"2025-06-04T15:05:16.4115111+09:00"},{"Score":4.76,"Term":"부산광역시","LastUpdated":"2025-06-04T15:05:16.4113296+09:00"},{"Score":4.76,"Term":"과국","LastUpdated":"2025-06-04T15:05:16.4114463+09:00"},{"Score":4.76,"Term":"구청자가유골차","LastUpdated":"2025-06-04T15:05:16.4114578+09:00"},{"Score":4.62,"Term":"부산광역시동래구충렬대로","LastUpdated":"2025-06-04T15:05:16.4113503+09:00"},{"Score":4.62,"Term":"과태료감경을위한자료를제출할수있습니다","LastUpdated":"2025-06-04T15:05:16.4115094+09:00"},{"Score":4.62,"Term":"에따른","LastUpdated":"2025-06-04T15:05:16.4116208+09:00"},{"Score":4.58,"Term":"조제","LastUpdated":"2025-06-04T15:05:16.411616+09:00"},{"Score":4.55,"Term":"사직","LastUpdated":"2025-06-04T15:05:16.4113331+09:00"},{"Score":4.55,"Term":"번길","LastUpdated":"2025-06-04T15:05:16.4115161+09:00"},{"Score":4.52,"Term":"액","LastUpdated":"2025-06-04T15:05:16.4113991+09:00"},{"Score":4.48,"Term":"우편","LastUpdated":"2025-06-04T15:05:16.4116015+09:00"},{"Score":4.48,"Term":"동래구청교통과","LastUpdated":"2025-06-04T15:05:16.4116119+09:00"},{"Score":4.41,"Term":"영수증","LastUpdated":"2025-06-04T15:05:16.4114974+09:00"},{"Score":4.41,"Term":"질서위반행위규제법제","LastUpdated":"2025-06-04T15:05:16.4115204+09:00"},{"Score":4.37,"Term":"근거법규","LastUpdated":"2025-06-04T15:05:16.4114208+09:00"},{"Score":4.37,"Term":"도로교통법제","LastUpdated":"2025-06-04T15:05:16.41158+09:00"},{"Score":4.34,"Term":"환부불필요","LastUpdated":"2025-06-04T15:05:16.4114829+09:00"},{"Score":4.33,"Term":"전","LastUpdated":"2025-06-04T15:05:16.4113942+09:00"},{"Score":4.2,"Term":"스마","LastUpdated":"2025-06-04T15:05:16.4116083+09:00"},{"Score":4.16,"Term":"부과내역","LastUpdated":"2025-06-04T15:05:16.4113359+09:00"},{"Score":4.13,"Term":"수납인","LastUpdated":"2025-06-04T15:05:16.4113858+09:00"},{"Score":4.13,"Term":"포","LastUpdated":"2025-06-04T15:05:16.4114711+09:00"},{"Score":4.13,"Term":"느","LastUpdated":"2025-06-04T15:05:16.4115723+09:00"},{"Score":4.13,"Term":"히","LastUpdated":"2025-06-04T15:05:16.4115753+09:00"},{"Score":4.13,"Term":"트","LastUpdated":"2025-06-04T15:05:16.4115868+09:00"},{"Score":4.08,"Term":"인","LastUpdated":"2025-06-04T15:05:16.4115941+09:00"},{"Score":4.06,"Term":"항의규정에의하여우리기관이하고자하는처분의내용을통지하오","LastUpdated":"2025-06-04T15:05:16.411485+09:00"},{"Score":4.06,"Term":"꾸의견을제출하여주시기바랍니다","LastUpdated":"2025-06-04T15:05:16.411527+09:00"},{"Score":3.99,"Term":"감경된과태료를납부한경우부과및징수절차가종료되어의견제출및이의제기를할수없습니다","LastUpdated":"2025-06-04T15:05:16.4113713+09:00"},{"Score":3.92,"Term":"주정차위반과태료","LastUpdated":"2025-06-04T15:05:16.4113807+09:00"},{"Score":3.85,"Term":"온천동","LastUpdated":"2025-06-04T15:05:16.4115842+09:00"},{"Score":3.78,"Term":"화이일","LastUpdated":"2025-06-04T15:05:16.4113635+09:00"},{"Score":3.71,"Term":"성인","LastUpdated":"2025-06-04T15:05:16.4114414+09:00"},{"Score":3.71,"Term":"합","LastUpdated":"2025-06-04T15:05:16.411456+09:00"},{"Score":3.66,"Term":"납부기한이후수납불가","LastUpdated":"2025-06-04T15:05:16.4114066+09:00"},{"Score":3.64,"Term":"신","LastUpdated":"2025-06-04T15:05:16.4115779+09:00"},{"Score":3.52,"Term":"위반사항","LastUpdated":"2025-06-04T15:05:16.4116043+09:00"},{"Score":3.52,"Term":"의견제출","LastUpdated":"2025-06-04T15:05:16.4116251+09:00"},{"Score":3.43,"Term":"감경금액","LastUpdated":"2025-06-04T15:05:16.411379+09:00"},{"Score":3.42,"Term":"납부기한","LastUpdated":"2025-06-04T15:05:16.411435+09:00"},{"Score":3.35,"Term":"좌","LastUpdated":"2025-06-04T15:05:16.4113591+09:00"},{"Score":3.23,"Term":"납부금액","LastUpdated":"2025-06-04T15:05:16.4115918+09:00"},{"Score":3.17,"Term":"수협","LastUpdated":"2025-06-04T15:05:16.4113457+09:00"},{"Score":3.08,"Term":"주민신고","LastUpdated":"2025-06-04T15:05:16.4115322+09:00"},{"Score":3.05,"Term":"농협","LastUpdated":"2025-06-04T15:05:16.411567+09:00"},{"Score":2.94,"Term":"상","LastUpdated":"2025-06-04T15:05:16.4113741+09:00"},{"Score":2.94,"Term":"z","LastUpdated":"2025-06-04T15:05:16.4114299+09:00"},{"Score":2.94,"Term":"계","LastUpdated":"2025-06-04T15:05:16.4114684+09:00"},{"Score":2.94,"Term":"flipti","LastUpdated":"2025-06-04T15:05:16.4116101+09:00"},{"Score":2.94,"Term":"galaxy","LastUpdated":"2025-06-04T15:05:16.4116225+09:00"},{"Score":2.92,"Term":"국민은행","LastUpdated":"2025-06-04T15:05:16.4114877+09:00"},{"Score":2.87,"Term":"과태료금액","LastUpdated":"2025-06-04T15:05:16.411476+09:00"},{"Score":2.86,"Term":"하나은행","LastUpdated":"2025-06-04T15:05:16.4115138+09:00"},{"Score":2.84,"Term":"우리은행","LastUpdated":"2025-06-04T15:05:16.4115232+09:00"},{"Score":2.82,"Term":"신한은행","LastUpdated":"2025-06-04T15:05:16.4113691+09:00"},{"Score":2.72,"Term":"한","LastUpdated":"2025-06-04T15:05:16.4115407+09:00"},{"Score":2.59,"Term":"부산은행","LastUpdated":"2025-06-04T15:05:16.4115296+09:00"},{"Score":2.52,"Term":"납부기","LastUpdated":"2025-06-04T15:05:16.4113528+09:00"},{"Score":2.42,"Term":"위의금액을영수합니다","LastUpdated":"2025-06-04T15:05:16.4116138+09:00"},{"Score":2.28,"Term":"수납의뢰서","LastUpdated":"2025-06-04T15:05:16.4115345+09:00"},{"Score":2.1,"Term":"부산광역시동래구청장","LastUpdated":"2025-06-04T15:05:16.4114369+09:00"},{"Score":1.89,"Term":"목","LastUpdated":"2025-06-04T15:05:16.4113484+09:00"},{"Score":1.81,"Term":"납기내금액","LastUpdated":"2025-06-04T15:05:16.4114658+09:00"},{"Score":1.68,"Term":"회계과","LastUpdated":"2025-06-04T15:05:16.411388+09:00"},{"Score":1.64,"Term":"위의금액을수납하여주시기바랍니다","LastUpdated":"2025-06-04T15:05:16.4115033+09:00"},{"Score":1.61,"Term":"층","LastUpdated":"2025-06-04T13:26:53.0111058+09:00"},{"Score":1.44,"Term":"주식회사","LastUpdated":"2025-06-04T15:05:16.4115993+09:00"},{"Score":1.4,"Term":"아하대운하파크","LastUpdated":"2025-06-04T15:05:16.4114009+09:00"},{"Score":1.4,"Term":"lla","LastUpdated":"2025-06-04T15:05:16.4114084+09:00"},{"Score":1.4,"Term":"부산광역시동래구청장區","LastUpdated":"2025-06-04T15:05:16.4114635+09:00"},{"Score":1.37,"Term":"쏘카","LastUpdated":"2025-06-04T15:05:16.4113613+09:00"},{"Score":1.33,"Term":"귀하께서의견제출기한내에의견제출없이과태료를납부하고자하는경우에는아래의과태료","LastUpdated":"2025-06-04T15:05:16.4113404+09:00"},{"Score":1.33,"Term":"kakadd","LastUpdated":"2025-06-04T15:05:16.4113898+09:00"},{"Score":1.31,"Term":"반송불요","LastUpdated":"2025-06-04T13:26:53.0111489+09:00"},{"Score":1.26,"Term":"부고지서를이용하여납부하실수있습니","LastUpdated":"2025-06-04T15:05:16.4115014+09:00"},{"Score":1.24,"Term":"과태료영수필통지서","LastUpdated":"2025-06-04T15:05:16.4113545+09:00"},{"Score":1.19,"Term":"감경됩니다","LastUpdated":"2025-06-04T15:05:16.4114322+09:00"},{"Score":1.19,"Term":"기한내에자진납부하는때에는과태료가","LastUpdated":"2025-06-04T15:05:16.4115251+09:00"},{"Score":1.14,"Term":"기관부서코드","LastUpdated":"2025-06-04T15:05:16.4114599+09:00"},{"Score":1.14,"Term":"연도","LastUpdated":"2025-06-04T15:05:16.4114996+09:00"},{"Score":1.12,"Term":"통지서를폐기하시기바랍니다","LastUpdated":"2025-06-04T15:05:16.4114778+09:00"},{"Score":1.12,"Term":"를하신경우이","LastUpdated":"2025-06-04T15:05:16.411582+09:00"},{"Score":1.07,"Term":"검","LastUpdated":"2025-06-04T15:05:16.4114111+09:00"},{"Score":1.07,"Term":"과목","LastUpdated":"2025-06-04T15:05:16.4114259+09:00"},{"Score":1.07,"Term":"회계","LastUpdated":"2025-06-04T15:05:16.4115182+09:00"},{"Score":1.07,"Term":"고지번호","LastUpdated":"2025-06-04T15:05:16.4115697+09:00"},{"Score":0.93,"Term":"관악구시설관리공단","LastUpdated":"2025-06-04T13:26:43.1293955+09:00"},{"Score":0.92,"Term":"facilities","LastUpdated":"2025-06-04T13:26:43.1293957+09:00"},{"Score":0.91,"Term":"주민등록번호","LastUpdated":"2025-06-04T15:05:16.4114045+09:00"},{"Score":0.91,"Term":"management","LastUpdated":"2025-06-04T13:26:43.1293908+09:00"},{"Score":0.9,"Term":"주","LastUpdated":"2025-06-04T15:05:16.4114929+09:00"},{"Score":0.9,"Term":"서울특별시관악구남부순환로","LastUpdated":"2025-06-04T13:26:43.129401+09:00"},{"Score":0.84,"Term":"토요일","LastUpdated":"2025-06-04T13:26:53.0111496+09:00"},{"Score":0.83,"Term":"소","LastUpdated":"2025-06-04T15:05:16.4113434+09:00"},{"Score":0.81,"Term":"인천광역시","LastUpdated":"2025-06-04T13:26:53.011131+09:00"},{"Score":0.79,"Term":"교통지도팀","LastUpdated":"2025-06-04T13:26:53.0111124+09:00"},{"Score":0.79,"Term":"corporation","LastUpdated":"2025-06-04T13:26:43.1293854+09:00"},{"Score":0.73,"Term":"공휴일포함","LastUpdated":"2025-06-04T13:26:53.0111586+09:00"},{"Score":0.72,"Term":"복하는곳","LastUpdated":"2025-06-04T13:26:53.0111235+09:00"},{"Score":0.72,"Term":"할수급자","LastUpdated":"2025-06-04T13:26:53.0111541+09:00"},{"Score":0.72,"Term":"이곳을잡고천천히개봉해주십시오","LastUpdated":"2025-06-04T13:26:53.0111813+09:00"},{"Score":0.71,"Term":"과국가유공자","LastUpdated":"2025-06-04T13:26:53.0110915+09:00"},{"Score":0.71,"Term":"이곳을천천히개봉하여주십시오","LastUpdated":"2025-06-04T13:26:43.1293868+09:00"},{"Score":0.7,"Term":"대표전화","LastUpdated":"2025-06-04T13:26:43.1293893+09:00"},{"Score":0.7,"Term":"gfmc","LastUpdated":"2025-06-04T13:26:43.1294003+09:00"},{"Score":0.69,"Term":"부번호","LastUpdated":"2025-06-04T13:26:53.0111064+09:00"},{"Score":0.69,"Term":"에따른과태료감경을위한자료를제출할수있습니","LastUpdated":"2025-06-04T13:26:53.0111474+09:00"},{"Score":0.68,"Term":"인천광역시남동구남동대로","LastUpdated":"2025-06-04T13:26:53.0111167+09:00"},{"Score":0.67,"Term":"서울관악우체국","LastUpdated":"2025-06-04T13:26:43.129388+09:00"},{"Score":0.67,"Term":"지로번호","LastUpdated":"2025-06-04T13:26:43.1293928+09:00"},{"Score":0.66,"Term":"발행일자","LastUpdated":"2025-06-04T15:05:16.4114535+09:00"},{"Score":0.66,"Term":"우","LastUpdated":"2025-06-04T13:26:53.0111005+09:00"},{"Score":0.66,"Term":"전화","LastUpdated":"2025-06-04T13:26:53.0111196+09:00"},{"Score":0.66,"Term":"국","LastUpdated":"2025-06-04T13:26:53.0111413+09:00"},{"Score":0.66,"Term":"체","LastUpdated":"2025-06-04T13:26:53.0111678+09:00"},{"Score":0.66,"Term":"팩스","LastUpdated":"2025-06-04T13:26:53.01118+09:00"},{"Score":0.63,"Term":"일제작","LastUpdated":"2025-06-04T13:26:53.0111027+09:00"},{"Score":0.63,"Term":"인천광역시교통행정통합민원서비스","LastUpdated":"2025-06-04T13:26:53.0111684+09:00"},{"Score":0.63,"Term":"의견제출양식","LastUpdated":"2025-06-04T13:26:53.0111711+09:00"},{"Score":0.63,"Term":"성동구","LastUpdated":"2025-06-04T13:26:43.1293842+09:00"},{"Score":0.63,"Term":"서울특별시","LastUpdated":"2025-06-04T13:26:43.1293889+09:00"},{"Score":0.62,"Term":"왕십리로","LastUpdated":"2025-06-04T13:26:43.1293992+09:00"},{"Score":0.62,"Term":"주차요금미납시압류예고","LastUpdated":"2025-06-04T13:26:43.1293996+09:00"},{"Score":0.61,"Term":"전용차로통행위반차단속과태료","LastUpdated":"2025-06-04T13:26:53.0111345+09:00"},{"Score":0.61,"Term":"민원이용안내서식자료실참조","LastUpdated":"2025-06-04T13:26:53.0111384+09:00"},{"Score":0.61,"Term":"통보후압류절차진행","LastUpdated":"2025-06-04T13:26:43.1293882+09:00"},{"Score":0.61,"Term":"디타워동","LastUpdated":"2025-06-04T13:26:43.1293966+09:00"},{"Score":0.6,"Term":"간석동금호어울림앞","LastUpdated":"2025-06-04T13:26:53.0111793+09:00"},{"Score":0.59,"Term":"위의금액을영수하였음을통보합니다","LastUpdated":"2025-06-04T15:05:16.4114617+09:00"},{"Score":0.59,"Term":"인하로","LastUpdated":"2025-06-04T13:26:53.0111378+09:00"},{"Score":0.59,"Term":"매소홀로","LastUpdated":"2025-06-04T13:26:53.0111829+09:00"},{"Score":0.59,"Term":"귀하","LastUpdated":"2025-06-04T13:26:43.1293895+09:00"},{"Score":0.59,"Term":"거주자우선주차부정주차요금부과고지서","LastUpdated":"2025-06-04T13:26:43.1293985+09:00"},{"Score":0.58,"Term":"출퇴근제버스전용차로","LastUpdated":"2025-06-04T13:26:53.0111404+09:00"},{"Score":0.56,"Term":"최초과태료","LastUpdated":"2025-06-04T13:26:53.0110899+09:00"},{"Score":0.56,"Term":"공휴일제외","LastUpdated":"2025-06-04T13:26:53.0111451+09:00"},{"Score":0.56,"Term":"량으로서울특별시관악구주차장설치및관리조례제","LastUpdated":"2025-06-04T13:26:43.1294018+09:00"},{"Score":0.55,"Term":"최종금액","LastUpdated":"2025-06-04T13:26:53.0111212+09:00"},{"Score":0.55,"Term":"에의거납부청구서가발부","LastUpdated":"2025-06-04T13:26:43.1293852+09:00"},{"Score":0.54,"Term":"연미길","LastUpdated":"2025-06-04T13:26:53.0111087+09:00"},{"Score":0.54,"Term":"제주특별자치도제주시","LastUpdated":"2025-06-04T13:26:53.0111756+09:00"},{"Score":0.54,"Term":"되었으니납부기한내에납부하시기바랍니다","LastUpdated":"2025-06-04T13:26:43.1293878+09:00"},{"Score":0.52,"Term":"cctv","LastUpdated":"2025-06-04T13:26:53.011095+09:00"},{"Score":0.52,"Term":"고정형","LastUpdated":"2025-06-04T13:26:53.0111161+09:00"},{"Score":0.52,"Term":"귀하의재산","LastUpdated":"2025-06-04T13:26:43.1293918+09:00"},{"Score":0.52,"Term":"을압류하고강제징수","LastUpdated":"2025-06-04T13:26:43.1293983+09:00"},{"Score":0.51,"Term":"절차를곧바로진행할것임을알려드립니다","LastUpdated":"2025-06-04T13:26:43.1293925+09:00"},{"Score":0.5,"Term":"계좌이체","LastUpdated":"2025-06-04T13:26:43.1293927+09:00"},{"Score":0.5,"Term":"인터넷카드결제","LastUpdated":"2025-06-04T13:26:43.1293962+09:00"},{"Score":0.47,"Term":"차량번호","LastUpdated":"2025-06-04T13:26:43.1293905+09:00"},{"Score":0.46,"Term":"수납불가","LastUpdated":"2025-06-04T13:26:53.0111459+09:00"},{"Score":0.46,"Term":"납부기한이후","LastUpdated":"2025-06-04T13:26:53.0111807+09:00"},{"Score":0.46,"Term":"팩","LastUpdated":"2025-06-04T13:26:43.1293898+09:00"},{"Score":0.46,"Term":"스","LastUpdated":"2025-06-04T13:26:43.1293902+09:00"},{"Score":0.46,"Term":"명","LastUpdated":"2025-06-04T13:26:43.1293936+09:00"},{"Score":0.46,"Term":"성","LastUpdated":"2025-06-04T13:26:43.1293994+09:00"},{"Score":0.45,"Term":"항","LastUpdated":"2025-06-04T13:26:53.0110968+09:00"},{"Score":0.45,"Term":"지로영수증","LastUpdated":"2025-06-04T13:26:43.1293886+09:00"},{"Score":0.45,"Term":"수","LastUpdated":"2025-06-04T13:26:43.1293891+09:00"},{"Score":0.45,"Term":"금융결제원승인","LastUpdated":"2025-06-04T13:26:43.1293952+09:00"},{"Score":0.44,"Term":"세외수입","LastUpdated":"2025-06-04T15:05:16.4116186+09:00"},{"Score":0.44,"Term":"버스전용차로","LastUpdated":"2025-06-04T13:26:53.0111635+09:00"},{"Score":0.43,"Term":"ocr","LastUpdated":"2025-06-04T13:26:43.1294005+09:00"},{"Score":0.42,"Term":"부산광역시동래구청장귀하","LastUpdated":"2025-06-04T15:05:16.4114278+09:00"},{"Score":0.41,"Term":"상계","LastUpdated":"2025-06-04T13:26:53.0111035+09:00"},{"Score":0.41,"Term":"지로통지서","LastUpdated":"2025-06-04T13:26:43.1293978+09:00"},{"Score":0.4,"Term":"원","LastUpdated":"2025-06-04T13:26:43.1293858+09:00"},{"Score":0.4,"Term":"인터넷지로","LastUpdated":"2025-06-04T13:26:43.1293959+09:00"},{"Score":0.4,"Term":"고","LastUpdated":"2025-06-04T13:26:43.1293981+09:00"},{"Score":0.4,"Term":"금액","LastUpdated":"2025-06-04T13:26:43.1293991+09:00"},{"Score":0.39,"Term":"code","LastUpdated":"2025-06-04T13:26:43.1293939+09:00"},{"Score":0.39,"Term":"c","LastUpdated":"2025-06-04T13:26:43.1293942+09:00"},{"Score":0.39,"Term":"인터넷뱅킹","LastUpdated":"2025-06-04T13:26:43.1293946+09:00"},{"Score":0.39,"Term":"객","LastUpdated":"2025-06-04T13:26:43.129395+09:00"},{"Score":0.39,"Term":"전은행","LastUpdated":"2025-06-04T13:26:43.129396+09:00"},{"Score":0.39,"Term":"금","LastUpdated":"2025-06-04T13:26:43.1293964+09:00"},{"Score":0.39,"Term":"icl","LastUpdated":"2025-06-04T13:26:43.1294012+09:00"},{"Score":0.39,"Term":"회","LastUpdated":"2025-06-04T13:26:43.1294016+09:00"},{"Score":0.38,"Term":"새마을금고","LastUpdated":"2025-06-04T13:26:43.1293916+09:00"},{"Score":0.38,"Term":"신용협동조합","LastUpdated":"2025-06-04T13:26:43.1293921+09:00"},{"Score":0.38,"Term":"우체국","LastUpdated":"2025-06-04T13:26:43.1294008+09:00"},{"Score":0.37,"Term":"산림조합중앙회","LastUpdated":"2025-06-04T13:26:43.1293876+09:00"},{"Score":0.36,"Term":"기업은행","LastUpdated":"2025-06-04T13:26:53.0111777+09:00"},{"Score":0.36,"Term":"금융투자회사","LastUpdated":"2025-06-04T13:26:43.1293919+09:00"},{"Score":0.34,"Term":"위금액을정히영수합니다","LastUpdated":"2025-06-04T13:26:43.129385+09:00"},{"Score":0.34,"Term":"관악구시설관리공","LastUpdated":"2025-06-04T13:26:43.129391+09:00"},{"Score":0.33,"Term":"gwanakiga","LastUpdated":"2025-06-04T13:26:43.1293865+09:00"},{"Score":0.32,"Term":"corpor","LastUpdated":"2025-06-04T13:26:43.1293837+09:00"},{"Score":0.31,"Term":"관한특별법제","LastUpdated":"2025-06-04T13:26:53.0110889+09:00"},{"Score":0.31,"Term":"인천광역","LastUpdated":"2025-06-04T13:26:53.0111101+09:00"},{"Score":0.31,"Term":"계의건설및운영에","LastUpdated":"2025-06-04T13:26:53.0111146+09:00"},{"Score":0.31,"Term":"간선급행버스체","LastUpdated":"2025-06-04T13:26:53.0111503+09:00"},{"Score":0.3,"Term":"귀하께서의견제출기한내에","LastUpdated":"2025-06-04T13:26:53.0111041+09:00"},{"Score":0.3,"Term":"수있습니다","LastUpdated":"2025-06-04T13:26:53.0111188+09:00"},{"Score":0.3,"Term":"하여","LastUpdated":"2025-06-04T13:26:53.0111317+09:00"},{"Score":0.3,"Term":"납부하실","LastUpdated":"2025-06-04T13:26:53.0111421+09:00"},{"Score":0.3,"Term":"의견제출없이과태료를납부하고자하는경우에는아래의과태료납부고지서를이용","LastUpdated":"2025-06-04T13:26:53.0111516+09:00"},{"Score":0.29,"Term":"인천광역시장시장이이","LastUpdated":"2025-06-04T13:26:53.0111288+09:00"},{"Score":0.28,"Term":"기한내에자진납부하는때에는의견진술은자동종료됩니다","LastUpdated":"2025-06-04T13:26:53.011148+09:00"},{"Score":0.27,"Term":"통지서를폐기하시기바랍","LastUpdated":"2025-06-04T13:26:53.0111276+09:00"},{"Score":0.27,"Term":"자진납부를하신경우이","LastUpdated":"2025-06-04T13:26:53.011135+09:00"},{"Score":0.26,"Term":"니다","LastUpdated":"2025-06-04T13:26:53.0110922+09:00"},{"Score":0.26,"Term":"금융기관","LastUpdated":"2025-06-04T13:26:53.0111436+09:00"},{"Score":0.26,"Term":"상호저축은행","LastUpdated":"2025-06-04T13:26:43.1293884+09:00"},{"Score":0.25,"Term":"납부","LastUpdated":"2025-06-04T13:26:53.0111398+09:00"},{"Score":0.25,"Term":"一","LastUpdated":"2025-06-04T13:26:53.0111533+09:00"},{"Score":0.25,"Term":"보관용","LastUpdated":"2025-06-04T13:26:53.011177+09:00"},{"Score":0.23,"Term":"로처리되므로구겨지거나위난이더럽혀지지않도록주의하여","LastUpdated":"2025-06-04T13:26:43.1293844+09:00"},{"Score":0.23,"Term":"종이는","LastUpdated":"2025-06-04T13:26:43.1294014+09:00"},{"Score":0.22,"Term":"주십시오","LastUpdated":"2025-06-04T13:26:43.1293974+09:00"},{"Score":0.21,"Term":"세","LastUpdated":"2025-06-04T13:26:53.011122+09:00"},{"Score":0.2,"Term":"부기","LastUpdated":"2025-06-04T13:26:53.0111428+09:00"},{"Score":0.18,"Term":"자납","LastUpdated":"2025-06-04T13:26:53.0111614+09:00"},{"Score":0.17,"Term":"인천광역시징","LastUpdated":"2025-06-04T13:26:53.0111548+09:00"},{"Score":0.17,"Term":"은행","LastUpdated":"2025-06-04T13:26:43.1293866+09:00"},{"Score":0.17,"Term":"상호저축","LastUpdated":"2025-06-04T13:26:43.1293989+09:00"},{"Score":0.16,"Term":"시장이이","LastUpdated":"2025-06-04T13:26:53.0110908+09:00"},{"Score":0.14,"Term":"분","LastUpdated":"2025-06-04T13:26:43.1293972+09:00"},{"Score":0.14,"Term":"시","LastUpdated":"2025-06-04T13:26:43.1294006+09:00"},{"Score":0.13,"Term":"제주특별자치도제주시연미길","LastUpdated":"2025-06-04T13:26:53.0111733+09:00"},{"Score":0.11,"Term":"입금계좌","LastUpdated":"2025-06-04T13:26:43.1293848+09:00"},{"Score":0.09,"Term":"인천광역시장귀하","LastUpdated":"2025-06-04T13:26:53.0111628+09:00"},{"Score":0.08,"Term":"gem","LastUpdated":"2025-06-04T13:26:43.1293987+09:00"},{"Score":0.07,"Term":"납부번호","LastUpdated":"2025-06-04T13:26:53.0111692+09:00"},{"Score":0.06,"Term":"후수납불가","LastUpdated":"2025-06-04T13:26:53.011099+09:00"},{"Score":0.06,"Term":"납부기한이","LastUpdated":"2025-06-04T13:26:53.011102+09:00"},{"Score":0.05,"Term":"이곳을납부하기전에","LastUpdated":"2025-06-04T13:26:43.1293998+09:00"},{"Score":0.04,"Term":"절단하십시오","LastUpdated":"2025-06-04T13:26:43.1293976+09:00"}]}],"TotalDocumentLength":19334,"PageCount":1,"FirstPageVector":{"VectorId":"Socar.NoCategory.고지서.FirstPage","DocumentCount":9,"TermsWithScores":[{"Score":7.13,"Term":"납","LastUpdated":"2025-06-04T15:05:16.4052168+09:00"},{"Score":6.04,"Term":"부","LastUpdated":"2025-06-04T15:05:16.4052562+09:00"},{"Score":5.77,"Term":"조","LastUpdated":"2025-06-04T15:05:16.4053402+09:00"},{"Score":5.62,"Term":"호","LastUpdated":"2025-06-04T15:05:16.4052253+09:00"},{"Score":5.55,"Term":"한부모가족보호대상자","LastUpdated":"2025-06-04T15:05:16.4051988+09:00"},{"Score":5.54,"Term":"장애인","LastUpdated":"2025-06-04T15:05:16.40536+09:00"},{"Score":5.41,"Term":"부과대상","LastUpdated":"2025-06-04T15:05:16.4052378+09:00"},{"Score":5.39,"Term":"동래","LastUpdated":"2025-06-04T15:05:16.4052592+09:00"},{"Score":5.39,"Term":"급이상","LastUpdated":"2025-06-04T15:05:16.4052886+09:00"},{"Score":5.39,"Term":"미성년자는의견제출기간에시행령제","LastUpdated":"2025-06-04T15:05:16.4052971+09:00"},{"Score":5.32,"Term":"부산광역시동래구","LastUpdated":"2025-06-04T15:05:16.4052223+09:00"},{"Score":5.32,"Term":"조의","LastUpdated":"2025-06-04T15:05:16.4052427+09:00"},{"Score":5.24,"Term":"과태료","LastUpdated":"2025-06-04T15:05:16.4053357+09:00"},{"Score":5.22,"Term":"번","LastUpdated":"2025-06-04T15:05:16.4053194+09:00"},{"Score":5.16,"Term":"납부자","LastUpdated":"2025-06-04T15:05:16.4053165+09:00"},{"Score":5.14,"Term":"tel","LastUpdated":"2025-06-04T15:05:16.405212+09:00"},{"Score":5.06,"Term":"fax","LastUpdated":"2025-06-04T15:05:16.4053207+09:00"},{"Score":5.02,"Term":"번호","LastUpdated":"2025-06-04T15:05:16.4052956+09:00"},{"Score":4.97,"Term":"받는사람","LastUpdated":"2025-06-04T15:05:16.4052752+09:00"},{"Score":4.97,"Term":"요금후납","LastUpdated":"2025-06-04T15:05:16.4052856+09:00"},{"Score":4.97,"Term":"경상남도함안군가야읍함안대로","LastUpdated":"2025-06-04T15:05:16.4053461+09:00"},{"Score":4.93,"Term":"단속장소","LastUpdated":"2025-06-04T15:05:16.4052394+09:00"},{"Score":4.93,"Term":"단속일시","LastUpdated":"2025-06-04T15:05:16.4052795+09:00"},{"Score":4.9,"Term":"층제나동호","LastUpdated":"2025-06-04T15:05:16.4052051+09:00"},{"Score":4.83,"Term":"보내는사람","LastUpdated":"2025-06-04T15:05:16.4051821+09:00"},{"Score":4.83,"Term":"기초생활수급자","LastUpdated":"2025-06-04T15:05:16.4052532+09:00"},{"Score":4.81,"Term":"주식회사쏘카","LastUpdated":"2025-06-04T15:05:16.4052608+09:00"},{"Score":4.81,"Term":"주식회사쏘카귀하","LastUpdated":"2025-06-04T15:05:16.4052997+09:00"},{"Score":4.76,"Term":"부산광역시","LastUpdated":"2025-06-04T15:05:16.4051279+09:00"},{"Score":4.76,"Term":"과국","LastUpdated":"2025-06-04T15:05:16.4052578+09:00"},{"Score":4.76,"Term":"구청자가유골차","LastUpdated":"2025-06-04T15:05:16.4052651+09:00"},{"Score":4.62,"Term":"부산광역시동래구충렬대로","LastUpdated":"2025-06-04T15:05:16.4051943+09:00"},{"Score":4.62,"Term":"과태료감경을위한자료를제출할수있습니다","LastUpdated":"2025-06-04T15:05:16.4052985+09:00"},{"Score":4.62,"Term":"에따른","LastUpdated":"2025-06-04T15:05:16.4053558+09:00"},{"Score":4.58,"Term":"조제","LastUpdated":"2025-06-04T15:05:16.405353+09:00"},{"Score":4.55,"Term":"사직","LastUpdated":"2025-06-04T15:05:16.4051783+09:00"},{"Score":4.55,"Term":"번길","LastUpdated":"2025-06-04T15:05:16.4053029+09:00"},{"Score":4.52,"Term":"액","LastUpdated":"2025-06-04T15:05:16.4052282+09:00"},{"Score":4.48,"Term":"우편","LastUpdated":"2025-06-04T15:05:16.4053433+09:00"},{"Score":4.48,"Term":"동래구청교통과","LastUpdated":"2025-06-04T15:05:16.4053502+09:00"},{"Score":4.41,"Term":"영수증","LastUpdated":"2025-06-04T15:05:16.40529+09:00"},{"Score":4.41,"Term":"질서위반행위규제법제","LastUpdated":"2025-06-04T15:05:16.4053056+09:00"},{"Score":4.37,"Term":"근거법규","LastUpdated":"2025-06-04T15:05:16.405241+09:00"},{"Score":4.37,"Term":"도로교통법제","LastUpdated":"2025-06-04T15:05:16.4053299+09:00"},{"Score":4.34,"Term":"환부불필요","LastUpdated":"2025-06-04T15:05:16.4052809+09:00"},{"Score":4.33,"Term":"전","LastUpdated":"2025-06-04T15:05:16.4052239+09:00"},{"Score":4.2,"Term":"스마","LastUpdated":"2025-06-04T15:05:16.4053475+09:00"},{"Score":4.16,"Term":"부과내역","LastUpdated":"2025-06-04T15:05:16.4051804+09:00"},{"Score":4.13,"Term":"수납인","LastUpdated":"2025-06-04T15:05:16.4052183+09:00"},{"Score":4.13,"Term":"포","LastUpdated":"2025-06-04T15:05:16.4052736+09:00"},{"Score":4.13,"Term":"느","LastUpdated":"2025-06-04T15:05:16.4053252+09:00"},{"Score":4.13,"Term":"히","LastUpdated":"2025-06-04T15:05:16.405327+09:00"},{"Score":4.13,"Term":"트","LastUpdated":"2025-06-04T15:05:16.4053342+09:00"},{"Score":4.08,"Term":"인","LastUpdated":"2025-06-04T15:05:16.4053388+09:00"},{"Score":4.06,"Term":"항의규정에의하여우리기관이하고자하는처분의내용을통지하오","LastUpdated":"2025-06-04T15:05:16.4052826+09:00"},{"Score":4.06,"Term":"꾸의견을제출하여주시기바랍니다","LastUpdated":"2025-06-04T15:05:16.4053101+09:00"},{"Score":3.99,"Term":"감경된과태료를납부한경우부과및징수절차가종료되어의견제출및이의제기를할수없습니다","LastUpdated":"2025-06-04T15:05:16.4052088+09:00"},{"Score":3.92,"Term":"주정차위반과태료","LastUpdated":"2025-06-04T15:05:16.4052153+09:00"},{"Score":3.85,"Term":"온천동","LastUpdated":"2025-06-04T15:05:16.4053328+09:00"},{"Score":3.78,"Term":"화이일","LastUpdated":"2025-06-04T15:05:16.4052035+09:00"},{"Score":3.71,"Term":"성인","LastUpdated":"2025-06-04T15:05:16.4052547+09:00"},{"Score":3.71,"Term":"합","LastUpdated":"2025-06-04T15:05:16.4052638+09:00"},{"Score":3.66,"Term":"납부기한이후수납불가","LastUpdated":"2025-06-04T15:05:16.4052324+09:00"},{"Score":3.64,"Term":"신","LastUpdated":"2025-06-04T15:05:16.4053285+09:00"},{"Score":3.52,"Term":"위반사항","LastUpdated":"2025-06-04T15:05:16.4053448+09:00"},{"Score":3.52,"Term":"의견제출","LastUpdated":"2025-06-04T15:05:16.4053586+09:00"},{"Score":3.43,"Term":"감경금액","LastUpdated":"2025-06-04T15:05:16.405214+09:00"},{"Score":3.42,"Term":"납부기한","LastUpdated":"2025-06-04T15:05:16.4052505+09:00"},{"Score":3.35,"Term":"좌","LastUpdated":"2025-06-04T15:05:16.4052005+09:00"},{"Score":3.23,"Term":"납부금액","LastUpdated":"2025-06-04T15:05:16.4053373+09:00"},{"Score":3.17,"Term":"수협","LastUpdated":"2025-06-04T15:05:16.4051911+09:00"},{"Score":3.08,"Term":"주민신고","LastUpdated":"2025-06-04T15:05:16.4053135+09:00"},{"Score":3.05,"Term":"농협","LastUpdated":"2025-06-04T15:05:16.4053221+09:00"},{"Score":2.94,"Term":"상","LastUpdated":"2025-06-04T15:05:16.4052104+09:00"},{"Score":2.94,"Term":"z","LastUpdated":"2025-06-04T15:05:16.4052473+09:00"},{"Score":2.94,"Term":"계","LastUpdated":"2025-06-04T15:05:16.4052722+09:00"},{"Score":2.94,"Term":"flipti","LastUpdated":"2025-06-04T15:05:16.4053488+09:00"},{"Score":2.94,"Term":"galaxy","LastUpdated":"2025-06-04T15:05:16.4053571+09:00"},{"Score":2.92,"Term":"국민은행","LastUpdated":"2025-06-04T15:05:16.4052841+09:00"},{"Score":2.87,"Term":"과태료금액","LastUpdated":"2025-06-04T15:05:16.4052766+09:00"},{"Score":2.86,"Term":"하나은행","LastUpdated":"2025-06-04T15:05:16.4053013+09:00"},{"Score":2.84,"Term":"우리은행","LastUpdated":"2025-06-04T15:05:16.4053072+09:00"},{"Score":2.82,"Term":"신한은행","LastUpdated":"2025-06-04T15:05:16.4052069+09:00"},{"Score":2.72,"Term":"한","LastUpdated":"2025-06-04T15:05:16.405318+09:00"},{"Score":2.59,"Term":"부산은행","LastUpdated":"2025-06-04T15:05:16.4053118+09:00"},{"Score":2.52,"Term":"납부기","LastUpdated":"2025-06-04T15:05:16.405196+09:00"},{"Score":2.42,"Term":"위의금액을영수합니다","LastUpdated":"2025-06-04T15:05:16.4053515+09:00"},{"Score":2.28,"Term":"수납의뢰서","LastUpdated":"2025-06-04T15:05:16.4053149+09:00"},{"Score":2.1,"Term":"부산광역시동래구청장","LastUpdated":"2025-06-04T15:05:16.405252+09:00"},{"Score":1.89,"Term":"목","LastUpdated":"2025-06-04T15:05:16.4051929+09:00"},{"Score":1.81,"Term":"납기내금액","LastUpdated":"2025-06-04T15:05:16.4052707+09:00"},{"Score":1.68,"Term":"회계과","LastUpdated":"2025-06-04T15:05:16.4052197+09:00"},{"Score":1.64,"Term":"위의금액을수납하여주시기바랍니다","LastUpdated":"2025-06-04T15:05:16.4052942+09:00"},{"Score":1.61,"Term":"층","LastUpdated":"2025-06-04T13:26:53.0097275+09:00"},{"Score":1.44,"Term":"주식회사","LastUpdated":"2025-06-04T15:05:16.4053418+09:00"},{"Score":1.4,"Term":"아하대운하파크","LastUpdated":"2025-06-04T15:05:16.4052296+09:00"},{"Score":1.4,"Term":"lla","LastUpdated":"2025-06-04T15:05:16.4052346+09:00"},{"Score":1.4,"Term":"부산광역시동래구청장區","LastUpdated":"2025-06-04T15:05:16.4052692+09:00"},{"Score":1.37,"Term":"쏘카","LastUpdated":"2025-06-04T15:05:16.405202+09:00"},{"Score":1.33,"Term":"귀하께서의견제출기한내에의견제출없이과태료를납부하고자하는경우에는아래의과태료","LastUpdated":"2025-06-04T15:05:16.4051863+09:00"},{"Score":1.33,"Term":"kakadd","LastUpdated":"2025-06-04T15:05:16.4052211+09:00"},{"Score":1.31,"Term":"반송불요","LastUpdated":"2025-06-04T13:26:53.0097748+09:00"},{"Score":1.26,"Term":"부고지서를이용하여납부하실수있습니","LastUpdated":"2025-06-04T15:05:16.4052927+09:00"},{"Score":1.24,"Term":"과태료영수필통지서","LastUpdated":"2025-06-04T15:05:16.4051973+09:00"},{"Score":1.19,"Term":"감경됩니다","LastUpdated":"2025-06-04T15:05:16.4052488+09:00"},{"Score":1.19,"Term":"기한내에자진납부하는때에는과태료가","LastUpdated":"2025-06-04T15:05:16.4053085+09:00"},{"Score":1.14,"Term":"기관부서코드","LastUpdated":"2025-06-04T15:05:16.4052665+09:00"},{"Score":1.14,"Term":"연도","LastUpdated":"2025-06-04T15:05:16.4052914+09:00"},{"Score":1.12,"Term":"통지서를폐기하시기바랍니다","LastUpdated":"2025-06-04T15:05:16.4052779+09:00"},{"Score":1.12,"Term":"를하신경우이","LastUpdated":"2025-06-04T15:05:16.4053313+09:00"},{"Score":1.07,"Term":"검","LastUpdated":"2025-06-04T15:05:16.405236+09:00"},{"Score":1.07,"Term":"과목","LastUpdated":"2025-06-04T15:05:16.4052442+09:00"},{"Score":1.07,"Term":"회계","LastUpdated":"2025-06-04T15:05:16.4053043+09:00"},{"Score":1.07,"Term":"고지번호","LastUpdated":"2025-06-04T15:05:16.4053237+09:00"},{"Score":0.93,"Term":"관악구시설관리공단","LastUpdated":"2025-06-04T13:26:43.1255641+09:00"},{"Score":0.92,"Term":"facilities","LastUpdated":"2025-06-04T13:26:43.1255642+09:00"},{"Score":0.91,"Term":"주민등록번호","LastUpdated":"2025-06-04T15:05:16.405231+09:00"},{"Score":0.91,"Term":"management","LastUpdated":"2025-06-04T13:26:43.1255591+09:00"},{"Score":0.9,"Term":"주","LastUpdated":"2025-06-04T15:05:16.4052871+09:00"},{"Score":0.9,"Term":"서울특별시관악구남부순환로","LastUpdated":"2025-06-04T13:26:43.1255692+09:00"},{"Score":0.84,"Term":"토요일","LastUpdated":"2025-06-04T13:26:53.0097754+09:00"},{"Score":0.83,"Term":"소","LastUpdated":"2025-06-04T15:05:16.4051895+09:00"},{"Score":0.81,"Term":"인천광역시","LastUpdated":"2025-06-04T13:26:53.0097565+09:00"},{"Score":0.79,"Term":"교통지도팀","LastUpdated":"2025-06-04T13:26:53.0097382+09:00"},{"Score":0.79,"Term":"corporation","LastUpdated":"2025-06-04T13:26:43.1255535+09:00"},{"Score":0.73,"Term":"공휴일포함","LastUpdated":"2025-06-04T13:26:53.0097836+09:00"},{"Score":0.72,"Term":"복하는곳","LastUpdated":"2025-06-04T13:26:53.0097489+09:00"},{"Score":0.72,"Term":"할수급자","LastUpdated":"2025-06-04T13:26:53.00978+09:00"},{"Score":0.72,"Term":"이곳을잡고천천히개봉해주십시오","LastUpdated":"2025-06-04T13:26:53.0098069+09:00"},{"Score":0.71,"Term":"과국가유공자","LastUpdated":"2025-06-04T13:26:53.0097104+09:00"},{"Score":0.71,"Term":"이곳을천천히개봉하여주십시오","LastUpdated":"2025-06-04T13:26:43.1255552+09:00"},{"Score":0.7,"Term":"대표전화","LastUpdated":"2025-06-04T13:26:43.1255575+09:00"},{"Score":0.7,"Term":"gfmc","LastUpdated":"2025-06-04T13:26:43.1255685+09:00"},{"Score":0.69,"Term":"부번호","LastUpdated":"2025-06-04T13:26:53.0097283+09:00"},{"Score":0.69,"Term":"에따른과태료감경을위한자료를제출할수있습니","LastUpdated":"2025-06-04T13:26:53.0097732+09:00"},{"Score":0.68,"Term":"인천광역시남동구남동대로","LastUpdated":"2025-06-04T13:26:53.0097425+09:00"},{"Score":0.67,"Term":"서울관악우체국","LastUpdated":"2025-06-04T13:26:43.1255562+09:00"},{"Score":0.67,"Term":"지로번호","LastUpdated":"2025-06-04T13:26:43.1255612+09:00"},{"Score":0.66,"Term":"발행일자","LastUpdated":"2025-06-04T15:05:16.4052624+09:00"},{"Score":0.66,"Term":"우","LastUpdated":"2025-06-04T13:26:53.0097217+09:00"},{"Score":0.66,"Term":"전화","LastUpdated":"2025-06-04T13:26:53.0097449+09:00"},{"Score":0.66,"Term":"국","LastUpdated":"2025-06-04T13:26:53.0097673+09:00"},{"Score":0.66,"Term":"체","LastUpdated":"2025-06-04T13:26:53.0097928+09:00"},{"Score":0.66,"Term":"팩스","LastUpdated":"2025-06-04T13:26:53.0098056+09:00"},{"Score":0.63,"Term":"일제작","LastUpdated":"2025-06-04T13:26:53.0097242+09:00"},{"Score":0.63,"Term":"인천광역시교통행정통합민원서비스","LastUpdated":"2025-06-04T13:26:53.0097934+09:00"},{"Score":0.63,"Term":"의견제출양식","LastUpdated":"2025-06-04T13:26:53.0097961+09:00"},{"Score":0.63,"Term":"성동구","LastUpdated":"2025-06-04T13:26:43.1255516+09:00"},{"Score":0.63,"Term":"서울특별시","LastUpdated":"2025-06-04T13:26:43.1255572+09:00"},{"Score":0.62,"Term":"왕십리로","LastUpdated":"2025-06-04T13:26:43.1255674+09:00"},{"Score":0.62,"Term":"주차요금미납시압류예고","LastUpdated":"2025-06-04T13:26:43.1255678+09:00"},{"Score":0.61,"Term":"전용차로통행위반차단속과태료","LastUpdated":"2025-06-04T13:26:53.00976+09:00"},{"Score":0.61,"Term":"민원이용안내서식자료실참조","LastUpdated":"2025-06-04T13:26:53.0097646+09:00"},{"Score":0.61,"Term":"통보후압류절차진행","LastUpdated":"2025-06-04T13:26:43.1255563+09:00"},{"Score":0.61,"Term":"디타워동","LastUpdated":"2025-06-04T13:26:43.1255651+09:00"},{"Score":0.6,"Term":"간석동금호어울림앞","LastUpdated":"2025-06-04T13:26:53.0098049+09:00"},{"Score":0.59,"Term":"위의금액을영수하였음을통보합니다","LastUpdated":"2025-06-04T15:05:16.4052679+09:00"},{"Score":0.59,"Term":"인하로","LastUpdated":"2025-06-04T13:26:53.009764+09:00"},{"Score":0.59,"Term":"매소홀로","LastUpdated":"2025-06-04T13:26:53.0098085+09:00"},{"Score":0.59,"Term":"귀하","LastUpdated":"2025-06-04T13:26:43.1255577+09:00"},{"Score":0.59,"Term":"거주자우선주차부정주차요금부과고지서","LastUpdated":"2025-06-04T13:26:43.1255667+09:00"},{"Score":0.58,"Term":"출퇴근제버스전용차로","LastUpdated":"2025-06-04T13:26:53.0097665+09:00"},{"Score":0.56,"Term":"최초과태료","LastUpdated":"2025-06-04T13:26:53.0097083+09:00"},{"Score":0.56,"Term":"공휴일제외","LastUpdated":"2025-06-04T13:26:53.009771+09:00"},{"Score":0.56,"Term":"량으로서울특별시관악구주차장설치및관리조례제","LastUpdated":"2025-06-04T13:26:43.12557+09:00"},{"Score":0.55,"Term":"최종금액","LastUpdated":"2025-06-04T13:26:53.0097465+09:00"},{"Score":0.55,"Term":"에의거납부청구서가발부","LastUpdated":"2025-06-04T13:26:43.1255533+09:00"},{"Score":0.54,"Term":"연미길","LastUpdated":"2025-06-04T13:26:53.0097307+09:00"},{"Score":0.54,"Term":"제주특별자치도제주시","LastUpdated":"2025-06-04T13:26:53.0098011+09:00"},{"Score":0.54,"Term":"되었으니납부기한내에납부하시기바랍니다","LastUpdated":"2025-06-04T13:26:43.1255559+09:00"},{"Score":0.52,"Term":"cctv","LastUpdated":"2025-06-04T13:26:53.0097152+09:00"},{"Score":0.52,"Term":"고정형","LastUpdated":"2025-06-04T13:26:53.0097419+09:00"},{"Score":0.52,"Term":"귀하의재산","LastUpdated":"2025-06-04T13:26:43.1255601+09:00"},{"Score":0.52,"Term":"을압류하고강제징수","LastUpdated":"2025-06-04T13:26:43.1255665+09:00"},{"Score":0.51,"Term":"절차를곧바로진행할것임을알려드립니다","LastUpdated":"2025-06-04T13:26:43.1255609+09:00"},{"Score":0.5,"Term":"계좌이체","LastUpdated":"2025-06-04T13:26:43.125561+09:00"},{"Score":0.5,"Term":"인터넷카드결제","LastUpdated":"2025-06-04T13:26:43.1255648+09:00"},{"Score":0.47,"Term":"차량번호","LastUpdated":"2025-06-04T13:26:43.1255587+09:00"},{"Score":0.46,"Term":"수납불가","LastUpdated":"2025-06-04T13:26:53.0097718+09:00"},{"Score":0.46,"Term":"납부기한이후","LastUpdated":"2025-06-04T13:26:53.0098063+09:00"},{"Score":0.46,"Term":"팩","LastUpdated":"2025-06-04T13:26:43.1255581+09:00"},{"Score":0.46,"Term":"스","LastUpdated":"2025-06-04T13:26:43.1255585+09:00"},{"Score":0.46,"Term":"명","LastUpdated":"2025-06-04T13:26:43.1255614+09:00"},{"Score":0.46,"Term":"성","LastUpdated":"2025-06-04T13:26:43.1255675+09:00"},{"Score":0.45,"Term":"항","LastUpdated":"2025-06-04T13:26:53.0097175+09:00"},{"Score":0.45,"Term":"지로영수증","LastUpdated":"2025-06-04T13:26:43.1255567+09:00"},{"Score":0.45,"Term":"수","LastUpdated":"2025-06-04T13:26:43.1255573+09:00"},{"Score":0.45,"Term":"금융결제원승인","LastUpdated":"2025-06-04T13:26:43.1255637+09:00"},{"Score":0.44,"Term":"세외수입","LastUpdated":"2025-06-04T15:05:16.4053544+09:00"},{"Score":0.44,"Term":"버스전용차로","LastUpdated":"2025-06-04T13:26:53.0097885+09:00"},{"Score":0.43,"Term":"ocr","LastUpdated":"2025-06-04T13:26:43.1255687+09:00"},{"Score":0.42,"Term":"부산광역시동래구청장귀하","LastUpdated":"2025-06-04T15:05:16.4052456+09:00"},{"Score":0.41,"Term":"상계","LastUpdated":"2025-06-04T13:26:53.0097249+09:00"},{"Score":0.41,"Term":"지로통지서","LastUpdated":"2025-06-04T13:26:43.1255659+09:00"},{"Score":0.4,"Term":"원","LastUpdated":"2025-06-04T13:26:43.125554+09:00"},{"Score":0.4,"Term":"인터넷지로","LastUpdated":"2025-06-04T13:26:43.1255644+09:00"},{"Score":0.4,"Term":"고","LastUpdated":"2025-06-04T13:26:43.1255663+09:00"},{"Score":0.4,"Term":"금액","LastUpdated":"2025-06-04T13:26:43.1255672+09:00"},{"Score":0.39,"Term":"code","LastUpdated":"2025-06-04T13:26:43.1255618+09:00"},{"Score":0.39,"Term":"c","LastUpdated":"2025-06-04T13:26:43.1255621+09:00"},{"Score":0.39,"Term":"인터넷뱅킹","LastUpdated":"2025-06-04T13:26:43.1255631+09:00"},{"Score":0.39,"Term":"객","LastUpdated":"2025-06-04T13:26:43.1255635+09:00"},{"Score":0.39,"Term":"전은행","LastUpdated":"2025-06-04T13:26:43.1255646+09:00"},{"Score":0.39,"Term":"금","LastUpdated":"2025-06-04T13:26:43.1255649+09:00"},{"Score":0.39,"Term":"icl","LastUpdated":"2025-06-04T13:26:43.1255694+09:00"},{"Score":0.39,"Term":"회","LastUpdated":"2025-06-04T13:26:43.1255697+09:00"},{"Score":0.38,"Term":"새마을금고","LastUpdated":"2025-06-04T13:26:43.1255599+09:00"},{"Score":0.38,"Term":"신용협동조합","LastUpdated":"2025-06-04T13:26:43.1255605+09:00"},{"Score":0.38,"Term":"우체국","LastUpdated":"2025-06-04T13:26:43.125569+09:00"},{"Score":0.37,"Term":"산림조합중앙회","LastUpdated":"2025-06-04T13:26:43.1255557+09:00"},{"Score":0.36,"Term":"기업은행","LastUpdated":"2025-06-04T13:26:53.0098034+09:00"},{"Score":0.36,"Term":"금융투자회사","LastUpdated":"2025-06-04T13:26:43.1255603+09:00"},{"Score":0.34,"Term":"위금액을정히영수합니다","LastUpdated":"2025-06-04T13:26:43.125553+09:00"},{"Score":0.34,"Term":"관악구시설관리공","LastUpdated":"2025-06-04T13:26:43.1255593+09:00"},{"Score":0.33,"Term":"gwanakiga","LastUpdated":"2025-06-04T13:26:43.1255548+09:00"},{"Score":0.32,"Term":"corpor","LastUpdated":"2025-06-04T13:26:43.1255025+09:00"},{"Score":0.31,"Term":"관한특별법제","LastUpdated":"2025-06-04T13:26:53.0097055+09:00"},{"Score":0.31,"Term":"인천광역","LastUpdated":"2025-06-04T13:26:53.0097323+09:00"},{"Score":0.31,"Term":"계의건설및운영에","LastUpdated":"2025-06-04T13:26:53.0097404+09:00"},{"Score":0.31,"Term":"간선급행버스체","LastUpdated":"2025-06-04T13:26:53.0097761+09:00"},{"Score":0.3,"Term":"귀하께서의견제출기한내에","LastUpdated":"2025-06-04T13:26:53.0097255+09:00"},{"Score":0.3,"Term":"수있습니다","LastUpdated":"2025-06-04T13:26:53.0097442+09:00"},{"Score":0.3,"Term":"하여","LastUpdated":"2025-06-04T13:26:53.0097572+09:00"},{"Score":0.3,"Term":"납부하실","LastUpdated":"2025-06-04T13:26:53.0097681+09:00"},{"Score":0.3,"Term":"의견제출없이과태료를납부하고자하는경우에는아래의과태료납부고지서를이용","LastUpdated":"2025-06-04T13:26:53.0097774+09:00"},{"Score":0.29,"Term":"인천광역시장시장이이","LastUpdated":"2025-06-04T13:26:53.0097543+09:00"},{"Score":0.28,"Term":"기한내에자진납부하는때에는의견진술은자동종료됩니다","LastUpdated":"2025-06-04T13:26:53.0097739+09:00"},{"Score":0.27,"Term":"통지서를폐기하시기바랍","LastUpdated":"2025-06-04T13:26:53.009753+09:00"},{"Score":0.27,"Term":"자진납부를하신경우이","LastUpdated":"2025-06-04T13:26:53.0097612+09:00"},{"Score":0.26,"Term":"니다","LastUpdated":"2025-06-04T13:26:53.0097114+09:00"},{"Score":0.26,"Term":"금융기관","LastUpdated":"2025-06-04T13:26:53.0097695+09:00"},{"Score":0.26,"Term":"상호저축은행","LastUpdated":"2025-06-04T13:26:43.1255566+09:00"},{"Score":0.25,"Term":"납부","LastUpdated":"2025-06-04T13:26:53.0097659+09:00"},{"Score":0.25,"Term":"一","LastUpdated":"2025-06-04T13:26:53.0097792+09:00"},{"Score":0.25,"Term":"보관용","LastUpdated":"2025-06-04T13:26:53.0098026+09:00"},{"Score":0.23,"Term":"로처리되므로구겨지거나위난이더럽혀지지않도록주의하여","LastUpdated":"2025-06-04T13:26:43.125552+09:00"},{"Score":0.23,"Term":"종이는","LastUpdated":"2025-06-04T13:26:43.1255696+09:00"},{"Score":0.22,"Term":"주십시오","LastUpdated":"2025-06-04T13:26:43.1255656+09:00"},{"Score":0.21,"Term":"세","LastUpdated":"2025-06-04T13:26:53.0097474+09:00"},{"Score":0.2,"Term":"부기","LastUpdated":"2025-06-04T13:26:53.0097688+09:00"},{"Score":0.18,"Term":"자납","LastUpdated":"2025-06-04T13:26:53.0097864+09:00"},{"Score":0.17,"Term":"인천광역시징","LastUpdated":"2025-06-04T13:26:53.0097807+09:00"},{"Score":0.17,"Term":"은행","LastUpdated":"2025-06-04T13:26:43.125555+09:00"},{"Score":0.17,"Term":"상호저축","LastUpdated":"2025-06-04T13:26:43.125567+09:00"},{"Score":0.16,"Term":"시장이이","LastUpdated":"2025-06-04T13:26:53.0097095+09:00"},{"Score":0.14,"Term":"분","LastUpdated":"2025-06-04T13:26:43.1255654+09:00"},{"Score":0.14,"Term":"시","LastUpdated":"2025-06-04T13:26:43.1255688+09:00"},{"Score":0.13,"Term":"제주특별자치도제주시연미길","LastUpdated":"2025-06-04T13:26:53.0097987+09:00"},{"Score":0.11,"Term":"입금계좌","LastUpdated":"2025-06-04T13:26:43.1255527+09:00"},{"Score":0.09,"Term":"인천광역시장귀하","LastUpdated":"2025-06-04T13:26:53.0097878+09:00"},{"Score":0.08,"Term":"gem","LastUpdated":"2025-06-04T13:26:43.1255669+09:00"},{"Score":0.07,"Term":"납부번호","LastUpdated":"2025-06-04T13:26:53.0097942+09:00"},{"Score":0.06,"Term":"후수납불가","LastUpdated":"2025-06-04T13:26:53.00972+09:00"},{"Score":0.06,"Term":"납부기한이","LastUpdated":"2025-06-04T13:26:53.0097233+09:00"},{"Score":0.05,"Term":"이곳을납부하기전에","LastUpdated":"2025-06-04T13:26:43.1255679+09:00"},{"Score":0.04,"Term":"절단하십시오","LastUpdated":"2025-06-04T13:26:43.1255657+09:00"}]},"RestOfPagesVector":{"VectorId":"Socar.NoCategory.고지서.RestOfPages","DocumentCount":9,"TermsWithScores":[]},"ParentVectorId":null,"VectorId":"Socar.NoCategory.고지서","DocumentCount":9,"TermsWithScores":[{"Score":7.13,"Term":"납","LastUpdated":"2025-06-04T15:05:16.4099789+09:00"},{"Score":6.04,"Term":"부","LastUpdated":"2025-06-04T15:05:16.41003+09:00"},{"Score":5.77,"Term":"조","LastUpdated":"2025-06-04T15:05:16.4101466+09:00"},{"Score":5.62,"Term":"호","LastUpdated":"2025-06-04T15:05:16.409991+09:00"},{"Score":5.55,"Term":"한부모가족보호대상자","LastUpdated":"2025-06-04T15:05:16.4099531+09:00"},{"Score":5.54,"Term":"장애인","LastUpdated":"2025-06-04T15:05:16.4101747+09:00"},{"Score":5.41,"Term":"부과대상","LastUpdated":"2025-06-04T15:05:16.4100053+09:00"},{"Score":5.39,"Term":"동래","LastUpdated":"2025-06-04T15:05:16.4100339+09:00"},{"Score":5.39,"Term":"급이상","LastUpdated":"2025-06-04T15:05:16.4100756+09:00"},{"Score":5.39,"Term":"미성년자는의견제출기간에시행령제","LastUpdated":"2025-06-04T15:05:16.4100869+09:00"},{"Score":5.32,"Term":"부산광역시동래구","LastUpdated":"2025-06-04T15:05:16.4099866+09:00"},{"Score":5.32,"Term":"조의","LastUpdated":"2025-06-04T15:05:16.4100119+09:00"},{"Score":5.24,"Term":"과태료","LastUpdated":"2025-06-04T15:05:16.4101401+09:00"},{"Score":5.22,"Term":"번","LastUpdated":"2025-06-04T15:05:16.4101172+09:00"},{"Score":5.16,"Term":"납부자","LastUpdated":"2025-06-04T15:05:16.410113+09:00"},{"Score":5.14,"Term":"tel","LastUpdated":"2025-06-04T15:05:16.4099725+09:00"},{"Score":5.06,"Term":"fax","LastUpdated":"2025-06-04T15:05:16.4101191+09:00"},{"Score":5.02,"Term":"번호","LastUpdated":"2025-06-04T15:05:16.4100851+09:00"},{"Score":4.97,"Term":"받는사람","LastUpdated":"2025-06-04T15:05:16.410056+09:00"},{"Score":4.97,"Term":"요금후납","LastUpdated":"2025-06-04T15:05:16.4100713+09:00"},{"Score":4.97,"Term":"경상남도함안군가야읍함안대로","LastUpdated":"2025-06-04T15:05:16.4101548+09:00"},{"Score":4.93,"Term":"단속장소","LastUpdated":"2025-06-04T15:05:16.4100075+09:00"},{"Score":4.93,"Term":"단속일시","LastUpdated":"2025-06-04T15:05:16.410062+09:00"},{"Score":4.9,"Term":"층제나동호","LastUpdated":"2025-06-04T15:05:16.4099616+09:00"},{"Score":4.83,"Term":"보내는사람","LastUpdated":"2025-06-04T15:05:16.4099349+09:00"},{"Score":4.83,"Term":"기초생활수급자","LastUpdated":"2025-06-04T15:05:16.4100258+09:00"},{"Score":4.81,"Term":"주식회사쏘카","LastUpdated":"2025-06-04T15:05:16.410036+09:00"},{"Score":4.81,"Term":"주식회사쏘카귀하","LastUpdated":"2025-06-04T15:05:16.4100905+09:00"},{"Score":4.76,"Term":"부산광역시","LastUpdated":"2025-06-04T15:05:16.4099222+09:00"},{"Score":4.76,"Term":"과국","LastUpdated":"2025-06-04T15:05:16.410032+09:00"},{"Score":4.76,"Term":"구청자가유골차","LastUpdated":"2025-06-04T15:05:16.4100421+09:00"},{"Score":4.62,"Term":"부산광역시동래구충렬대로","LastUpdated":"2025-06-04T15:05:16.4099464+09:00"},{"Score":4.62,"Term":"과태료감경을위한자료를제출할수있습니다","LastUpdated":"2025-06-04T15:05:16.4100887+09:00"},{"Score":4.62,"Term":"에따른","LastUpdated":"2025-06-04T15:05:16.4101686+09:00"},{"Score":4.58,"Term":"조제","LastUpdated":"2025-06-04T15:05:16.4101643+09:00"},{"Score":4.55,"Term":"사직","LastUpdated":"2025-06-04T15:05:16.40993+09:00"},{"Score":4.55,"Term":"번길","LastUpdated":"2025-06-04T15:05:16.4100947+09:00"},{"Score":4.52,"Term":"액","LastUpdated":"2025-06-04T15:05:16.4099931+09:00"},{"Score":4.48,"Term":"우편","LastUpdated":"2025-06-04T15:05:16.4101508+09:00"},{"Score":4.48,"Term":"동래구청교통과","LastUpdated":"2025-06-04T15:05:16.4101603+09:00"},{"Score":4.41,"Term":"영수증","LastUpdated":"2025-06-04T15:05:16.4100775+09:00"},{"Score":4.41,"Term":"질서위반행위규제법제","LastUpdated":"2025-06-04T15:05:16.4100984+09:00"},{"Score":4.37,"Term":"근거법규","LastUpdated":"2025-06-04T15:05:16.4100097+09:00"},{"Score":4.37,"Term":"도로교통법제","LastUpdated":"2025-06-04T15:05:16.410132+09:00"},{"Score":4.34,"Term":"환부불필요","LastUpdated":"2025-06-04T15:05:16.410064+09:00"},{"Score":4.33,"Term":"전","LastUpdated":"2025-06-04T15:05:16.4099888+09:00"},{"Score":4.2,"Term":"스마","LastUpdated":"2025-06-04T15:05:16.4101567+09:00"},{"Score":4.16,"Term":"부과내역","LastUpdated":"2025-06-04T15:05:16.4099327+09:00"},{"Score":4.13,"Term":"수납인","LastUpdated":"2025-06-04T15:05:16.409981+09:00"},{"Score":4.13,"Term":"포","LastUpdated":"2025-06-04T15:05:16.4100539+09:00"},{"Score":4.13,"Term":"느","LastUpdated":"2025-06-04T15:05:16.4101253+09:00"},{"Score":4.13,"Term":"히","LastUpdated":"2025-06-04T15:05:16.4101278+09:00"},{"Score":4.13,"Term":"트","LastUpdated":"2025-06-04T15:05:16.410138+09:00"},{"Score":4.08,"Term":"인","LastUpdated":"2025-06-04T15:05:16.4101445+09:00"},{"Score":4.06,"Term":"항의규정에의하여우리기관이하고자하는처분의내용을통지하오","LastUpdated":"2025-06-04T15:05:16.4100669+09:00"},{"Score":4.06,"Term":"꾸의견을제출하여주시기바랍니다","LastUpdated":"2025-06-04T15:05:16.4101043+09:00"},{"Score":3.99,"Term":"감경된과태료를납부한경우부과및징수절차가종료되어의견제출및이의제기를할수없습니다","LastUpdated":"2025-06-04T15:05:16.409968+09:00"},{"Score":3.92,"Term":"주정차위반과태료","LastUpdated":"2025-06-04T15:05:16.4099768+09:00"},{"Score":3.85,"Term":"온천동","LastUpdated":"2025-06-04T15:05:16.410136+09:00"},{"Score":3.78,"Term":"화이일","LastUpdated":"2025-06-04T15:05:16.4099595+09:00"},{"Score":3.71,"Term":"성인","LastUpdated":"2025-06-04T15:05:16.4100278+09:00"},{"Score":3.71,"Term":"합","LastUpdated":"2025-06-04T15:05:16.4100404+09:00"},{"Score":3.66,"Term":"납부기한이후수납불가","LastUpdated":"2025-06-04T15:05:16.4099987+09:00"},{"Score":3.64,"Term":"신","LastUpdated":"2025-06-04T15:05:16.41013+09:00"},{"Score":3.52,"Term":"위반사항","LastUpdated":"2025-06-04T15:05:16.4101531+09:00"},{"Score":3.52,"Term":"의견제출","LastUpdated":"2025-06-04T15:05:16.4101726+09:00"},{"Score":3.43,"Term":"감경금액","LastUpdated":"2025-06-04T15:05:16.409975+09:00"},{"Score":3.42,"Term":"납부기한","LastUpdated":"2025-06-04T15:05:16.4100223+09:00"},{"Score":3.35,"Term":"좌","LastUpdated":"2025-06-04T15:05:16.4099553+09:00"},{"Score":3.23,"Term":"납부금액","LastUpdated":"2025-06-04T15:05:16.4101424+09:00"},{"Score":3.17,"Term":"수협","LastUpdated":"2025-06-04T15:05:16.4099421+09:00"},{"Score":3.08,"Term":"주민신고","LastUpdated":"2025-06-04T15:05:16.4101087+09:00"},{"Score":3.05,"Term":"농협","LastUpdated":"2025-06-04T15:05:16.410121+09:00"},{"Score":2.94,"Term":"상","LastUpdated":"2025-06-04T15:05:16.4099704+09:00"},{"Score":2.94,"Term":"z","LastUpdated":"2025-06-04T15:05:16.4100178+09:00"},{"Score":2.94,"Term":"계","LastUpdated":"2025-06-04T15:05:16.4100517+09:00"},{"Score":2.94,"Term":"flipti","LastUpdated":"2025-06-04T15:05:16.4101585+09:00"},{"Score":2.94,"Term":"galaxy","LastUpdated":"2025-06-04T15:05:16.4101705+09:00"},{"Score":2.92,"Term":"국민은행","LastUpdated":"2025-06-04T15:05:16.4100691+09:00"},{"Score":2.87,"Term":"과태료금액","LastUpdated":"2025-06-04T15:05:16.410058+09:00"},{"Score":2.86,"Term":"하나은행","LastUpdated":"2025-06-04T15:05:16.4100927+09:00"},{"Score":2.84,"Term":"우리은행","LastUpdated":"2025-06-04T15:05:16.4101006+09:00"},{"Score":2.82,"Term":"신한은행","LastUpdated":"2025-06-04T15:05:16.4099657+09:00"},{"Score":2.72,"Term":"한","LastUpdated":"2025-06-04T15:05:16.4101151+09:00"},{"Score":2.59,"Term":"부산은행","LastUpdated":"2025-06-04T15:05:16.4101065+09:00"},{"Score":2.52,"Term":"납부기","LastUpdated":"2025-06-04T15:05:16.4099494+09:00"},{"Score":2.42,"Term":"위의금액을영수합니다","LastUpdated":"2025-06-04T15:05:16.4101622+09:00"},{"Score":2.28,"Term":"수납의뢰서","LastUpdated":"2025-06-04T15:05:16.4101109+09:00"},{"Score":2.1,"Term":"부산광역시동래구청장","LastUpdated":"2025-06-04T15:05:16.4100241+09:00"},{"Score":1.89,"Term":"목","LastUpdated":"2025-06-04T15:05:16.4099446+09:00"},{"Score":1.81,"Term":"납기내금액","LastUpdated":"2025-06-04T15:05:16.4100496+09:00"},{"Score":1.68,"Term":"회계과","LastUpdated":"2025-06-04T15:05:16.409983+09:00"},{"Score":1.64,"Term":"위의금액을수납하여주시기바랍니다","LastUpdated":"2025-06-04T15:05:16.4100831+09:00"},{"Score":1.61,"Term":"층","LastUpdated":"2025-06-04T13:26:53.0104864+09:00"},{"Score":1.44,"Term":"주식회사","LastUpdated":"2025-06-04T15:05:16.4101489+09:00"},{"Score":1.4,"Term":"아하대운하파크","LastUpdated":"2025-06-04T15:05:16.4099948+09:00"},{"Score":1.4,"Term":"lla","LastUpdated":"2025-06-04T15:05:16.4100008+09:00"},{"Score":1.4,"Term":"부산광역시동래구청장區","LastUpdated":"2025-06-04T15:05:16.4100476+09:00"},{"Score":1.37,"Term":"쏘카","LastUpdated":"2025-06-04T15:05:16.4099574+09:00"},{"Score":1.33,"Term":"귀하께서의견제출기한내에의견제출없이과태료를납부하고자하는경우에는아래의과태료","LastUpdated":"2025-06-04T15:05:16.4099373+09:00"},{"Score":1.33,"Term":"kakadd","LastUpdated":"2025-06-04T15:05:16.4099848+09:00"},{"Score":1.31,"Term":"반송불요","LastUpdated":"2025-06-04T13:26:53.0105246+09:00"},{"Score":1.26,"Term":"부고지서를이용하여납부하실수있습니","LastUpdated":"2025-06-04T15:05:16.4100812+09:00"},{"Score":1.24,"Term":"과태료영수필통지서","LastUpdated":"2025-06-04T15:05:16.4099511+09:00"},{"Score":1.19,"Term":"감경됩니다","LastUpdated":"2025-06-04T15:05:16.4100199+09:00"},{"Score":1.19,"Term":"기한내에자진납부하는때에는과태료가","LastUpdated":"2025-06-04T15:05:16.4101024+09:00"},{"Score":1.14,"Term":"기관부서코드","LastUpdated":"2025-06-04T15:05:16.410044+09:00"},{"Score":1.14,"Term":"연도","LastUpdated":"2025-06-04T15:05:16.4100795+09:00"},{"Score":1.12,"Term":"통지서를폐기하시기바랍니다","LastUpdated":"2025-06-04T15:05:16.4100598+09:00"},{"Score":1.12,"Term":"를하신경우이","LastUpdated":"2025-06-04T15:05:16.4101339+09:00"},{"Score":1.07,"Term":"검","LastUpdated":"2025-06-04T15:05:16.4100028+09:00"},{"Score":1.07,"Term":"과목","LastUpdated":"2025-06-04T15:05:16.410014+09:00"},{"Score":1.07,"Term":"회계","LastUpdated":"2025-06-04T15:05:16.4100966+09:00"},{"Score":1.07,"Term":"고지번호","LastUpdated":"2025-06-04T15:05:16.4101232+09:00"},{"Score":0.93,"Term":"관악구시설관리공단","LastUpdated":"2025-06-04T13:26:43.1290579+09:00"},{"Score":0.92,"Term":"facilities","LastUpdated":"2025-06-04T13:26:43.129058+09:00"},{"Score":0.91,"Term":"주민등록번호","LastUpdated":"2025-06-04T15:05:16.4099969+09:00"},{"Score":0.91,"Term":"management","LastUpdated":"2025-06-04T13:26:43.1290539+09:00"},{"Score":0.9,"Term":"주","LastUpdated":"2025-06-04T15:05:16.4100735+09:00"},{"Score":0.9,"Term":"서울특별시관악구남부순환로","LastUpdated":"2025-06-04T13:26:43.1290631+09:00"},{"Score":0.84,"Term":"토요일","LastUpdated":"2025-06-04T13:26:53.0105252+09:00"},{"Score":0.83,"Term":"소","LastUpdated":"2025-06-04T15:05:16.4099401+09:00"},{"Score":0.81,"Term":"인천광역시","LastUpdated":"2025-06-04T13:26:53.0105087+09:00"},{"Score":0.79,"Term":"교통지도팀","LastUpdated":"2025-06-04T13:26:53.0104923+09:00"},{"Score":0.79,"Term":"corporation","LastUpdated":"2025-06-04T13:26:43.1290484+09:00"},{"Score":0.73,"Term":"공휴일포함","LastUpdated":"2025-06-04T13:26:53.0105325+09:00"},{"Score":0.72,"Term":"복하는곳","LastUpdated":"2025-06-04T13:26:53.0105016+09:00"},{"Score":0.72,"Term":"할수급자","LastUpdated":"2025-06-04T13:26:53.0105292+09:00"},{"Score":0.72,"Term":"이곳을잡고천천히개봉해주십시오","LastUpdated":"2025-06-04T13:26:53.010554+09:00"},{"Score":0.71,"Term":"과국가유공자","LastUpdated":"2025-06-04T13:26:53.0104737+09:00"},{"Score":0.71,"Term":"이곳을천천히개봉하여주십시오","LastUpdated":"2025-06-04T13:26:43.1290499+09:00"},{"Score":0.7,"Term":"대표전화","LastUpdated":"2025-06-04T13:26:43.1290524+09:00"},{"Score":0.7,"Term":"gfmc","LastUpdated":"2025-06-04T13:26:43.1290625+09:00"},{"Score":0.69,"Term":"부번호","LastUpdated":"2025-06-04T13:26:53.010487+09:00"},{"Score":0.69,"Term":"에따른과태료감경을위한자료를제출할수있습니","LastUpdated":"2025-06-04T13:26:53.0105231+09:00"},{"Score":0.68,"Term":"인천광역시남동구남동대로","LastUpdated":"2025-06-04T13:26:53.0104961+09:00"},{"Score":0.67,"Term":"서울관악우체국","LastUpdated":"2025-06-04T13:26:43.1290512+09:00"},{"Score":0.67,"Term":"지로번호","LastUpdated":"2025-06-04T13:26:43.1290558+09:00"},{"Score":0.66,"Term":"발행일자","LastUpdated":"2025-06-04T15:05:16.4100383+09:00"},{"Score":0.66,"Term":"우","LastUpdated":"2025-06-04T13:26:53.0104817+09:00"},{"Score":0.66,"Term":"전화","LastUpdated":"2025-06-04T13:26:53.0104982+09:00"},{"Score":0.66,"Term":"국","LastUpdated":"2025-06-04T13:26:53.0105179+09:00"},{"Score":0.66,"Term":"체","LastUpdated":"2025-06-04T13:26:53.0105413+09:00"},{"Score":0.66,"Term":"팩스","LastUpdated":"2025-06-04T13:26:53.0105527+09:00"},{"Score":0.63,"Term":"일제작","LastUpdated":"2025-06-04T13:26:53.0104837+09:00"},{"Score":0.63,"Term":"인천광역시교통행정통합민원서비스","LastUpdated":"2025-06-04T13:26:53.0105419+09:00"},{"Score":0.63,"Term":"의견제출양식","LastUpdated":"2025-06-04T13:26:53.0105444+09:00"},{"Score":0.63,"Term":"성동구","LastUpdated":"2025-06-04T13:26:43.129047+09:00"},{"Score":0.63,"Term":"서울특별시","LastUpdated":"2025-06-04T13:26:43.1290521+09:00"},{"Score":0.62,"Term":"왕십리로","LastUpdated":"2025-06-04T13:26:43.1290615+09:00"},{"Score":0.62,"Term":"주차요금미납시압류예고","LastUpdated":"2025-06-04T13:26:43.1290618+09:00"},{"Score":0.61,"Term":"전용차로통행위반차단속과태료","LastUpdated":"2025-06-04T13:26:53.0105118+09:00"},{"Score":0.61,"Term":"민원이용안내서식자료실참조","LastUpdated":"2025-06-04T13:26:53.0105154+09:00"},{"Score":0.61,"Term":"통보후압류절차진행","LastUpdated":"2025-06-04T13:26:43.1290514+09:00"},{"Score":0.61,"Term":"디타워동","LastUpdated":"2025-06-04T13:26:43.1290589+09:00"},{"Score":0.6,"Term":"간석동금호어울림앞","LastUpdated":"2025-06-04T13:26:53.0105521+09:00"},{"Score":0.59,"Term":"위의금액을영수하였음을통보합니다","LastUpdated":"2025-06-04T15:05:16.4100458+09:00"},{"Score":0.59,"Term":"인하로","LastUpdated":"2025-06-04T13:26:53.0105148+09:00"},{"Score":0.59,"Term":"매소홀로","LastUpdated":"2025-06-04T13:26:53.0105555+09:00"},{"Score":0.59,"Term":"귀하","LastUpdated":"2025-06-04T13:26:43.1290526+09:00"},{"Score":0.59,"Term":"거주자우선주차부정주차요금부과고지서","LastUpdated":"2025-06-04T13:26:43.1290608+09:00"},{"Score":0.58,"Term":"출퇴근제버스전용차로","LastUpdated":"2025-06-04T13:26:53.0105171+09:00"},{"Score":0.56,"Term":"최초과태료","LastUpdated":"2025-06-04T13:26:53.0104722+09:00"},{"Score":0.56,"Term":"공휴일제외","LastUpdated":"2025-06-04T13:26:53.0105212+09:00"},{"Score":0.56,"Term":"량으로서울특별시관악구주차장설치및관리조례제","LastUpdated":"2025-06-04T13:26:43.1290638+09:00"},{"Score":0.55,"Term":"최종금액","LastUpdated":"2025-06-04T13:26:53.0104995+09:00"},{"Score":0.55,"Term":"에의거납부청구서가발부","LastUpdated":"2025-06-04T13:26:43.1290482+09:00"},{"Score":0.54,"Term":"연미길","LastUpdated":"2025-06-04T13:26:53.010489+09:00"},{"Score":0.54,"Term":"제주특별자치도제주시","LastUpdated":"2025-06-04T13:26:53.0105485+09:00"},{"Score":0.54,"Term":"되었으니납부기한내에납부하시기바랍니다","LastUpdated":"2025-06-04T13:26:43.129051+09:00"},{"Score":0.52,"Term":"cctv","LastUpdated":"2025-06-04T13:26:53.0104767+09:00"},{"Score":0.52,"Term":"고정형","LastUpdated":"2025-06-04T13:26:53.0104956+09:00"},{"Score":0.52,"Term":"귀하의재산","LastUpdated":"2025-06-04T13:26:43.1290548+09:00"},{"Score":0.52,"Term":"을압류하고강제징수","LastUpdated":"2025-06-04T13:26:43.1290606+09:00"},{"Score":0.51,"Term":"절차를곧바로진행할것임을알려드립니다","LastUpdated":"2025-06-04T13:26:43.1290555+09:00"},{"Score":0.5,"Term":"계좌이체","LastUpdated":"2025-06-04T13:26:43.1290556+09:00"},{"Score":0.5,"Term":"인터넷카드결제","LastUpdated":"2025-06-04T13:26:43.1290585+09:00"},{"Score":0.47,"Term":"차량번호","LastUpdated":"2025-06-04T13:26:43.1290535+09:00"},{"Score":0.46,"Term":"수납불가","LastUpdated":"2025-06-04T13:26:53.0105219+09:00"},{"Score":0.46,"Term":"납부기한이후","LastUpdated":"2025-06-04T13:26:53.0105534+09:00"},{"Score":0.46,"Term":"팩","LastUpdated":"2025-06-04T13:26:43.1290529+09:00"},{"Score":0.46,"Term":"스","LastUpdated":"2025-06-04T13:26:43.1290533+09:00"},{"Score":0.46,"Term":"명","LastUpdated":"2025-06-04T13:26:43.129056+09:00"},{"Score":0.46,"Term":"성","LastUpdated":"2025-06-04T13:26:43.1290616+09:00"},{"Score":0.45,"Term":"항","LastUpdated":"2025-06-04T13:26:53.0104784+09:00"},{"Score":0.45,"Term":"지로영수증","LastUpdated":"2025-06-04T13:26:43.1290517+09:00"},{"Score":0.45,"Term":"수","LastUpdated":"2025-06-04T13:26:43.1290523+09:00"},{"Score":0.45,"Term":"금융결제원승인","LastUpdated":"2025-06-04T13:26:43.1290575+09:00"},{"Score":0.44,"Term":"세외수입","LastUpdated":"2025-06-04T15:05:16.4101664+09:00"},{"Score":0.44,"Term":"버스전용차로","LastUpdated":"2025-06-04T13:26:53.0105368+09:00"},{"Score":0.43,"Term":"ocr","LastUpdated":"2025-06-04T13:26:43.1290626+09:00"},{"Score":0.42,"Term":"부산광역시동래구청장귀하","LastUpdated":"2025-06-04T15:05:16.4100157+09:00"},{"Score":0.41,"Term":"상계","LastUpdated":"2025-06-04T13:26:53.0104843+09:00"},{"Score":0.41,"Term":"지로통지서","LastUpdated":"2025-06-04T13:26:43.1290601+09:00"},{"Score":0.4,"Term":"원","LastUpdated":"2025-06-04T13:26:43.1290488+09:00"},{"Score":0.4,"Term":"인터넷지로","LastUpdated":"2025-06-04T13:26:43.1290582+09:00"},{"Score":0.4,"Term":"고","LastUpdated":"2025-06-04T13:26:43.1290604+09:00"},{"Score":0.4,"Term":"금액","LastUpdated":"2025-06-04T13:26:43.1290613+09:00"},{"Score":0.39,"Term":"code","LastUpdated":"2025-06-04T13:26:43.1290563+09:00"},{"Score":0.39,"Term":"c","LastUpdated":"2025-06-04T13:26:43.1290566+09:00"},{"Score":0.39,"Term":"인터넷뱅킹","LastUpdated":"2025-06-04T13:26:43.129057+09:00"},{"Score":0.39,"Term":"객","LastUpdated":"2025-06-04T13:26:43.1290574+09:00"},{"Score":0.39,"Term":"전은행","LastUpdated":"2025-06-04T13:26:43.1290584+09:00"},{"Score":0.39,"Term":"금","LastUpdated":"2025-06-04T13:26:43.1290587+09:00"},{"Score":0.39,"Term":"icl","LastUpdated":"2025-06-04T13:26:43.1290633+09:00"},{"Score":0.39,"Term":"회","LastUpdated":"2025-06-04T13:26:43.1290636+09:00"},{"Score":0.38,"Term":"새마을금고","LastUpdated":"2025-06-04T13:26:43.1290546+09:00"},{"Score":0.38,"Term":"신용협동조합","LastUpdated":"2025-06-04T13:26:43.1290551+09:00"},{"Score":0.38,"Term":"우체국","LastUpdated":"2025-06-04T13:26:43.129063+09:00"},{"Score":0.37,"Term":"산림조합중앙회","LastUpdated":"2025-06-04T13:26:43.1290506+09:00"},{"Score":0.36,"Term":"기업은행","LastUpdated":"2025-06-04T13:26:53.0105506+09:00"},{"Score":0.36,"Term":"금융투자회사","LastUpdated":"2025-06-04T13:26:43.1290549+09:00"},{"Score":0.34,"Term":"위금액을정히영수합니다","LastUpdated":"2025-06-04T13:26:43.129048+09:00"},{"Score":0.34,"Term":"관악구시설관리공","LastUpdated":"2025-06-04T13:26:43.1290541+09:00"},{"Score":0.33,"Term":"gwanakiga","LastUpdated":"2025-06-04T13:26:43.1290495+09:00"},{"Score":0.32,"Term":"corpor","LastUpdated":"2025-06-04T13:26:43.1290457+09:00"},{"Score":0.31,"Term":"관한특별법제","LastUpdated":"2025-06-04T13:26:53.010471+09:00"},{"Score":0.31,"Term":"인천광역","LastUpdated":"2025-06-04T13:26:53.0104902+09:00"},{"Score":0.31,"Term":"계의건설및운영에","LastUpdated":"2025-06-04T13:26:53.0104943+09:00"},{"Score":0.31,"Term":"간선급행버스체","LastUpdated":"2025-06-04T13:26:53.0105258+09:00"},{"Score":0.3,"Term":"귀하께서의견제출기한내에","LastUpdated":"2025-06-04T13:26:53.0104849+09:00"},{"Score":0.3,"Term":"수있습니다","LastUpdated":"2025-06-04T13:26:53.0104976+09:00"},{"Score":0.3,"Term":"하여","LastUpdated":"2025-06-04T13:26:53.0105093+09:00"},{"Score":0.3,"Term":"납부하실","LastUpdated":"2025-06-04T13:26:53.0105186+09:00"},{"Score":0.3,"Term":"의견제출없이과태료를납부하고자하는경우에는아래의과태료납부고지서를이용","LastUpdated":"2025-06-04T13:26:53.010527+09:00"},{"Score":0.29,"Term":"인천광역시장시장이이","LastUpdated":"2025-06-04T13:26:53.0105068+09:00"},{"Score":0.28,"Term":"기한내에자진납부하는때에는의견진술은자동종료됩니다","LastUpdated":"2025-06-04T13:26:53.0105238+09:00"},{"Score":0.27,"Term":"통지서를폐기하시기바랍","LastUpdated":"2025-06-04T13:26:53.0105057+09:00"},{"Score":0.27,"Term":"자진납부를하신경우이","LastUpdated":"2025-06-04T13:26:53.0105123+09:00"},{"Score":0.26,"Term":"니다","LastUpdated":"2025-06-04T13:26:53.0104743+09:00"},{"Score":0.26,"Term":"금융기관","LastUpdated":"2025-06-04T13:26:53.0105199+09:00"},{"Score":0.26,"Term":"상호저축은행","LastUpdated":"2025-06-04T13:26:43.1290516+09:00"},{"Score":0.25,"Term":"납부","LastUpdated":"2025-06-04T13:26:53.0105166+09:00"},{"Score":0.25,"Term":"一","LastUpdated":"2025-06-04T13:26:53.0105286+09:00"},{"Score":0.25,"Term":"보관용","LastUpdated":"2025-06-04T13:26:53.0105499+09:00"},{"Score":0.23,"Term":"로처리되므로구겨지거나위난이더럽혀지지않도록주의하여","LastUpdated":"2025-06-04T13:26:43.1290473+09:00"},{"Score":0.23,"Term":"종이는","LastUpdated":"2025-06-04T13:26:43.1290635+09:00"},{"Score":0.22,"Term":"주십시오","LastUpdated":"2025-06-04T13:26:43.1290593+09:00"},{"Score":0.21,"Term":"세","LastUpdated":"2025-06-04T13:26:53.0105003+09:00"},{"Score":0.2,"Term":"부기","LastUpdated":"2025-06-04T13:26:53.0105192+09:00"},{"Score":0.18,"Term":"자납","LastUpdated":"2025-06-04T13:26:53.0105349+09:00"},{"Score":0.17,"Term":"인천광역시징","LastUpdated":"2025-06-04T13:26:53.0105299+09:00"},{"Score":0.17,"Term":"은행","LastUpdated":"2025-06-04T13:26:43.1290497+09:00"},{"Score":0.17,"Term":"상호저축","LastUpdated":"2025-06-04T13:26:43.1290611+09:00"},{"Score":0.16,"Term":"시장이이","LastUpdated":"2025-06-04T13:26:53.010473+09:00"},{"Score":0.14,"Term":"분","LastUpdated":"2025-06-04T13:26:43.1290591+09:00"},{"Score":0.14,"Term":"시","LastUpdated":"2025-06-04T13:26:43.1290628+09:00"},{"Score":0.13,"Term":"제주특별자치도제주시연미길","LastUpdated":"2025-06-04T13:26:53.0105464+09:00"},{"Score":0.11,"Term":"입금계좌","LastUpdated":"2025-06-04T13:26:43.1290478+09:00"},{"Score":0.09,"Term":"인천광역시장귀하","LastUpdated":"2025-06-04T13:26:53.0105362+09:00"},{"Score":0.08,"Term":"gem","LastUpdated":"2025-06-04T13:26:43.129061+09:00"},{"Score":0.07,"Term":"납부번호","LastUpdated":"2025-06-04T13:26:53.0105426+09:00"},{"Score":0.06,"Term":"후수납불가","LastUpdated":"2025-06-04T13:26:53.0104804+09:00"},{"Score":0.06,"Term":"납부기한이","LastUpdated":"2025-06-04T13:26:53.010483+09:00"},{"Score":0.05,"Term":"이곳을납부하기전에","LastUpdated":"2025-06-04T13:26:43.129062+09:00"},{"Score":0.04,"Term":"절단하십시오","LastUpdated":"2025-06-04T13:26:43.1290599+09:00"}]}]
