﻿{
  "DataContractVersion": "1.1",
  "DocumentTypes": [
    {
      "Connections": [],
      "DocumentTypeId": "Socar.NoCategory.고지서",
      "Group": "Socar",
      "Category": "",
      "Name": "고지서",
      "OptionalUniqueIdentifier": "",
      "TypeField": {
        "FieldId": "Socar.NoCategory.고지서.DocumentType",
        "FieldName": "Document Type"
      },
      "Fields": [
        {
          "FieldId": "Socar.NoCategory.고지서.Sent",
          "FieldName": "Sent",
          "IsMultiValue": false,
          "Type": "Text",
          "DeriveFieldsFormat": "",
          "Components": [],
          "SetValues": [],
          "Metadata": [
            {
              "Key": "Color",
              "Value": "#038a18"
            },
            {
              "Key": "Hotkey",
              "Value": "e"
            }
          ],
          "RuleSet": null,
          "DefaultValue": "",
          "DataSource": null
        },
        {
          "FieldId": "Socar.NoCategory.고지서.Date",
          "FieldName": "Date",
          "IsMultiValue": false,
          "Type": "Text",
          "DeriveFieldsFormat": "",
          "Components": [],
          "SetValues": [],
          "Metadata": [
            {
              "Key": "Color",
              "Value": "#fa6616"
            },
            {
              "Key": "Hotkey",
              "Value": "a"
            }
          ],
          "RuleSet": null,
          "DefaultValue": "",
          "DataSource": null
        },
        {
          "FieldId": "Socar.NoCategory.고지서.Number",
          "FieldName": "Number",
          "IsMultiValue": false,
          "Type": "Text",
          "DeriveFieldsFormat": "",
          "Components": [],
          "SetValues": [],
          "Metadata": [
            {
              "Key": "Color",
              "Value": "#8a97a0"
            },
            {
              "Key": "Hotkey",
              "Value": "m"
            }
          ],
          "RuleSet": null,
          "DefaultValue": "",
          "DataSource": null
        },
        {
          "FieldId": "Socar.NoCategory.고지서.Place",
          "FieldName": "Place",
          "IsMultiValue": false,
          "Type": "Text",
          "DeriveFieldsFormat": "",
          "Components": [],
          "SetValues": [],
          "Metadata": [
            {
              "Key": "Color",
              "Value": "#6eb84a"
            },
            {
              "Key": "Hotkey",
              "Value": "l"
            }
          ],
          "RuleSet": null,
          "DefaultValue": "",
          "DataSource": null
        },
        {
          "FieldId": "Socar.NoCategory.고지서.content",
          "FieldName": "content",
          "IsMultiValue": false,
          "Type": "Text",
          "DeriveFieldsFormat": "",
          "Components": [],
          "SetValues": [],
          "Metadata": [
            {
              "Key": "Color",
              "Value": "#e422cf"
            },
            {
              "Key": "Hotkey",
              "Value": "c"
            }
          ],
          "RuleSet": null,
          "DefaultValue": "",
          "DataSource": null
        },
        {
          "FieldId": "Socar.NoCategory.고지서.EndDate",
          "FieldName": "EndDate",
          "IsMultiValue": false,
          "Type": "Text",
          "DeriveFieldsFormat": "",
          "Components": [],
          "SetValues": [],
          "Metadata": [
            {
              "Key": "Color",
              "Value": "#f348a7"
            },
            {
              "Key": "Hotkey",
              "Value": "q"
            }
          ],
          "RuleSet": null,
          "DefaultValue": "",
          "DataSource": null
        },
        {
          "FieldId": "Socar.NoCategory.고지서.Payment",
          "FieldName": "Payment",
          "IsMultiValue": false,
          "Type": "Text",
          "DeriveFieldsFormat": "",
          "Components": [],
          "SetValues": [],
          "Metadata": [
            {
              "Key": "Color",
              "Value": "#3ddb77"
            },
            {
              "Key": "Hotkey",
              "Value": "y"
            }
          ],
          "RuleSet": null,
          "DefaultValue": "",
          "DataSource": null
        },
        {
          "FieldId": "Socar.NoCategory.고지서.paynmentNumber",
          "FieldName": "paynmentNumber",
          "IsMultiValue": false,
          "Type": "Text",
          "DeriveFieldsFormat": "",
          "Components": [],
          "SetValues": [],
          "Metadata": [
            {
              "Key": "Color",
              "Value": "#fc1cda"
            },
            {
              "Key": "Hotkey",
              "Value": "r"
            }
          ],
          "RuleSet": null,
          "DefaultValue": "",
          "DataSource": null
        }
      ],
      "Metadata": []
    }
  ],
  "Groups": [
    {
      "Name": "Socar",
      "Categories": []
    }
  ],
  "SupportedLanguages": [
    {
      "Name": "Undetermined Language",
      "Code": "und"
    },
    {
      "Name": "Bulgarian",
      "Code": "bul"
    },
    {
      "Name": "Cantonese",
      "Code": "yue"
    },
    {
      "Name": "Danish",
      "Code": "dan"
    },
    {
      "Name": "Dutch",
      "Code": "nld"
    },
    {
      "Name": "English",
      "Code": "eng"
    },
    {
      "Name": "French",
      "Code": "fra"
    },
    {
      "Name": "Georgian",
      "Code": "kat"
    },
    {
      "Name": "German",
      "Code": "deu"
    },
    {
      "Name": "Greek",
      "Code": "ell"
    },
    {
      "Name": "Hebrew",
      "Code": "heb"
    },
    {
      "Name": "Hindi",
      "Code": "hin"
    },
    {
      "Name": "Italian",
      "Code": "ita"
    },
    {
      "Name": "Japanese",
      "Code": "jpn"
    },
    {
      "Name": "Korean",
      "Code": "kor"
    },
    {
      "Name": "Macedonian",
      "Code": "mkd"
    },
    {
      "Name": "Mandarin",
      "Code": "zho"
    },
    {
      "Name": "Marathi",
      "Code": "mar"
    },
    {
      "Name": "Norwegian",
      "Code": "nor"
    },
    {
      "Name": "Polish",
      "Code": "pol"
    },
    {
      "Name": "Portuguese",
      "Code": "por"
    },
    {
      "Name": "Romanian",
      "Code": "ron"
    },
    {
      "Name": "Russian",
      "Code": "rus"
    },
    {
      "Name": "Serbian",
      "Code": "srp"
    },
    {
      "Name": "Spanish",
      "Code": "spa"
    },
    {
      "Name": "Swedish",
      "Code": "swe"
    },
    {
      "Name": "Telugu",
      "Code": "tel"
    },
    {
      "Name": "Turkish",
      "Code": "tur"
    }
  ],
  "ReportAsExceptionSettings": {
    "ExceptionReasonOptions": []
  }
}