{
  "Workflows": [
    {
      "Path": null,
      "SortBy": 0,
      "VariablesSectionElementsOrder": [],
      "ArgumentsSectionElementsOrder": null,
      "ConstantsSectionElementsOrder": [],
      "AddedNamespaces": null
    },
    {
      "Path": "Main.xaml",
      "SortBy": 0,
      "VariablesSectionElementsOrder": [
        "FileCnt&Flowchart_1",
        "FlowCnt&Flowchart_1",
        "TaxID&Sequence_17"
      ],
      "ArgumentsSectionElementsOrder": [],
      "ConstantsSectionElementsOrder": [],
      "AddedNamespaces": null
    },
    {
      "Path": "Process/MoveFile.xaml",
      "SortBy": 0,
      "VariablesSectionElementsOrder": [],
      "ArgumentsSectionElementsOrder": [
        "out_FileCheck",
        "in_CopyFIlePath",
        "in_PasteFilePath"
      ],
      "ConstantsSectionElementsOrder": [],
      "AddedNamespaces": null
    },
    {
      "Path": "Process/Save_as_TaxID.xlsx.xaml",
      "SortBy": 0,
      "VariablesSectionElementsOrder": [
        "Arr_TaxID&TryCatch_2",
        "DT_OrderList&Sequence_8"
      ],
      "ArgumentsSectionElementsOrder": [
        "out_FileCnt",
        "in_OrderListFilePath"
      ],
      "ConstantsSectionElementsOrder": [],
      "AddedNamespaces": null
    },
    {
      "Path": "Process/ACME_Login.xaml",
      "SortBy": 0,
      "VariablesSectionElementsOrder": [],
      "ArgumentsSectionElementsOrder": [
        "out_IsLogout",
        "in_ID",
        "in_Password"
      ],
      "ConstantsSectionElementsOrder": [],
      "AddedNamespaces": null
    },
    {
      "Path": "Process/Upload_OrderList.xaml",
      "SortBy": 0,
      "VariablesSectionElementsOrder": [
        "FileExist&Sequence_17"
      ],
      "ArgumentsSectionElementsOrder": [
        "out_CheckUI",
        "in_TaxID",
        "in_UploadOrderURL"
      ],
      "ConstantsSectionElementsOrder": [],
      "AddedNamespaces": null
    },
    {
      "Path": "Process/Test/TC001_파일 복사 테스트.xaml",
      "SortBy": 0,
      "VariablesSectionElementsOrder": [
        "IsFileExist&Sequence_1"
      ],
      "ArgumentsSectionElementsOrder": [
        "ExpectedResult",
        "CopyFilePath",
        "PasteFilePath"
      ],
      "ConstantsSectionElementsOrder": [],
      "AddedNamespaces": null
    },
    {
      "Path": "Process/Test/TC002_Excel 데이터 처리 테스트.xaml",
      "SortBy": 0,
      "VariablesSectionElementsOrder": [
        "FileCnt&Sequence_1"
      ],
      "ArgumentsSectionElementsOrder": [
        "OrderListFilePath"
      ],
      "ConstantsSectionElementsOrder": [],
      "AddedNamespaces": null
    },
    {
      "Path": "Process/Test/TC003_ACME 로그인 테스트.xaml",
      "SortBy": 0,
      "VariablesSectionElementsOrder": [
        "IsLogout&Sequence_1",
        "UI_Check&Sequence_1"
      ],
      "ArgumentsSectionElementsOrder": [
        "Password",
        "ID"
      ],
      "ConstantsSectionElementsOrder": [],
      "AddedNamespaces": null
    },
    {
      "Path": "Process/Test/TC004_문서 업로드 테스트.xaml",
      "SortBy": 0,
      "VariablesSectionElementsOrder": [
        "expectedValue&Sequence_1",
        "CheckUI&Sequence_1"
      ],
      "ArgumentsSectionElementsOrder": [
        "TaxID",
        "UploadOrderURL"
      ],
      "ConstantsSectionElementsOrder": [],
      "AddedNamespaces": null
    }
  ]
}