{
  "GenerateCrossPlatformAttributes": false,
  "GenerateSelectorsForInnerElements": true,
  "Connections": [
    {
      "Name": "MyFirstMobileDevice",
      "Description": null,
      "Url": "https://smes:dcd37053-f1e4-4253-b454-ce4f7b55d8bf@ondemand.eu-central-1.saucelabs.com:443/wd/hub",
      "PlatformName": "Android",
      "PlatformVersion": "8.1",
      "DeviceName": "Google Pixel C GoogleAPI Emulator",
      "SingleInstance": null,
      "WaitForPageUpdate": true,
      "Capabilities": {
        "newCommandTimeout": "0"
      },
      "GeoLocation": {
        "Latitude": 51.500152587890625,
        "Longitude": -0.12623600661754608,
        "Altitude": 0.0
      },
      "LoggingModel": {
        "LoggingEnabled": false,
        "VideoRecordingEnabled": false,
        "RecordingTimeLimit": 600,
        "VideoQuality": 1,
        "CollectScreenshot": 0,
        "CollectPageSource": 0
      },
      "HttpHeaders": {},
      "CvServer": null,
      "CvApiKey": null,
      "CvUseLocalServer": false
    },
    {
      "Name": "MyFirstIosDevice",
      "Description": null,
      "Url": "https://smes:dcd37053-f1e4-4253-b454-ce4f7b55d8bf@ondemand.eu-central-1.saucelabs.com:443/wd/hub",
      "PlatformName": "iOS",
      "PlatformVersion": "14.3",
      "DeviceName": "iPhone XS Simulator",
      "SingleInstance": null,
      "WaitForPageUpdate": true,
      "Capabilities": {
        "newCommandTimeout": "0"
      },
      "GeoLocation": {
        "Latitude": 48.13912582397461,
        "Longitude": 11.580219268798828,
        "Altitude": 0.0
      },
      "LoggingModel": {
        "LoggingEnabled": false,
        "VideoRecordingEnabled": false,
        "RecordingTimeLimit": 600,
        "VideoQuality": 1,
        "CollectScreenshot": 0,
        "CollectPageSource": 0
      },
      "HttpHeaders": {},
      "CvServer": null,
      "CvApiKey": null,
      "CvUseLocalServer": false
    }
  ],
  "Applications": [
    {
      "$id": "1",
      "Name": "TheApp",
      "Description": null,
      "Type": "App",
      "Platforms": {
        "Android": {
          "Capabilities": {
            "app": "https://uipathtestappsto.blob.core.windows.net/testapps/TheApp.apk",
            "appActivity": ".MainActivity",
            "appPackage": "io.cloudgrey.the_app"
          },
          "StartPage": null
        },
        "iOS": {
          "Capabilities": {
            "app": "https://uipathtestappsto.blob.core.windows.net/testapps/TheApp.ipa"
          },
          "StartPage": null
        }
      }
    },
    {
      "$id": "2",
      "Name": "UiBank Loans",
      "Description": null,
      "Type": "Web",
      "Platforms": {
        "Android": {
          "Capabilities": {
            "browserName": "Chrome"
          },
          "StartPage": "https://uibank.uipath.com/loans"
        },
        "iOS": {
          "Capabilities": {
            "browserName": "Safari"
          },
          "StartPage": "https://uibank.uipath.com/loans"
        }
      }
    },
    {
      "$id": "3",
      "Name": "Settings",
      "Description": null,
      "Type": "App",
      "Platforms": {
        "Android": {
          "Capabilities": {
            "app": "https://uipathtestappsto.blob.core.windows.net/testapps/TheApp.apk",
            "appActivity": "com.android.settings.Settings",
            "appPackage": "com.android.settings"
          },
          "StartPage": null
        }
      }
    },
    {
      "$id": "4",
      "Name": "Display Settings",
      "Description": null,
      "Type": "App",
      "Platforms": {
        "Android": {
          "Capabilities": {
            "app": "https://uipathtestappsto.blob.core.windows.net/testapps/TheApp.apk",
            "appActivity": "com.android.settings.DisplaySettings",
            "appPackage": "com.android.settings"
          },
          "StartPage": null
        }
      }
    }
  ],
  "NormalizeSliderValue": false,
  "IdsMaxAllowedLength": 40,
  "LogsPath": "%TEMP%\\UiPath Mobile Automation Logs",
  "Variables": {},
  "HttpHeaders": {}
}