{
  "Workflows": [
    {
      "Path": null,
      "SortBy": 0,
      "VariablesSectionElementsOrder": [],
      "ArgumentsSectionElementsOrder": null,
      "ConstantsSectionElementsOrder": [],
      "AddedNamespaces": null
    },
    {
      "Path": "Main.xaml",
      "SortBy": 0,
      "VariablesSectionElementsOrder": [
        "username&Sequence_40",
        "password&Sequence_40",
        "WIID&Sequence_45",
        "Lastindex&Sequence_3",
        "DT_Config&Sequence_23",
        "Sheets&Sequence_23",
        "Dic_Name&Sequence_24",
        "Text&Sequence_28",
        "username&Sequence_29",
        "password&Sequence_29",
        "Total&Sequence_33",
        "DT_WI5&Flowchart_1",
        "DT_Config&Sequence_35",
        "Sheets&Sequence_35",
        "config&Flowchart_1"
      ],
      "ArgumentsSectionElementsOrder": [],
      "ConstantsSectionElementsOrder": [],
      "AddedNamespaces": null
    },
    {
      "Path": "Sum.xaml",
      "SortBy": 0,
      "VariablesSectionElementsOrder": [
        "Num1&Sequence_34",
        "Num2&Sequence_34"
      ],
      "ArgumentsSectionElementsOrder": [
        "Total"
      ],
      "ConstantsSectionElementsOrder": [],
      "AddedNamespaces": null
    },
    {
      "Path": "System1/WI5 데이터 추출.xaml",
      "SortBy": 0,
      "VariablesSectionElementsOrder": [],
      "ArgumentsSectionElementsOrder": [
        "DT_WorkItems"
      ],
      "ConstantsSectionElementsOrder": [],
      "AddedNamespaces": null
    }
  ]
}