[{"DocumentKeywordVectors":[{"TotalDocumentLength":4822,"PageCount":2,"FirstPageVector":{"VectorId":"ImmersionLab.DU.Invoice_2.FirstPage","DocumentCount":3,"TermsWithScores":[{"Score":2.29,"Term":"invoice","LastUpdated":"2024-12-05T13:49:54.387581+09:00"},{"Score":2.27,"Term":"recipient","LastUpdated":"2024-12-05T13:49:54.3875658+09:00"},{"Score":2.14,"Term":"ming","LastUpdated":"2024-12-05T13:49:54.3875451+09:00"},{"Score":2.14,"Term":"yang","LastUpdated":"2024-12-05T13:49:54.3875467+09:00"},{"Score":2.07,"Term":"psa","LastUpdated":"2024-12-05T13:49:54.3875693+09:00"},{"Score":2.06,"Term":"international","LastUpdated":"2024-12-05T13:49:54.3875547+09:00"},{"Score":2.04,"Term":"seoul","LastUpdated":"2024-12-05T13:49:54.3875792+09:00"},{"Score":1.99,"Term":"gmbh","LastUpdated":"2024-12-05T13:49:54.3875397+09:00"},{"Score":1.94,"Term":"customer","LastUpdated":"2024-12-05T13:49:54.3875759+09:00"},{"Score":1.92,"Term":"container","LastUpdated":"2024-12-05T13:49:54.3875742+09:00"},{"Score":1.84,"Term":"service","LastUpdated":"2024-12-05T13:49:54.3875532+09:00"},{"Score":1.8,"Term":"payer","LastUpdated":"2024-12-05T13:49:54.3875595+09:00"},{"Score":1.79,"Term":"esq","LastUpdated":"2024-12-05T13:49:54.3875845+09:00"},{"Score":1.7,"Term":"korea","LastUpdated":"2024-12-05T13:49:54.3875776+09:00"},{"Score":1.61,"Term":"services","LastUpdated":"2024-12-05T13:49:54.3875426+09:00"},{"Score":1.51,"Term":"discharging","LastUpdated":"2024-12-05T13:49:54.3875673+09:00"},{"Score":1.32,"Term":"quantity","LastUpdated":"2024-12-05T13:49:54.387558+09:00"},{"Score":1.31,"Term":"price","LastUpdated":"2024-12-05T13:49:54.3875499+09:00"},{"Score":1.31,"Term":"rate","LastUpdated":"2024-12-05T13:49:54.3875563+09:00"},{"Score":1.3,"Term":"delivery","LastUpdated":"2024-12-05T13:49:54.3875515+09:00"},{"Score":1.27,"Term":"jun","LastUpdated":"2024-12-05T13:49:10.7612305+09:00"},{"Score":1.22,"Term":"truck","LastUpdated":"2024-12-05T13:49:54.3875482+09:00"},{"Score":1.15,"Term":"glory","LastUpdated":"2024-12-05T13:49:54.387561+09:00"},{"Score":1.14,"Term":"imo","LastUpdated":"2024-12-05T13:49:54.3875879+09:00"},{"Score":1.13,"Term":"ib","LastUpdated":"2024-12-05T13:49:54.3875861+09:00"},{"Score":1.12,"Term":"vvid","LastUpdated":"2024-12-05T13:49:54.3875643+09:00"},{"Score":1.12,"Term":"ob","LastUpdated":"2024-12-05T13:49:54.3875709+09:00"},{"Score":0.85,"Term":"humber","LastUpdated":"2024-12-05T13:48:16.1654554+09:00"},{"Score":0.72,"Term":"hudson","LastUpdated":"2024-12-05T13:49:10.7612399+09:00"},{"Score":0.72,"Term":"henry","LastUpdated":"2024-12-05T13:49:10.7612413+09:00"},{"Score":0.71,"Term":"harbour","LastUpdated":"2024-12-05T13:49:54.3875725+09:00"},{"Score":0.56,"Term":"security","LastUpdated":"2024-12-05T13:49:54.3875627+09:00"},{"Score":0.56,"Term":"charge","LastUpdated":"2024-12-05T13:49:54.3875828+09:00"},{"Score":0.42,"Term":"rail","LastUpdated":"2024-12-05T13:48:16.1654534+09:00"},{"Score":0.4,"Term":"day","LastUpdated":"2024-12-05T13:49:10.7612462+09:00"},{"Score":0.39,"Term":"hof","LastUpdated":"2024-12-05T13:48:16.1654504+09:00"},{"Score":0.39,"Term":"hbf","LastUpdated":"2024-12-05T13:48:16.1654507+09:00"},{"Score":0.38,"Term":"kornwestheim","LastUpdated":"2024-12-05T13:48:16.1654563+09:00"},{"Score":0.34,"Term":"storage","LastUpdated":"2024-12-05T13:49:10.7612334+09:00"},{"Score":0.32,"Term":"import","LastUpdated":"2024-12-05T13:49:10.761229+09:00"}]},"RestOfPagesVector":{"VectorId":"ImmersionLab.DU.Invoice_2.RestOfPages","DocumentCount":3,"TermsWithScores":[{"Score":0.92,"Term":"total","LastUpdated":"2024-12-05T13:49:54.3876821+09:00"},{"Score":0.79,"Term":"document","LastUpdated":"2024-12-05T13:49:54.3876683+09:00"},{"Score":0.76,"Term":"services","LastUpdated":"2024-12-05T13:49:54.3876625+09:00"},{"Score":0.6,"Term":"day","LastUpdated":"2024-12-05T13:48:16.1655219+09:00"},{"Score":0.59,"Term":"humber","LastUpdated":"2024-12-05T13:48:16.1655197+09:00"},{"Score":0.52,"Term":"rate","LastUpdated":"2024-12-05T13:49:54.3876697+09:00"},{"Score":0.52,"Term":"quantity","LastUpdated":"2024-12-05T13:49:54.3876722+09:00"},{"Score":0.52,"Term":"items","LastUpdated":"2024-12-05T13:49:54.3876783+09:00"},{"Score":0.5,"Term":"price","LastUpdated":"2024-12-05T13:49:54.3876658+09:00"},{"Score":0.46,"Term":"port","LastUpdated":"2024-12-05T13:49:54.3876795+09:00"},{"Score":0.45,"Term":"dues","LastUpdated":"2024-12-05T13:49:54.387677+09:00"},{"Score":0.42,"Term":"marked","LastUpdated":"2024-12-05T13:49:54.3876646+09:00"},{"Score":0.42,"Term":"positions","LastUpdated":"2024-12-05T13:49:54.3876758+09:00"},{"Score":0.4,"Term":"final","LastUpdated":"2024-12-05T13:49:54.3876709+09:00"},{"Score":0.38,"Term":"storage","LastUpdated":"2024-12-05T13:48:16.1655171+09:00"},{"Score":0.37,"Term":"eur","LastUpdated":"2024-12-05T13:49:54.3876733+09:00"},{"Score":0.37,"Term":"import","LastUpdated":"2024-12-05T13:48:16.165516+09:00"},{"Score":0.37,"Term":"container","LastUpdated":"2024-12-05T13:48:16.1655206+09:00"},{"Score":0.34,"Term":"terms","LastUpdated":"2024-12-05T13:49:54.387667+09:00"},{"Score":0.33,"Term":"payment","LastUpdated":"2024-12-05T13:49:54.3876746+09:00"},{"Score":0.28,"Term":"deduction","LastUpdated":"2024-12-05T13:49:54.3876808+09:00"},{"Score":0.15,"Term":"security","LastUpdated":"2024-12-05T13:48:16.1655189+09:00"},{"Score":0.15,"Term":"charge","LastUpdated":"2024-12-05T13:48:16.1655217+09:00"}]},"ParentVectorId":"ImmersionLab.DU.Invoice","VectorId":"ImmersionLab.DU.Invoice_2","DocumentCount":3,"TermsWithScores":[{"Score":2.25,"Term":"invoice","LastUpdated":"2024-12-05T13:49:54.3879369+09:00"},{"Score":2.23,"Term":"recipient","LastUpdated":"2024-12-05T13:49:54.3879106+09:00"},{"Score":2.1,"Term":"ming","LastUpdated":"2024-12-05T13:49:54.3878687+09:00"},{"Score":2.1,"Term":"yang","LastUpdated":"2024-12-05T13:49:54.3878706+09:00"},{"Score":2.06,"Term":"psa","LastUpdated":"2024-12-05T13:49:54.3879146+09:00"},{"Score":2.05,"Term":"international","LastUpdated":"2024-12-05T13:49:54.3878882+09:00"},{"Score":2.0,"Term":"seoul","LastUpdated":"2024-12-05T13:49:54.3879329+09:00"},{"Score":1.98,"Term":"gmbh","LastUpdated":"2024-12-05T13:49:54.3878638+09:00"},{"Score":1.97,"Term":"container","LastUpdated":"2024-12-05T13:49:54.3879245+09:00"},{"Score":1.93,"Term":"customer","LastUpdated":"2024-12-05T13:49:54.3879286+09:00"},{"Score":1.83,"Term":"service","LastUpdated":"2024-12-05T13:49:54.3878829+09:00"},{"Score":1.82,"Term":"services","LastUpdated":"2024-12-05T13:49:54.3878668+09:00"},{"Score":1.79,"Term":"payer","LastUpdated":"2024-12-05T13:49:54.3878983+09:00"},{"Score":1.78,"Term":"esq","LastUpdated":"2024-12-05T13:49:54.3879431+09:00"},{"Score":1.69,"Term":"korea","LastUpdated":"2024-12-05T13:49:54.3879308+09:00"},{"Score":1.54,"Term":"quantity","LastUpdated":"2024-12-05T13:49:54.3878941+09:00"},{"Score":1.52,"Term":"price","LastUpdated":"2024-12-05T13:49:54.3878766+09:00"},{"Score":1.52,"Term":"rate","LastUpdated":"2024-12-05T13:49:54.3878902+09:00"},{"Score":1.5,"Term":"discharging","LastUpdated":"2024-12-05T13:49:54.3879125+09:00"},{"Score":1.26,"Term":"delivery","LastUpdated":"2024-12-05T13:49:54.3878808+09:00"},{"Score":1.26,"Term":"jun","LastUpdated":"2024-12-05T13:49:10.7613864+09:00"},{"Score":1.21,"Term":"truck","LastUpdated":"2024-12-05T13:49:54.3878745+09:00"},{"Score":1.14,"Term":"glory","LastUpdated":"2024-12-05T13:49:54.3879004+09:00"},{"Score":1.13,"Term":"imo","LastUpdated":"2024-12-05T13:49:54.387947+09:00"},{"Score":1.12,"Term":"ib","LastUpdated":"2024-12-05T13:49:54.387945+09:00"},{"Score":1.11,"Term":"vvid","LastUpdated":"2024-12-05T13:49:54.3879087+09:00"},{"Score":1.11,"Term":"ob","LastUpdated":"2024-12-05T13:49:54.3879184+09:00"},{"Score":0.94,"Term":"day","LastUpdated":"2024-12-05T13:49:10.7614176+09:00"},{"Score":0.85,"Term":"humber","LastUpdated":"2024-12-05T13:48:16.165588+09:00"},{"Score":0.72,"Term":"hudson","LastUpdated":"2024-12-05T13:49:10.761405+09:00"},{"Score":0.72,"Term":"henry","LastUpdated":"2024-12-05T13:49:10.7614086+09:00"},{"Score":0.71,"Term":"harbour","LastUpdated":"2024-12-05T13:49:54.3879224+09:00"},{"Score":0.7,"Term":"security","LastUpdated":"2024-12-05T13:49:54.3879025+09:00"},{"Score":0.7,"Term":"charge","LastUpdated":"2024-12-05T13:49:54.3879411+09:00"},{"Score":0.69,"Term":"document","LastUpdated":"2024-12-05T13:49:54.3878859+09:00"},{"Score":0.68,"Term":"storage","LastUpdated":"2024-12-05T13:49:10.7613922+09:00"},{"Score":0.65,"Term":"import","LastUpdated":"2024-12-05T13:49:10.7613845+09:00"},{"Score":0.64,"Term":"total","LastUpdated":"2024-12-05T13:49:54.387939+09:00"},{"Score":0.42,"Term":"items","LastUpdated":"2024-12-05T13:49:54.3879205+09:00"},{"Score":0.41,"Term":"rail","LastUpdated":"2024-12-05T13:48:16.1655856+09:00"},{"Score":0.38,"Term":"hof","LastUpdated":"2024-12-05T13:48:16.165581+09:00"},{"Score":0.38,"Term":"hbf","LastUpdated":"2024-12-05T13:48:16.1655813+09:00"},{"Score":0.37,"Term":"kornwestheim","LastUpdated":"2024-12-05T13:48:16.1655893+09:00"},{"Score":0.36,"Term":"port","LastUpdated":"2024-12-05T13:49:54.3879265+09:00"},{"Score":0.35,"Term":"dues","LastUpdated":"2024-12-05T13:49:54.3879165+09:00"},{"Score":0.32,"Term":"marked","LastUpdated":"2024-12-05T13:49:54.3878725+09:00"},{"Score":0.32,"Term":"positions","LastUpdated":"2024-12-05T13:49:54.3879066+09:00"},{"Score":0.3,"Term":"final","LastUpdated":"2024-12-05T13:49:54.3878922+09:00"},{"Score":0.27,"Term":"eur","LastUpdated":"2024-12-05T13:49:54.3878961+09:00"},{"Score":0.24,"Term":"terms","LastUpdated":"2024-12-05T13:49:54.3878787+09:00"},{"Score":0.22,"Term":"payment","LastUpdated":"2024-12-05T13:49:54.3879046+09:00"},{"Score":0.18,"Term":"deduction","LastUpdated":"2024-12-05T13:49:54.3879349+09:00"}]}],"TotalDocumentLength":4822,"PageCount":2,"FirstPageVector":{"VectorId":"ImmersionLab.DU.Invoice.FirstPage","DocumentCount":3,"TermsWithScores":[{"Score":2.29,"Term":"invoice","LastUpdated":"2024-12-05T13:49:54.3869352+09:00"},{"Score":2.27,"Term":"recipient","LastUpdated":"2024-12-05T13:49:54.3869201+09:00"},{"Score":2.14,"Term":"ming","LastUpdated":"2024-12-05T13:49:54.3868986+09:00"},{"Score":2.14,"Term":"yang","LastUpdated":"2024-12-05T13:49:54.3869001+09:00"},{"Score":2.07,"Term":"psa","LastUpdated":"2024-12-05T13:49:54.3869237+09:00"},{"Score":2.06,"Term":"international","LastUpdated":"2024-12-05T13:49:54.3869083+09:00"},{"Score":2.04,"Term":"seoul","LastUpdated":"2024-12-05T13:49:54.3869336+09:00"},{"Score":1.99,"Term":"gmbh","LastUpdated":"2024-12-05T13:49:54.3868928+09:00"},{"Score":1.94,"Term":"customer","LastUpdated":"2024-12-05T13:49:54.3869303+09:00"},{"Score":1.92,"Term":"container","LastUpdated":"2024-12-05T13:49:54.3869286+09:00"},{"Score":1.84,"Term":"service","LastUpdated":"2024-12-05T13:49:54.3869068+09:00"},{"Score":1.8,"Term":"payer","LastUpdated":"2024-12-05T13:49:54.3869134+09:00"},{"Score":1.79,"Term":"esq","LastUpdated":"2024-12-05T13:49:54.3869386+09:00"},{"Score":1.7,"Term":"korea","LastUpdated":"2024-12-05T13:49:54.386932+09:00"},{"Score":1.61,"Term":"services","LastUpdated":"2024-12-05T13:49:54.3868968+09:00"},{"Score":1.51,"Term":"discharging","LastUpdated":"2024-12-05T13:49:54.3869218+09:00"},{"Score":1.32,"Term":"quantity","LastUpdated":"2024-12-05T13:49:54.3869117+09:00"},{"Score":1.31,"Term":"price","LastUpdated":"2024-12-05T13:49:54.3869034+09:00"},{"Score":1.31,"Term":"rate","LastUpdated":"2024-12-05T13:49:54.38691+09:00"},{"Score":1.3,"Term":"delivery","LastUpdated":"2024-12-05T13:49:54.3869051+09:00"},{"Score":1.27,"Term":"jun","LastUpdated":"2024-12-05T13:49:10.7603297+09:00"},{"Score":1.22,"Term":"truck","LastUpdated":"2024-12-05T13:49:54.3869017+09:00"},{"Score":1.15,"Term":"glory","LastUpdated":"2024-12-05T13:49:54.386915+09:00"},{"Score":1.14,"Term":"imo","LastUpdated":"2024-12-05T13:49:54.3869425+09:00"},{"Score":1.13,"Term":"ib","LastUpdated":"2024-12-05T13:49:54.3869401+09:00"},{"Score":1.12,"Term":"vvid","LastUpdated":"2024-12-05T13:49:54.3869185+09:00"},{"Score":1.12,"Term":"ob","LastUpdated":"2024-12-05T13:49:54.3869253+09:00"},{"Score":0.85,"Term":"humber","LastUpdated":"2024-12-05T13:48:16.1608936+09:00"},{"Score":0.72,"Term":"hudson","LastUpdated":"2024-12-05T13:49:10.7603367+09:00"},{"Score":0.72,"Term":"henry","LastUpdated":"2024-12-05T13:49:10.7603378+09:00"},{"Score":0.71,"Term":"harbour","LastUpdated":"2024-12-05T13:49:54.386927+09:00"},{"Score":0.56,"Term":"security","LastUpdated":"2024-12-05T13:49:54.3869169+09:00"},{"Score":0.56,"Term":"charge","LastUpdated":"2024-12-05T13:49:54.3869369+09:00"},{"Score":0.42,"Term":"rail","LastUpdated":"2024-12-05T13:48:16.1608924+09:00"},{"Score":0.4,"Term":"day","LastUpdated":"2024-12-05T13:49:10.7603414+09:00"},{"Score":0.39,"Term":"hof","LastUpdated":"2024-12-05T13:48:16.1608891+09:00"},{"Score":0.39,"Term":"hbf","LastUpdated":"2024-12-05T13:48:16.1608894+09:00"},{"Score":0.38,"Term":"kornwestheim","LastUpdated":"2024-12-05T13:48:16.1608946+09:00"},{"Score":0.34,"Term":"storage","LastUpdated":"2024-12-05T13:49:10.760332+09:00"},{"Score":0.32,"Term":"import","LastUpdated":"2024-12-05T13:49:10.7603284+09:00"}]},"RestOfPagesVector":{"VectorId":"ImmersionLab.DU.Invoice.RestOfPages","DocumentCount":3,"TermsWithScores":[{"Score":0.92,"Term":"total","LastUpdated":"2024-12-05T13:49:54.3872154+09:00"},{"Score":0.79,"Term":"document","LastUpdated":"2024-12-05T13:49:54.3872032+09:00"},{"Score":0.76,"Term":"services","LastUpdated":"2024-12-05T13:49:54.3871964+09:00"},{"Score":0.6,"Term":"day","LastUpdated":"2024-12-05T13:48:16.1651285+09:00"},{"Score":0.59,"Term":"humber","LastUpdated":"2024-12-05T13:48:16.1651263+09:00"},{"Score":0.52,"Term":"rate","LastUpdated":"2024-12-05T13:49:54.3872044+09:00"},{"Score":0.52,"Term":"quantity","LastUpdated":"2024-12-05T13:49:54.3872066+09:00"},{"Score":0.52,"Term":"items","LastUpdated":"2024-12-05T13:49:54.3872123+09:00"},{"Score":0.5,"Term":"price","LastUpdated":"2024-12-05T13:49:54.3872012+09:00"},{"Score":0.46,"Term":"port","LastUpdated":"2024-12-05T13:49:54.3872135+09:00"},{"Score":0.45,"Term":"dues","LastUpdated":"2024-12-05T13:49:54.387211+09:00"},{"Score":0.42,"Term":"marked","LastUpdated":"2024-12-05T13:49:54.3871998+09:00"},{"Score":0.42,"Term":"positions","LastUpdated":"2024-12-05T13:49:54.3872098+09:00"},{"Score":0.4,"Term":"final","LastUpdated":"2024-12-05T13:49:54.3872055+09:00"},{"Score":0.38,"Term":"storage","LastUpdated":"2024-12-05T13:48:16.1651228+09:00"},{"Score":0.37,"Term":"eur","LastUpdated":"2024-12-05T13:49:54.3872077+09:00"},{"Score":0.37,"Term":"import","LastUpdated":"2024-12-05T13:48:16.1651213+09:00"},{"Score":0.37,"Term":"container","LastUpdated":"2024-12-05T13:48:16.1651271+09:00"},{"Score":0.34,"Term":"terms","LastUpdated":"2024-12-05T13:49:54.3872022+09:00"},{"Score":0.33,"Term":"payment","LastUpdated":"2024-12-05T13:49:54.3872088+09:00"},{"Score":0.28,"Term":"deduction","LastUpdated":"2024-12-05T13:49:54.3872145+09:00"},{"Score":0.15,"Term":"security","LastUpdated":"2024-12-05T13:48:16.1651254+09:00"},{"Score":0.15,"Term":"charge","LastUpdated":"2024-12-05T13:48:16.1651283+09:00"}]},"ParentVectorId":null,"VectorId":"ImmersionLab.DU.Invoice","DocumentCount":3,"TermsWithScores":[{"Score":2.25,"Term":"invoice","LastUpdated":"2024-12-05T13:49:54.3873762+09:00"},{"Score":2.23,"Term":"recipient","LastUpdated":"2024-12-05T13:49:54.3873508+09:00"},{"Score":2.1,"Term":"ming","LastUpdated":"2024-12-05T13:49:54.3873105+09:00"},{"Score":2.1,"Term":"yang","LastUpdated":"2024-12-05T13:49:54.3873125+09:00"},{"Score":2.06,"Term":"psa","LastUpdated":"2024-12-05T13:49:54.3873548+09:00"},{"Score":2.05,"Term":"international","LastUpdated":"2024-12-05T13:49:54.38733+09:00"},{"Score":2.0,"Term":"seoul","LastUpdated":"2024-12-05T13:49:54.3873724+09:00"},{"Score":1.98,"Term":"gmbh","LastUpdated":"2024-12-05T13:49:54.3873061+09:00"},{"Score":1.97,"Term":"container","LastUpdated":"2024-12-05T13:49:54.3873643+09:00"},{"Score":1.93,"Term":"customer","LastUpdated":"2024-12-05T13:49:54.3873683+09:00"},{"Score":1.83,"Term":"service","LastUpdated":"2024-12-05T13:49:54.3873261+09:00"},{"Score":1.82,"Term":"services","LastUpdated":"2024-12-05T13:49:54.3873085+09:00"},{"Score":1.79,"Term":"payer","LastUpdated":"2024-12-05T13:49:54.3873393+09:00"},{"Score":1.78,"Term":"esq","LastUpdated":"2024-12-05T13:49:54.3873822+09:00"},{"Score":1.69,"Term":"korea","LastUpdated":"2024-12-05T13:49:54.3873702+09:00"},{"Score":1.54,"Term":"quantity","LastUpdated":"2024-12-05T13:49:54.3873356+09:00"},{"Score":1.52,"Term":"price","LastUpdated":"2024-12-05T13:49:54.3873197+09:00"},{"Score":1.52,"Term":"rate","LastUpdated":"2024-12-05T13:49:54.387332+09:00"},{"Score":1.5,"Term":"discharging","LastUpdated":"2024-12-05T13:49:54.3873529+09:00"},{"Score":1.26,"Term":"delivery","LastUpdated":"2024-12-05T13:49:54.3873239+09:00"},{"Score":1.26,"Term":"jun","LastUpdated":"2024-12-05T13:49:10.7610593+09:00"},{"Score":1.21,"Term":"truck","LastUpdated":"2024-12-05T13:49:54.3873165+09:00"},{"Score":1.14,"Term":"glory","LastUpdated":"2024-12-05T13:49:54.3873412+09:00"},{"Score":1.13,"Term":"imo","LastUpdated":"2024-12-05T13:49:54.387386+09:00"},{"Score":1.12,"Term":"ib","LastUpdated":"2024-12-05T13:49:54.3873843+09:00"},{"Score":1.11,"Term":"vvid","LastUpdated":"2024-12-05T13:49:54.3873488+09:00"},{"Score":1.11,"Term":"ob","LastUpdated":"2024-12-05T13:49:54.3873586+09:00"},{"Score":0.94,"Term":"day","LastUpdated":"2024-12-05T13:49:10.7610895+09:00"},{"Score":0.85,"Term":"humber","LastUpdated":"2024-12-05T13:48:16.1652586+09:00"},{"Score":0.72,"Term":"hudson","LastUpdated":"2024-12-05T13:49:10.7610766+09:00"},{"Score":0.72,"Term":"henry","LastUpdated":"2024-12-05T13:49:10.7610803+09:00"},{"Score":0.71,"Term":"harbour","LastUpdated":"2024-12-05T13:49:54.3873625+09:00"},{"Score":0.7,"Term":"security","LastUpdated":"2024-12-05T13:49:54.387343+09:00"},{"Score":0.7,"Term":"charge","LastUpdated":"2024-12-05T13:49:54.3873802+09:00"},{"Score":0.69,"Term":"document","LastUpdated":"2024-12-05T13:49:54.387328+09:00"},{"Score":0.68,"Term":"storage","LastUpdated":"2024-12-05T13:49:10.7610646+09:00"},{"Score":0.65,"Term":"import","LastUpdated":"2024-12-05T13:49:10.7610575+09:00"},{"Score":0.64,"Term":"total","LastUpdated":"2024-12-05T13:49:54.3873782+09:00"},{"Score":0.42,"Term":"items","LastUpdated":"2024-12-05T13:49:54.3873605+09:00"},{"Score":0.41,"Term":"rail","LastUpdated":"2024-12-05T13:48:16.1652569+09:00"},{"Score":0.38,"Term":"hof","LastUpdated":"2024-12-05T13:48:16.1652523+09:00"},{"Score":0.38,"Term":"hbf","LastUpdated":"2024-12-05T13:48:16.1652526+09:00"},{"Score":0.37,"Term":"kornwestheim","LastUpdated":"2024-12-05T13:48:16.16526+09:00"},{"Score":0.36,"Term":"port","LastUpdated":"2024-12-05T13:49:54.3873663+09:00"},{"Score":0.35,"Term":"dues","LastUpdated":"2024-12-05T13:49:54.3873569+09:00"},{"Score":0.32,"Term":"marked","LastUpdated":"2024-12-05T13:49:54.3873143+09:00"},{"Score":0.32,"Term":"positions","LastUpdated":"2024-12-05T13:49:54.3873467+09:00"},{"Score":0.3,"Term":"final","LastUpdated":"2024-12-05T13:49:54.3873339+09:00"},{"Score":0.27,"Term":"eur","LastUpdated":"2024-12-05T13:49:54.3873374+09:00"},{"Score":0.24,"Term":"terms","LastUpdated":"2024-12-05T13:49:54.3873219+09:00"},{"Score":0.22,"Term":"payment","LastUpdated":"2024-12-05T13:49:54.3873447+09:00"},{"Score":0.18,"Term":"deduction","LastUpdated":"2024-12-05T13:49:54.3873743+09:00"}]}]
