[{"testQ":{"ID":"hjchoi@kcc.co.kr","Password":"00000000","ExpectedResult":"True"}},{"testQ":{"ID":"HJCHOI@KCC.CO.kr","Password":"00000000","ExpectedResult":"True"}},{"testQ":{"ID":"hjchoi@kcc.co.kr","Password":"0000000","ExpectedResult":"False"}},{"testQ":{"ID":"hjchoi@kcc.co.kr","Password":"000000000","ExpectedResult":"False"}},{"testQ":{"ID":"hjchoi@kcc.co.rk","Password":"00000000","ExpectedResult":"False"}},{"testQ":{"ID":"hjchoi@kcc.co","Password":"00000000","ExpectedResult":"False"}},{"testQ":{"ID":"hjchoi@kccco.kr","Password":"00000000","ExpectedResult":"False"}},{"testQ":{"ID":"hjchoi@kcc.com","Password":"00000000","ExpectedResult":"False"}},{"testQ":{"ID":"hjchoi","Password":"00000000","ExpectedResult":"False"}},{"testQ":{"ID":"hjchoi@@kcc.co.kr","Password":"00000000","ExpectedResult":"False"}},{"testQ":{"ID":"hj.choi@kcc.co.kr","Password":"00000000","ExpectedResult":"False"}},{"testQ":{"ID":"hjchoi@kcc.co.kr","Password":"OOOOOOOO","ExpectedResult":"False"}},{"testQ":{"ID":"hjchoi@kcc.co.kr","Password":"","ExpectedResult":"False"}},{"testQ":{"ID":"","Password":"00000000","ExpectedResult":"False"}},{"testQ":{"ID":"hjchoi@kcc.co.kr","Password":"12345678","ExpectedResult":"False"}},{"testQ":{"ID":"hjchoi@kcc.co.kr","Password":"0000 0000","ExpectedResult":"False"}},{"testQ":{"ID":"hjchoi@kcc.co.kr","Password":"********","ExpectedResult":"False"}},{"testQ":{"ID":"admin@kcc.co.kr","Password":"00000000","ExpectedResult":"False"}},{"testQ":{"ID":"HJCHOI@kcc.co.kr","Password":"00000000","ExpectedResult":"True"}},{"testQ":{"ID":"hjchoi@KCC.CO.kr","Password":"00000000","ExpectedResult":"True"}}]