[{"DocumentKeywordVectors":[{"TotalDocumentLength":501,"PageCount":1,"FirstPageVector":{"VectorId":"UiPath.DU.Invoice_1.FirstPage","DocumentCount":1,"TermsWithScores":[{"Score":0.92,"Term":"invoice","LastUpdated":"2024-11-26T14:27:03.7425642+09:00"},{"Score":0.67,"Term":"rafe","LastUpdated":"2024-11-26T14:27:03.7425645+09:00"},{"Score":0.66,"Term":"greenwood","LastUpdated":"2024-11-26T14:27:03.7425606+09:00"},{"Score":0.66,"Term":"lane","LastUpdated":"2024-11-26T14:27:03.7425648+09:00"},{"Score":0.6,"Term":"jakoby","LastUpdated":"2024-11-26T14:27:03.7425584+09:00"},{"Score":0.59,"Term":"netzband","LastUpdated":"2024-11-26T14:27:03.7425587+09:00"},{"Score":0.55,"Term":"schuster","LastUpdated":"2024-11-26T14:27:03.742559+09:00"},{"Score":0.54,"Term":"bridge","LastUpdated":"2024-11-26T14:27:03.7425656+09:00"},{"Score":0.53,"Term":"apt","LastUpdated":"2024-11-26T14:27:03.742565+09:00"},{"Score":0.52,"Term":"west","LastUpdated":"2024-11-26T14:27:03.74256+09:00"},{"Score":0.52,"Term":"margret","LastUpdated":"2024-11-26T14:27:03.7425635+09:00"},{"Score":0.5,"Term":"district","LastUpdated":"2024-11-26T14:27:03.7425629+09:00"},{"Score":0.47,"Term":"vegspot","LastUpdated":"2024-11-26T14:27:03.7425613+09:00"},{"Score":0.45,"Term":"description","LastUpdated":"2024-11-26T14:27:03.742561+09:00"},{"Score":0.43,"Term":"qty","LastUpdated":"2024-11-26T14:27:03.7425577+09:00"},{"Score":0.42,"Term":"price","LastUpdated":"2024-11-26T14:27:03.7425619+09:00"},{"Score":0.42,"Term":"unit","LastUpdated":"2024-11-26T14:27:03.7425668+09:00"},{"Score":0.4,"Term":"kabocha","LastUpdated":"2024-11-26T14:27:03.7425625+09:00"},{"Score":0.39,"Term":"squash","LastUpdated":"2024-11-26T14:27:03.7425616+09:00"},{"Score":0.34,"Term":"brocooli","LastUpdated":"2024-11-26T14:27:03.7425581+09:00"},{"Score":0.33,"Term":"crowns","LastUpdated":"2024-11-26T14:27:03.7425622+09:00"},{"Score":0.33,"Term":"tax","LastUpdated":"2024-11-26T14:27:03.7425663+09:00"},{"Score":0.29,"Term":"organic","LastUpdated":"2024-11-26T14:27:03.7425597+09:00"},{"Score":0.28,"Term":"collard","LastUpdated":"2024-11-26T14:27:03.7425659+09:00"},{"Score":0.27,"Term":"green","LastUpdated":"2024-11-26T14:27:03.7425653+09:00"},{"Score":0.23,"Term":"broccoli","LastUpdated":"2024-11-26T14:27:03.7425594+09:00"},{"Score":0.22,"Term":"rice","LastUpdated":"2024-11-26T14:27:03.7425665+09:00"},{"Score":0.18,"Term":"subtotal","LastUpdated":"2024-11-26T14:27:03.7425638+09:00"},{"Score":0.15,"Term":"rate","LastUpdated":"2024-11-26T14:27:03.7425603+09:00"},{"Score":0.1,"Term":"total","LastUpdated":"2024-11-26T14:27:03.7425632+09:00"}]},"RestOfPagesVector":{"VectorId":"UiPath.DU.Invoice_1.RestOfPages","DocumentCount":1,"TermsWithScores":[]},"ParentVectorId":"UiPath.DU.Invoice","VectorId":"UiPath.DU.Invoice_1","DocumentCount":1,"TermsWithScores":[{"Score":0.92,"Term":"invoice","LastUpdated":"2024-11-26T14:27:03.7426642+09:00"},{"Score":0.67,"Term":"rafe","LastUpdated":"2024-11-26T14:27:03.7426644+09:00"},{"Score":0.66,"Term":"greenwood","LastUpdated":"2024-11-26T14:27:03.7426608+09:00"},{"Score":0.66,"Term":"lane","LastUpdated":"2024-11-26T14:27:03.7426647+09:00"},{"Score":0.6,"Term":"jakoby","LastUpdated":"2024-11-26T14:27:03.7426585+09:00"},{"Score":0.59,"Term":"netzband","LastUpdated":"2024-11-26T14:27:03.7426589+09:00"},{"Score":0.55,"Term":"schuster","LastUpdated":"2024-11-26T14:27:03.7426592+09:00"},{"Score":0.54,"Term":"bridge","LastUpdated":"2024-11-26T14:27:03.7426655+09:00"},{"Score":0.53,"Term":"apt","LastUpdated":"2024-11-26T14:27:03.742665+09:00"},{"Score":0.52,"Term":"west","LastUpdated":"2024-11-26T14:27:03.7426602+09:00"},{"Score":0.52,"Term":"margret","LastUpdated":"2024-11-26T14:27:03.7426635+09:00"},{"Score":0.5,"Term":"district","LastUpdated":"2024-11-26T14:27:03.7426628+09:00"},{"Score":0.47,"Term":"vegspot","LastUpdated":"2024-11-26T14:27:03.7426614+09:00"},{"Score":0.45,"Term":"description","LastUpdated":"2024-11-26T14:27:03.7426611+09:00"},{"Score":0.43,"Term":"qty","LastUpdated":"2024-11-26T14:27:03.7426571+09:00"},{"Score":0.42,"Term":"price","LastUpdated":"2024-11-26T14:27:03.742662+09:00"},{"Score":0.42,"Term":"unit","LastUpdated":"2024-11-26T14:27:03.7426666+09:00"},{"Score":0.4,"Term":"kabocha","LastUpdated":"2024-11-26T14:27:03.7426626+09:00"},{"Score":0.39,"Term":"squash","LastUpdated":"2024-11-26T14:27:03.7426617+09:00"},{"Score":0.34,"Term":"brocooli","LastUpdated":"2024-11-26T14:27:03.7426582+09:00"},{"Score":0.33,"Term":"crowns","LastUpdated":"2024-11-26T14:27:03.7426623+09:00"},{"Score":0.33,"Term":"tax","LastUpdated":"2024-11-26T14:27:03.742666+09:00"},{"Score":0.29,"Term":"organic","LastUpdated":"2024-11-26T14:27:03.7426599+09:00"},{"Score":0.28,"Term":"collard","LastUpdated":"2024-11-26T14:27:03.7426658+09:00"},{"Score":0.27,"Term":"green","LastUpdated":"2024-11-26T14:27:03.7426653+09:00"},{"Score":0.23,"Term":"broccoli","LastUpdated":"2024-11-26T14:27:03.7426596+09:00"},{"Score":0.22,"Term":"rice","LastUpdated":"2024-11-26T14:27:03.7426663+09:00"},{"Score":0.18,"Term":"subtotal","LastUpdated":"2024-11-26T14:27:03.7426639+09:00"},{"Score":0.15,"Term":"rate","LastUpdated":"2024-11-26T14:27:03.7426605+09:00"},{"Score":0.1,"Term":"total","LastUpdated":"2024-11-26T14:27:03.7426632+09:00"}]}],"TotalDocumentLength":501,"PageCount":1,"FirstPageVector":{"VectorId":"UiPath.DU.Invoice.FirstPage","DocumentCount":1,"TermsWithScores":[{"Score":0.92,"Term":"invoice","LastUpdated":"2024-11-26T14:27:03.7375606+09:00"},{"Score":0.67,"Term":"rafe","LastUpdated":"2024-11-26T14:27:03.7375609+09:00"},{"Score":0.66,"Term":"greenwood","LastUpdated":"2024-11-26T14:27:03.737555+09:00"},{"Score":0.66,"Term":"lane","LastUpdated":"2024-11-26T14:27:03.7375612+09:00"},{"Score":0.6,"Term":"jakoby","LastUpdated":"2024-11-26T14:27:03.7375522+09:00"},{"Score":0.59,"Term":"netzband","LastUpdated":"2024-11-26T14:27:03.7375527+09:00"},{"Score":0.55,"Term":"schuster","LastUpdated":"2024-11-26T14:27:03.737553+09:00"},{"Score":0.54,"Term":"bridge","LastUpdated":"2024-11-26T14:27:03.7375621+09:00"},{"Score":0.53,"Term":"apt","LastUpdated":"2024-11-26T14:27:03.7375615+09:00"},{"Score":0.52,"Term":"west","LastUpdated":"2024-11-26T14:27:03.7375542+09:00"},{"Score":0.52,"Term":"margret","LastUpdated":"2024-11-26T14:27:03.7375601+09:00"},{"Score":0.5,"Term":"district","LastUpdated":"2024-11-26T14:27:03.7375573+09:00"},{"Score":0.47,"Term":"vegspot","LastUpdated":"2024-11-26T14:27:03.7375557+09:00"},{"Score":0.45,"Term":"description","LastUpdated":"2024-11-26T14:27:03.7375553+09:00"},{"Score":0.43,"Term":"qty","LastUpdated":"2024-11-26T14:27:03.7374772+09:00"},{"Score":0.42,"Term":"price","LastUpdated":"2024-11-26T14:27:03.7375563+09:00"},{"Score":0.42,"Term":"unit","LastUpdated":"2024-11-26T14:27:03.7375644+09:00"},{"Score":0.4,"Term":"kabocha","LastUpdated":"2024-11-26T14:27:03.7375569+09:00"},{"Score":0.39,"Term":"squash","LastUpdated":"2024-11-26T14:27:03.737556+09:00"},{"Score":0.34,"Term":"brocooli","LastUpdated":"2024-11-26T14:27:03.7375516+09:00"},{"Score":0.33,"Term":"crowns","LastUpdated":"2024-11-26T14:27:03.7375566+09:00"},{"Score":0.33,"Term":"tax","LastUpdated":"2024-11-26T14:27:03.7375626+09:00"},{"Score":0.29,"Term":"organic","LastUpdated":"2024-11-26T14:27:03.7375538+09:00"},{"Score":0.28,"Term":"collard","LastUpdated":"2024-11-26T14:27:03.7375624+09:00"},{"Score":0.27,"Term":"green","LastUpdated":"2024-11-26T14:27:03.7375618+09:00"},{"Score":0.23,"Term":"broccoli","LastUpdated":"2024-11-26T14:27:03.7375535+09:00"},{"Score":0.22,"Term":"rice","LastUpdated":"2024-11-26T14:27:03.7375629+09:00"},{"Score":0.18,"Term":"subtotal","LastUpdated":"2024-11-26T14:27:03.7375604+09:00"},{"Score":0.15,"Term":"rate","LastUpdated":"2024-11-26T14:27:03.7375545+09:00"},{"Score":0.1,"Term":"total","LastUpdated":"2024-11-26T14:27:03.7375598+09:00"}]},"RestOfPagesVector":{"VectorId":"UiPath.DU.Invoice.RestOfPages","DocumentCount":1,"TermsWithScores":[]},"ParentVectorId":null,"VectorId":"UiPath.DU.Invoice","DocumentCount":1,"TermsWithScores":[{"Score":0.92,"Term":"invoice","LastUpdated":"2024-11-26T14:27:03.7424973+09:00"},{"Score":0.67,"Term":"rafe","LastUpdated":"2024-11-26T14:27:03.7424976+09:00"},{"Score":0.66,"Term":"greenwood","LastUpdated":"2024-11-26T14:27:03.7424941+09:00"},{"Score":0.66,"Term":"lane","LastUpdated":"2024-11-26T14:27:03.7424979+09:00"},{"Score":0.6,"Term":"jakoby","LastUpdated":"2024-11-26T14:27:03.7424917+09:00"},{"Score":0.59,"Term":"netzband","LastUpdated":"2024-11-26T14:27:03.7424921+09:00"},{"Score":0.55,"Term":"schuster","LastUpdated":"2024-11-26T14:27:03.7424924+09:00"},{"Score":0.54,"Term":"bridge","LastUpdated":"2024-11-26T14:27:03.7424988+09:00"},{"Score":0.53,"Term":"apt","LastUpdated":"2024-11-26T14:27:03.7424982+09:00"},{"Score":0.52,"Term":"west","LastUpdated":"2024-11-26T14:27:03.7424935+09:00"},{"Score":0.52,"Term":"margret","LastUpdated":"2024-11-26T14:27:03.7424968+09:00"},{"Score":0.5,"Term":"district","LastUpdated":"2024-11-26T14:27:03.7424961+09:00"},{"Score":0.47,"Term":"vegspot","LastUpdated":"2024-11-26T14:27:03.7424947+09:00"},{"Score":0.45,"Term":"description","LastUpdated":"2024-11-26T14:27:03.7424944+09:00"},{"Score":0.43,"Term":"qty","LastUpdated":"2024-11-26T14:27:03.7424896+09:00"},{"Score":0.42,"Term":"price","LastUpdated":"2024-11-26T14:27:03.7424953+09:00"},{"Score":0.42,"Term":"unit","LastUpdated":"2024-11-26T14:27:03.7424999+09:00"},{"Score":0.4,"Term":"kabocha","LastUpdated":"2024-11-26T14:27:03.7424959+09:00"},{"Score":0.39,"Term":"squash","LastUpdated":"2024-11-26T14:27:03.742495+09:00"},{"Score":0.34,"Term":"brocooli","LastUpdated":"2024-11-26T14:27:03.7424913+09:00"},{"Score":0.33,"Term":"crowns","LastUpdated":"2024-11-26T14:27:03.7424956+09:00"},{"Score":0.33,"Term":"tax","LastUpdated":"2024-11-26T14:27:03.7424993+09:00"},{"Score":0.29,"Term":"organic","LastUpdated":"2024-11-26T14:27:03.7424932+09:00"},{"Score":0.28,"Term":"collard","LastUpdated":"2024-11-26T14:27:03.742499+09:00"},{"Score":0.27,"Term":"green","LastUpdated":"2024-11-26T14:27:03.7424985+09:00"},{"Score":0.23,"Term":"broccoli","LastUpdated":"2024-11-26T14:27:03.7424928+09:00"},{"Score":0.22,"Term":"rice","LastUpdated":"2024-11-26T14:27:03.7424996+09:00"},{"Score":0.18,"Term":"subtotal","LastUpdated":"2024-11-26T14:27:03.7424971+09:00"},{"Score":0.15,"Term":"rate","LastUpdated":"2024-11-26T14:27:03.7424937+09:00"},{"Score":0.1,"Term":"total","LastUpdated":"2024-11-26T14:27:03.7424965+09:00"}]},{"DocumentKeywordVectors":[{"TotalDocumentLength":21420,"PageCount":2,"FirstPageVector":{"VectorId":"UiPath.DU.1040x_2.FirstPage","DocumentCount":3,"TermsWithScores":[{"Score":2.97,"Term":"income","LastUpdated":"2024-11-26T15:17:28.8855611+09:00"},{"Score":2.97,"Term":"tax","LastUpdated":"2024-11-26T15:17:28.8855793+09:00"},{"Score":2.97,"Term":"return","LastUpdated":"2024-11-26T15:17:28.8856294+09:00"},{"Score":2.91,"Term":"enter","LastUpdated":"2024-11-26T15:17:28.885536+09:00"},{"Score":2.88,"Term":"instructions","LastUpdated":"2024-11-26T15:17:28.8855828+09:00"},{"Score":2.55,"Term":"filing","LastUpdated":"2024-11-26T15:17:28.8855111+09:00"},{"Score":2.49,"Term":"returns","LastUpdated":"2024-11-26T15:17:28.8855995+09:00"},{"Score":2.43,"Term":"box","LastUpdated":"2024-11-26T15:17:28.8856305+09:00"},{"Score":2.4,"Term":"foreign","LastUpdated":"2024-11-26T15:17:28.8855683+09:00"},{"Score":2.37,"Term":"amended","LastUpdated":"2024-11-26T15:17:28.8856174+09:00"},{"Score":2.28,"Term":"security","LastUpdated":"2024-11-26T15:17:28.8855435+09:00"},{"Score":2.28,"Term":"social","LastUpdated":"2024-11-26T15:17:28.885597+09:00"},{"Score":2.16,"Term":"individual","LastUpdated":"2024-11-26T15:17:28.8855163+09:00"},{"Score":2.16,"Term":"complete","LastUpdated":"2024-11-26T15:17:28.8856151+09:00"},{"Score":2.13,"Term":"status","LastUpdated":"2024-11-26T15:17:28.8855696+09:00"},{"Score":2.1,"Term":"changing","LastUpdated":"2024-11-26T15:17:28.8855817+09:00"},{"Score":2.1,"Term":"calendar","LastUpdated":"2024-11-26T15:17:28.885644+09:00"},{"Score":2.1,"Term":"check","LastUpdated":"2024-11-26T15:17:28.8856499+09:00"},{"Score":2.07,"Term":"middle","LastUpdated":"2024-11-26T15:17:28.8855895+09:00"},{"Score":2.07,"Term":"subtract","LastUpdated":"2024-11-26T15:17:28.8855933+09:00"},{"Score":2.07,"Term":"initial","LastUpdated":"2024-11-26T15:17:28.8856018+09:00"},{"Score":2.04,"Term":"internal","LastUpdated":"2024-11-26T15:17:28.8855309+09:00"},{"Score":2.04,"Term":"joint","LastUpdated":"2024-11-26T15:17:28.8855498+09:00"},{"Score":2.04,"Term":"treasury","LastUpdated":"2024-11-26T15:17:28.885587+09:00"},{"Score":2.04,"Term":"service","LastUpdated":"2024-11-26T15:17:28.885592+09:00"},{"Score":2.04,"Term":"revenue","LastUpdated":"2024-11-26T15:17:28.8856053+09:00"},{"Score":2.04,"Term":"department","LastUpdated":"2024-11-26T15:17:28.8856126+09:00"},{"Score":2.01,"Term":"address","LastUpdated":"2024-11-26T15:17:28.8855883+09:00"},{"Score":2.01,"Term":"january","LastUpdated":"2024-11-26T15:17:28.8856197+09:00"},{"Score":2.01,"Term":"omb","LastUpdated":"2024-11-26T15:17:28.8856578+09:00"},{"Score":1.98,"Term":"code","LastUpdated":"2024-11-26T15:17:28.8855649+09:00"},{"Score":1.95,"Term":"fiscal","LastUpdated":"2024-11-26T15:17:28.885572+09:00"},{"Score":1.95,"Term":"original","LastUpdated":"2024-11-26T15:17:28.8856685+09:00"},{"Score":1.92,"Term":"james","LastUpdated":"2024-11-26T15:17:28.8855625+09:00"},{"Score":1.92,"Term":"jones","LastUpdated":"2024-11-26T15:17:28.8856221+09:00"},{"Score":1.89,"Term":"current","LastUpdated":"2024-11-26T15:17:28.8856209+09:00"},{"Score":1.89,"Term":"adjusted","LastUpdated":"2024-11-26T15:17:28.8856601+09:00"},{"Score":1.89,"Term":"change","LastUpdated":"2024-11-26T15:17:28.8856698+09:00"},{"Score":1.86,"Term":"apt","LastUpdated":"2024-11-26T15:17:28.885546+09:00"},{"Score":1.86,"Term":"willow","LastUpdated":"2024-11-26T15:17:28.8855511+09:00"},{"Score":1.86,"Term":"care","LastUpdated":"2024-11-26T15:17:28.8855598+09:00"},{"Score":1.86,"Term":"city","LastUpdated":"2024-11-26T15:17:28.8855672+09:00"},{"Score":1.86,"Term":"drive","LastUpdated":"2024-11-26T15:17:28.885578+09:00"},{"Score":1.86,"Term":"health","LastUpdated":"2024-11-26T15:17:28.8855958+09:00"},{"Score":1.86,"Term":"town","LastUpdated":"2024-11-26T15:17:28.8856102+09:00"},{"Score":1.86,"Term":"greene","LastUpdated":"2024-11-26T15:17:28.8856257+09:00"},{"Score":1.86,"Term":"phone","LastUpdated":"2024-11-26T15:17:28.8856452+09:00"},{"Score":1.83,"Term":"zip","LastUpdated":"2024-11-26T15:17:28.8855732+09:00"},{"Score":1.83,"Term":"post","LastUpdated":"2024-11-26T15:17:28.8856353+09:00"},{"Score":1.83,"Term":"office","LastUpdated":"2024-11-26T15:17:28.885639+09:00"},{"Score":1.83,"Term":"spaces","LastUpdated":"2024-11-26T15:17:28.8856722+09:00"},{"Score":1.8,"Term":"alabama","LastUpdated":"2024-11-26T15:17:28.8855226+09:00"},{"Score":1.8,"Term":"montgomery","LastUpdated":"2024-11-26T15:17:28.8855239+09:00"},{"Score":1.8,"Term":"married","LastUpdated":"2024-11-26T15:17:28.8855548+09:00"},{"Score":1.8,"Term":"postal","LastUpdated":"2024-11-26T15:17:28.8856416+09:00"},{"Score":1.8,"Term":"country","LastUpdated":"2024-11-26T15:17:28.8856795+09:00"},{"Score":1.8,"Term":"qualifying","LastUpdated":"2024-11-26T15:17:28.8856819+09:00"},{"Score":1.77,"Term":"caution","LastUpdated":"2024-11-26T15:17:28.8855637+09:00"},{"Score":1.77,"Term":"checked","LastUpdated":"2024-11-26T15:17:28.8856269+09:00"},{"Score":1.74,"Term":"separate","LastUpdated":"2024-11-26T15:17:28.8855334+09:00"},{"Score":1.71,"Term":"iii","LastUpdated":"2024-11-26T15:17:28.8855536+09:00"},{"Score":1.71,"Term":"amending","LastUpdated":"2024-11-26T15:17:28.8856065+09:00"},{"Score":1.71,"Term":"explain","LastUpdated":"2024-11-26T15:17:28.8856366+09:00"},{"Score":1.71,"Term":"coverage","LastUpdated":"2024-11-26T15:17:28.8856464+09:00"},{"Score":1.68,"Term":"blank","LastUpdated":"2024-11-26T15:17:28.8855211+09:00"},{"Score":1.68,"Term":"jointly","LastUpdated":"2024-11-26T15:17:28.8855278+09:00"},{"Score":1.68,"Term":"single","LastUpdated":"2024-11-26T15:17:28.885541+09:00"},{"Score":1.68,"Term":"leave","LastUpdated":"2024-11-26T15:17:28.885609+09:00"},{"Score":1.68,"Term":"separately","LastUpdated":"2024-11-26T15:17:28.8856661+09:00"},{"Score":1.68,"Term":"deductions","LastUpdated":"2024-11-26T15:17:28.8856759+09:00"},{"Score":1.65,"Term":"household","LastUpdated":"2024-11-26T15:17:28.8855321+09:00"},{"Score":1.65,"Term":"spouse","LastUpdated":"2024-11-26T15:17:28.885603+09:00"},{"Score":1.65,"Term":"total","LastUpdated":"2024-11-26T15:17:28.8856529+09:00"},{"Score":1.65,"Term":"included","LastUpdated":"2024-11-26T15:17:28.8856543+09:00"},{"Score":1.65,"Term":"carryback","LastUpdated":"2024-11-26T15:17:28.8856565+09:00"},{"Score":1.65,"Term":"head","LastUpdated":"2024-11-26T15:17:28.8856771+09:00"},{"Score":1.65,"Term":"mfs","LastUpdated":"2024-11-26T15:17:28.8856783+09:00"},{"Score":1.62,"Term":"dependent","LastUpdated":"2024-11-26T15:17:28.8855135+09:00"},{"Score":1.62,"Term":"deduction","LastUpdated":"2024-11-26T15:17:28.8855197+09:00"},{"Score":1.62,"Term":"earlier","LastUpdated":"2024-11-26T15:17:28.8855422+09:00"},{"Score":1.62,"Term":"hoh","LastUpdated":"2024-11-26T15:17:28.8855944+09:00"},{"Score":1.62,"Term":"qw","LastUpdated":"2024-11-26T15:17:28.8856041+09:00"},{"Score":1.62,"Term":"payments","LastUpdated":"2024-11-26T15:17:28.8856318+09:00"},{"Score":1.62,"Term":"person","LastUpdated":"2024-11-26T15:17:28.8856428+09:00"},{"Score":1.62,"Term":"child","LastUpdated":"2024-11-26T15:17:28.8856747+09:00"},{"Score":1.59,"Term":"reported","LastUpdated":"2024-11-26T15:17:28.8855586+09:00"},{"Score":1.59,"Term":"business","LastUpdated":"2024-11-26T15:17:28.8855768+09:00"},{"Score":1.56,"Term":"increase","LastUpdated":"2024-11-26T15:17:28.8855756+09:00"},{"Score":1.56,"Term":"correct","LastUpdated":"2024-11-26T15:17:28.8856403+09:00"},{"Score":1.53,"Term":"paid","LastUpdated":"2024-11-26T15:17:28.8855372+09:00"},{"Score":1.53,"Term":"loss","LastUpdated":"2024-11-26T15:17:28.8855574+09:00"},{"Score":1.53,"Term":"result","LastUpdated":"2024-11-26T15:17:28.8855744+09:00"},{"Score":1.53,"Term":"operating","LastUpdated":"2024-11-26T15:17:28.8855852+09:00"},{"Score":1.53,"Term":"gross","LastUpdated":"2024-11-26T15:17:28.8856649+09:00"},{"Score":1.5,"Term":"standard","LastUpdated":"2024-11-26T15:17:28.8855485+09:00"},{"Score":1.5,"Term":"credit","LastUpdated":"2024-11-26T15:17:28.885584+09:00"},{"Score":1.5,"Term":"itemized","LastUpdated":"2024-11-26T15:17:28.8855982+09:00"},{"Score":1.5,"Term":"credits","LastUpdated":"2024-11-26T15:17:28.8856006+09:00"},{"Score":1.5,"Term":"exemptions","LastUpdated":"2024-11-26T15:17:28.8856077+09:00"},{"Score":1.47,"Term":"column","LastUpdated":"2024-11-26T15:17:28.8856341+09:00"},{"Score":1.44,"Term":"add","LastUpdated":"2024-11-26T15:17:28.8855148+09:00"},{"Score":1.44,"Term":"qualified","LastUpdated":"2024-11-26T15:17:28.8855562+09:00"},{"Score":1.44,"Term":"lines","LastUpdated":"2024-11-26T15:17:28.8856114+09:00"},{"Score":1.44,"Term":"taxable","LastUpdated":"2024-11-26T15:17:28.8856807+09:00"},{"Score":1.41,"Term":"liability","LastUpdated":"2024-11-26T15:17:28.8855804+09:00"},{"Score":1.41,"Term":"withheld","LastUpdated":"2024-11-26T15:17:28.8856185+09:00"},{"Score":1.38,"Term":"figure","LastUpdated":"2024-11-26T15:17:28.8855253+09:00"},{"Score":1.38,"Term":"applied","LastUpdated":"2024-11-26T15:17:28.8856162+09:00"},{"Score":1.38,"Term":"estimated","LastUpdated":"2024-11-26T15:17:28.8856233+09:00"},{"Score":1.32,"Term":"responsibility","LastUpdated":"2024-11-26T15:17:28.885566+09:00"},{"Score":1.32,"Term":"form","LastUpdated":"2024-11-26T15:17:28.885659+09:00"},{"Score":1.32,"Term":"taxes","LastUpdated":"2024-11-26T15:17:28.8856842+09:00"},{"Score":1.29,"Term":"excess","LastUpdated":"2024-11-26T15:17:28.8856487+09:00"},{"Score":1.29,"Term":"federal","LastUpdated":"2024-11-26T15:17:28.8856554+09:00"},{"Score":1.26,"Term":"owe","LastUpdated":"2024-11-26T15:17:28.8855346+09:00"},{"Score":1.26,"Term":"including","LastUpdated":"2024-11-26T15:17:28.8855397+09:00"},{"Score":1.26,"Term":"rrta","LastUpdated":"2024-11-26T15:17:28.8855708+09:00"},{"Score":1.26,"Term":"tier","LastUpdated":"2024-11-26T15:17:28.8856613+09:00"},{"Score":1.23,"Term":"refundable","LastUpdated":"2024-11-26T15:17:28.8855448+09:00"},{"Score":1.23,"Term":"schedule","LastUpdated":"2024-11-26T15:17:28.8855523+09:00"},{"Score":1.23,"Term":"earned","LastUpdated":"2024-11-26T15:17:28.8856281+09:00"},{"Score":1.23,"Term":"prior","LastUpdated":"2024-11-26T15:17:28.8856625+09:00"},{"Score":1.2,"Term":"difference","LastUpdated":"2024-11-26T15:17:28.8855265+09:00"},{"Score":1.17,"Term":"time","LastUpdated":"2024-11-26T15:17:28.8855384+09:00"},{"Score":1.17,"Term":"extension","LastUpdated":"2024-11-26T15:17:28.8856475+09:00"},{"Score":1.17,"Term":"file","LastUpdated":"2024-11-26T15:17:28.8856517+09:00"},{"Score":1.17,"Term":"additional","LastUpdated":"2024-11-26T15:17:28.8856637+09:00"},{"Score":1.17,"Term":"request","LastUpdated":"2024-11-26T15:17:28.885671+09:00"},{"Score":1.14,"Term":"refund","LastUpdated":"2024-11-26T15:17:28.8855908+09:00"},{"Score":1.14,"Term":"filed","LastUpdated":"2024-11-26T15:17:28.8856378+09:00"},{"Score":1.11,"Term":"irs","LastUpdated":"2024-11-26T15:17:28.8856138+09:00"},{"Score":1.11,"Term":"overpayment","LastUpdated":"2024-11-26T15:17:28.885683+09:00"},{"Score":1.02,"Term":"overpaid","LastUpdated":"2024-11-26T15:17:28.8856244+09:00"},{"Score":1.02,"Term":"refunded","LastUpdated":"2024-11-26T15:17:28.8856673+09:00"},{"Score":0.99,"Term":"sign","LastUpdated":"2024-11-26T15:17:28.885633+09:00"},{"Score":0.96,"Term":"paperwork","LastUpdated":"2024-11-26T15:17:28.8855175+09:00"},{"Score":0.96,"Term":"notice","LastUpdated":"2024-11-26T15:17:28.8855291+09:00"},{"Score":0.96,"Term":"reduction","LastUpdated":"2024-11-26T15:17:28.8855473+09:00"},{"Score":0.96,"Term":"cat","LastUpdated":"2024-11-26T15:17:28.8856735+09:00"}]},"RestOfPagesVector":{"VectorId":"UiPath.DU.1040x_2.RestOfPages","DocumentCount":3,"TermsWithScores":[{"Score":1.89,"Term":"dependents","LastUpdated":"2024-11-26T15:17:28.8858515+09:00"},{"Score":1.89,"Term":"form","LastUpdated":"2024-11-26T15:17:28.8859261+09:00"},{"Score":1.83,"Term":"amending","LastUpdated":"2024-11-26T15:17:28.8858989+09:00"},{"Score":1.83,"Term":"exemptions","LastUpdated":"2024-11-26T15:17:28.8858998+09:00"},{"Score":1.83,"Term":"return","LastUpdated":"2024-11-26T15:17:28.8859097+09:00"},{"Score":1.65,"Term":"amended","LastUpdated":"2024-11-26T15:17:28.885907+09:00"},{"Score":1.44,"Term":"blank","LastUpdated":"2024-11-26T15:17:28.8858546+09:00"},{"Score":1.44,"Term":"leave","LastUpdated":"2024-11-26T15:17:28.8859016+09:00"},{"Score":1.2,"Term":"lines","LastUpdated":"2024-11-26T15:17:28.8859034+09:00"},{"Score":1.14,"Term":"instructions","LastUpdated":"2024-11-26T15:17:28.8858862+09:00"},{"Score":1.14,"Term":"forms","LastUpdated":"2024-11-26T15:17:28.8859043+09:00"},{"Score":1.11,"Term":"tax","LastUpdated":"2024-11-26T15:17:28.8858853+09:00"},{"Score":1.08,"Term":"dependent","LastUpdated":"2024-11-26T15:17:28.8858505+09:00"},{"Score":1.08,"Term":"complete","LastUpdated":"2024-11-26T15:17:28.8859061+09:00"},{"Score":1.05,"Term":"changed","LastUpdated":"2024-11-26T15:17:28.8859052+09:00"},{"Score":1.02,"Term":"reported","LastUpdated":"2024-11-26T15:17:28.8858705+09:00"},{"Score":1.02,"Term":"change","LastUpdated":"2024-11-26T15:17:28.885932+09:00"},{"Score":0.99,"Term":"returns","LastUpdated":"2024-11-26T15:17:28.8858943+09:00"},{"Score":0.96,"Term":"caution","LastUpdated":"2024-11-26T15:17:28.8858742+09:00"},{"Score":0.96,"Term":"correct","LastUpdated":"2024-11-26T15:17:28.8859161+09:00"},{"Score":0.96,"Term":"original","LastUpdated":"2024-11-26T15:17:28.8859306+09:00"},{"Score":0.9,"Term":"relating","LastUpdated":"2024-11-26T15:17:28.8859116+09:00"},{"Score":0.87,"Term":"include","LastUpdated":"2024-11-26T15:17:28.8858953+09:00"},{"Score":0.87,"Term":"spouse","LastUpdated":"2024-11-26T15:17:28.885898+09:00"},{"Score":0.87,"Term":"exemption","LastUpdated":"2024-11-26T15:17:28.8859007+09:00"},{"Score":0.87,"Term":"claim","LastUpdated":"2024-11-26T15:17:28.8859134+09:00"},{"Score":0.84,"Term":"children","LastUpdated":"2024-11-26T15:17:28.8859199+09:00"},{"Score":0.81,"Term":"applicable","LastUpdated":"2024-11-26T15:17:28.8859347+09:00"},{"Score":0.78,"Term":"fund","LastUpdated":"2024-11-26T15:17:28.8858696+09:00"},{"Score":0.78,"Term":"note","LastUpdated":"2024-11-26T15:17:28.885876+09:00"},{"Score":0.75,"Term":"claimed","LastUpdated":"2024-11-26T15:17:28.8858667+09:00"},{"Score":0.75,"Term":"check","LastUpdated":"2024-11-26T15:17:28.8859216+09:00"},{"Score":0.69,"Term":"adjusted","LastUpdated":"2024-11-26T15:17:28.8859288+09:00"},{"Score":0.66,"Term":"live","LastUpdated":"2024-11-26T15:17:28.8858494+09:00"},{"Score":0.66,"Term":"separation","LastUpdated":"2024-11-26T15:17:28.8858585+09:00"},{"Score":0.66,"Term":"divorce","LastUpdated":"2024-11-26T15:17:28.8858647+09:00"},{"Score":0.66,"Term":"lived","LastUpdated":"2024-11-26T15:17:28.8859271+09:00"},{"Score":0.63,"Term":"add","LastUpdated":"2024-11-26T15:17:28.8858525+09:00"},{"Score":0.63,"Term":"total","LastUpdated":"2024-11-26T15:17:28.8859225+09:00"},{"Score":0.6,"Term":"credit","LastUpdated":"2024-11-26T15:17:28.8858871+09:00"},{"Score":0.6,"Term":"multiply","LastUpdated":"2024-11-26T15:17:28.8859364+09:00"},{"Score":0.57,"Term":"enter","LastUpdated":"2024-11-26T15:17:28.8858595+09:00"},{"Score":0.57,"Term":"preparer","LastUpdated":"2024-11-26T15:17:28.8858799+09:00"},{"Score":0.57,"Term":"result","LastUpdated":"2024-11-26T15:17:28.8858818+09:00"},{"Score":0.54,"Term":"list","LastUpdated":"2024-11-26T15:17:28.8858535+09:00"},{"Score":0.54,"Term":"signature","LastUpdated":"2024-11-26T15:17:28.8858733+09:00"},{"Score":0.51,"Term":"joint","LastUpdated":"2024-11-26T15:17:28.8858677+09:00"},{"Score":0.51,"Term":"inst","LastUpdated":"2024-11-26T15:17:28.8858934+09:00"},{"Score":0.48,"Term":"security","LastUpdated":"2024-11-26T15:17:28.8858637+09:00"},{"Score":0.48,"Term":"social","LastUpdated":"2024-11-26T15:17:28.8858925+09:00"},{"Score":0.48,"Term":"qualifies","LastUpdated":"2024-11-26T15:17:28.8859171+09:00"},{"Score":0.45,"Term":"schedules","LastUpdated":"2024-11-26T15:17:28.8858779+09:00"},{"Score":0.45,"Term":"relationship","LastUpdated":"2024-11-26T15:17:28.8859151+09:00"},{"Score":0.45,"Term":"child","LastUpdated":"2024-11-26T15:17:28.8859355+09:00"},{"Score":0.42,"Term":"checking","LastUpdated":"2024-11-26T15:17:28.8858658+09:00"},{"Score":0.42,"Term":"election","LastUpdated":"2024-11-26T15:17:28.8859025+09:00"},{"Score":0.42,"Term":"presidential","LastUpdated":"2024-11-26T15:17:28.8859234+09:00"},{"Score":0.42,"Term":"campaign","LastUpdated":"2024-11-26T15:17:28.8859337+09:00"},{"Score":0.39,"Term":"increase","LastUpdated":"2024-11-26T15:17:28.8858844+09:00"},{"Score":0.39,"Term":"refund","LastUpdated":"2024-11-26T15:17:28.8858898+09:00"},{"Score":0.39,"Term":"reduce","LastUpdated":"2024-11-26T15:17:28.8859125+09:00"},{"Score":0.36,"Term":"knowledge","LastUpdated":"2024-11-26T15:17:28.8858566+09:00"},{"Score":0.33,"Term":"iii","LastUpdated":"2024-11-26T15:17:28.8858686+09:00"},{"Score":0.33,"Term":"space","LastUpdated":"2024-11-26T15:17:28.8858769+09:00"},{"Score":0.33,"Term":"explanation","LastUpdated":"2024-11-26T15:17:28.8859279+09:00"},{"Score":0.3,"Term":"filing","LastUpdated":"2024-11-26T15:17:28.8858481+09:00"},{"Score":0.3,"Term":"attach","LastUpdated":"2024-11-26T15:17:28.8858625+09:00"},{"Score":0.3,"Term":"documents","LastUpdated":"2024-11-26T15:17:28.8858789+09:00"},{"Score":0.3,"Term":"supporting","LastUpdated":"2024-11-26T15:17:28.8858962+09:00"},{"Score":0.3,"Term":"sign","LastUpdated":"2024-11-26T15:17:28.8859107+09:00"},{"Score":0.3,"Term":"remember","LastUpdated":"2024-11-26T15:17:28.8859329+09:00"},{"Score":0.27,"Term":"declare","LastUpdated":"2024-11-26T15:17:28.8858723+09:00"},{"Score":0.27,"Term":"perjury","LastUpdated":"2024-11-26T15:17:28.885888+09:00"},{"Score":0.27,"Term":"penalties","LastUpdated":"2024-11-26T15:17:28.8858907+09:00"},{"Score":0.27,"Term":"records","LastUpdated":"2024-11-26T15:17:28.8858916+09:00"},{"Score":0.27,"Term":"filed","LastUpdated":"2024-11-26T15:17:28.8859142+09:00"},{"Score":0.24,"Term":"including","LastUpdated":"2024-11-26T15:17:28.8858614+09:00"},{"Score":0.24,"Term":"examined","LastUpdated":"2024-11-26T15:17:28.8858971+09:00"},{"Score":0.24,"Term":"accompanying","LastUpdated":"2024-11-26T15:17:28.8859207+09:00"},{"Score":0.24,"Term":"statements","LastUpdated":"2024-11-26T15:17:28.8859243+09:00"},{"Score":0.24,"Term":"occupation","LastUpdated":"2024-11-26T15:17:28.8859252+09:00"},{"Score":0.21,"Term":"belief","LastUpdated":"2024-11-26T15:17:28.8858827+09:00"},{"Score":0.21,"Term":"declaration","LastUpdated":"2024-11-26T15:17:28.8859088+09:00"},{"Score":0.21,"Term":"true","LastUpdated":"2024-11-26T15:17:28.8859297+09:00"},{"Score":0.18,"Term":"based","LastUpdated":"2024-11-26T15:17:28.8859079+09:00"},{"Score":0.15,"Term":"paid","LastUpdated":"2024-11-26T15:17:28.8858605+09:00"},{"Score":0.12,"Term":"visit","LastUpdated":"2024-11-26T15:17:28.8858556+09:00"},{"Score":0.12,"Term":"publications","LastUpdated":"2024-11-26T15:17:28.8858575+09:00"},{"Score":0.12,"Term":"ptin","LastUpdated":"2024-11-26T15:17:28.885918+09:00"},{"Score":0.09,"Term":"address","LastUpdated":"2024-11-26T15:17:28.8858889+09:00"},{"Score":0.06,"Term":"ein","LastUpdated":"2024-11-26T15:17:28.8858714+09:00"},{"Score":0.06,"Term":"code","LastUpdated":"2024-11-26T15:17:28.8858751+09:00"},{"Score":0.06,"Term":"zip","LastUpdated":"2024-11-26T15:17:28.8858808+09:00"},{"Score":0.06,"Term":"phone","LastUpdated":"2024-11-26T15:17:28.8859189+09:00"}]},"ParentVectorId":"UiPath.DU.1040x","VectorId":"UiPath.DU.1040x_2","DocumentCount":3,"TermsWithScores":[{"Score":2.97,"Term":"tax","LastUpdated":"2024-11-26T15:17:28.8862815+09:00"},{"Score":2.97,"Term":"return","LastUpdated":"2024-11-26T15:17:28.8863656+09:00"},{"Score":2.91,"Term":"enter","LastUpdated":"2024-11-26T15:17:28.8862042+09:00"},{"Score":2.91,"Term":"instructions","LastUpdated":"2024-11-26T15:17:28.8862861+09:00"},{"Score":2.88,"Term":"amended","LastUpdated":"2024-11-26T15:17:28.8863474+09:00"},{"Score":2.79,"Term":"income","LastUpdated":"2024-11-26T15:17:28.8862459+09:00"},{"Score":2.55,"Term":"amending","LastUpdated":"2024-11-26T15:17:28.8863271+09:00"},{"Score":2.49,"Term":"returns","LastUpdated":"2024-11-26T15:17:28.8863133+09:00"},{"Score":2.43,"Term":"filing","LastUpdated":"2024-11-26T15:17:28.8861643+09:00"},{"Score":2.4,"Term":"check","LastUpdated":"2024-11-26T15:17:28.8864044+09:00"},{"Score":2.31,"Term":"complete","LastUpdated":"2024-11-26T15:17:28.8863444+09:00"},{"Score":2.25,"Term":"security","LastUpdated":"2024-11-26T15:17:28.8862153+09:00"},{"Score":2.25,"Term":"social","LastUpdated":"2024-11-26T15:17:28.8863079+09:00"},{"Score":2.25,"Term":"exemptions","LastUpdated":"2024-11-26T15:17:28.8863288+09:00"},{"Score":2.22,"Term":"joint","LastUpdated":"2024-11-26T15:17:28.8862279+09:00"},{"Score":2.19,"Term":"box","LastUpdated":"2024-11-26T15:17:28.8863671+09:00"},{"Score":2.16,"Term":"blank","LastUpdated":"2024-11-26T15:17:28.8861791+09:00"},{"Score":2.16,"Term":"leave","LastUpdated":"2024-11-26T15:17:28.8863318+09:00"},{"Score":2.13,"Term":"foreign","LastUpdated":"2024-11-26T15:17:28.8862629+09:00"},{"Score":2.07,"Term":"individual","LastUpdated":"2024-11-26T15:17:28.8861742+09:00"},{"Score":2.07,"Term":"original","LastUpdated":"2024-11-26T15:17:28.8864366+09:00"},{"Score":2.07,"Term":"change","LastUpdated":"2024-11-26T15:17:28.8864381+09:00"},{"Score":2.04,"Term":"address","LastUpdated":"2024-11-26T15:17:28.886294+09:00"},{"Score":2.01,"Term":"internal","LastUpdated":"2024-11-26T15:17:28.8861931+09:00"},{"Score":2.01,"Term":"code","LastUpdated":"2024-11-26T15:17:28.8862538+09:00"},{"Score":2.01,"Term":"treasury","LastUpdated":"2024-11-26T15:17:28.8862907+09:00"},{"Score":2.01,"Term":"service","LastUpdated":"2024-11-26T15:17:28.8862987+09:00"},{"Score":2.01,"Term":"revenue","LastUpdated":"2024-11-26T15:17:28.8863255+09:00"},{"Score":2.01,"Term":"department","LastUpdated":"2024-11-26T15:17:28.8863382+09:00"},{"Score":2.01,"Term":"calendar","LastUpdated":"2024-11-26T15:17:28.8863938+09:00"},{"Score":1.98,"Term":"middle","LastUpdated":"2024-11-26T15:17:28.8862955+09:00"},{"Score":1.98,"Term":"initial","LastUpdated":"2024-11-26T15:17:28.8863211+09:00"},{"Score":1.98,"Term":"january","LastUpdated":"2024-11-26T15:17:28.8863521+09:00"},{"Score":1.98,"Term":"omb","LastUpdated":"2024-11-26T15:17:28.8864182+09:00"},{"Score":1.95,"Term":"status","LastUpdated":"2024-11-26T15:17:28.886266+09:00"},{"Score":1.92,"Term":"dependent","LastUpdated":"2024-11-26T15:17:28.8861677+09:00"},{"Score":1.92,"Term":"caution","LastUpdated":"2024-11-26T15:17:28.8862522+09:00"},{"Score":1.92,"Term":"fiscal","LastUpdated":"2024-11-26T15:17:28.8862707+09:00"},{"Score":1.92,"Term":"changing","LastUpdated":"2024-11-26T15:17:28.8862846+09:00"},{"Score":1.89,"Term":"james","LastUpdated":"2024-11-26T15:17:28.8862475+09:00"},{"Score":1.89,"Term":"zip","LastUpdated":"2024-11-26T15:17:28.8862723+09:00"},{"Score":1.89,"Term":"jones","LastUpdated":"2024-11-26T15:17:28.8863551+09:00"},{"Score":1.89,"Term":"phone","LastUpdated":"2024-11-26T15:17:28.8863953+09:00"},{"Score":1.89,"Term":"form","LastUpdated":"2024-11-26T15:17:28.8864198+09:00"},{"Score":1.86,"Term":"current","LastUpdated":"2024-11-26T15:17:28.8863535+09:00"},{"Score":1.86,"Term":"adjusted","LastUpdated":"2024-11-26T15:17:28.8864242+09:00"},{"Score":1.83,"Term":"apt","LastUpdated":"2024-11-26T15:17:28.8862185+09:00"},{"Score":1.83,"Term":"willow","LastUpdated":"2024-11-26T15:17:28.8862294+09:00"},{"Score":1.83,"Term":"city","LastUpdated":"2024-11-26T15:17:28.8862582+09:00"},{"Score":1.83,"Term":"drive","LastUpdated":"2024-11-26T15:17:28.88628+09:00"},{"Score":1.83,"Term":"town","LastUpdated":"2024-11-26T15:17:28.8863334+09:00"},{"Score":1.83,"Term":"greene","LastUpdated":"2024-11-26T15:17:28.8863597+09:00"},{"Score":1.8,"Term":"dependents","LastUpdated":"2024-11-26T15:17:28.8861692+09:00"},{"Score":1.8,"Term":"subtract","LastUpdated":"2024-11-26T15:17:28.8863003+09:00"},{"Score":1.8,"Term":"spouse","LastUpdated":"2024-11-26T15:17:28.8863227+09:00"},{"Score":1.8,"Term":"post","LastUpdated":"2024-11-26T15:17:28.8863765+09:00"},{"Score":1.8,"Term":"office","LastUpdated":"2024-11-26T15:17:28.8863845+09:00"},{"Score":1.8,"Term":"spaces","LastUpdated":"2024-11-26T15:17:28.8864428+09:00"},{"Score":1.77,"Term":"alabama","LastUpdated":"2024-11-26T15:17:28.8861811+09:00"},{"Score":1.77,"Term":"montgomery","LastUpdated":"2024-11-26T15:17:28.8861826+09:00"},{"Score":1.77,"Term":"care","LastUpdated":"2024-11-26T15:17:28.8862444+09:00"},{"Score":1.77,"Term":"health","LastUpdated":"2024-11-26T15:17:28.8863064+09:00"},{"Score":1.77,"Term":"lines","LastUpdated":"2024-11-26T15:17:28.8863365+09:00"},{"Score":1.77,"Term":"postal","LastUpdated":"2024-11-26T15:17:28.8863907+09:00"},{"Score":1.77,"Term":"country","LastUpdated":"2024-11-26T15:17:28.8864549+09:00"},{"Score":1.74,"Term":"iii","LastUpdated":"2024-11-26T15:17:28.8862334+09:00"},{"Score":1.74,"Term":"reported","LastUpdated":"2024-11-26T15:17:28.8862413+09:00"},{"Score":1.74,"Term":"correct","LastUpdated":"2024-11-26T15:17:28.886386+09:00"},{"Score":1.71,"Term":"separate","LastUpdated":"2024-11-26T15:17:28.8862009+09:00"},{"Score":1.71,"Term":"married","LastUpdated":"2024-11-26T15:17:28.8862349+09:00"},{"Score":1.71,"Term":"qualifying","LastUpdated":"2024-11-26T15:17:28.8864598+09:00"},{"Score":1.68,"Term":"credit","LastUpdated":"2024-11-26T15:17:28.8862876+09:00"},{"Score":1.68,"Term":"checked","LastUpdated":"2024-11-26T15:17:28.8863612+09:00"},{"Score":1.68,"Term":"coverage","LastUpdated":"2024-11-26T15:17:28.8863998+09:00"},{"Score":1.65,"Term":"jointly","LastUpdated":"2024-11-26T15:17:28.8861875+09:00"},{"Score":1.65,"Term":"single","LastUpdated":"2024-11-26T15:17:28.886212+09:00"},{"Score":1.65,"Term":"separately","LastUpdated":"2024-11-26T15:17:28.8864334+09:00"},{"Score":1.65,"Term":"child","LastUpdated":"2024-11-26T15:17:28.8864488+09:00"},{"Score":1.62,"Term":"household","LastUpdated":"2024-11-26T15:17:28.8861946+09:00"},{"Score":1.62,"Term":"increase","LastUpdated":"2024-11-26T15:17:28.8862769+09:00"},{"Score":1.62,"Term":"explain","LastUpdated":"2024-11-26T15:17:28.886378+09:00"},{"Score":1.62,"Term":"total","LastUpdated":"2024-11-26T15:17:28.8864075+09:00"},{"Score":1.62,"Term":"head","LastUpdated":"2024-11-26T15:17:28.8864519+09:00"},{"Score":1.62,"Term":"mfs","LastUpdated":"2024-11-26T15:17:28.8864534+09:00"},{"Score":1.59,"Term":"hoh","LastUpdated":"2024-11-26T15:17:28.8863034+09:00"},{"Score":1.59,"Term":"qw","LastUpdated":"2024-11-26T15:17:28.886324+09:00"},{"Score":1.59,"Term":"person","LastUpdated":"2024-11-26T15:17:28.8863922+09:00"},{"Score":1.59,"Term":"deductions","LastUpdated":"2024-11-26T15:17:28.8864504+09:00"},{"Score":1.56,"Term":"result","LastUpdated":"2024-11-26T15:17:28.8862739+09:00"},{"Score":1.56,"Term":"included","LastUpdated":"2024-11-26T15:17:28.8864091+09:00"},{"Score":1.56,"Term":"carryback","LastUpdated":"2024-11-26T15:17:28.8864167+09:00"},{"Score":1.53,"Term":"deduction","LastUpdated":"2024-11-26T15:17:28.8861774+09:00"},{"Score":1.53,"Term":"earlier","LastUpdated":"2024-11-26T15:17:28.8862136+09:00"},{"Score":1.5,"Term":"paid","LastUpdated":"2024-11-26T15:17:28.8862058+09:00"},{"Score":1.5,"Term":"loss","LastUpdated":"2024-11-26T15:17:28.8862382+09:00"},{"Score":1.5,"Term":"business","LastUpdated":"2024-11-26T15:17:28.8862784+09:00"},{"Score":1.5,"Term":"operating","LastUpdated":"2024-11-26T15:17:28.8862891+09:00"},{"Score":1.5,"Term":"gross","LastUpdated":"2024-11-26T15:17:28.8864318+09:00"},{"Score":1.47,"Term":"add","LastUpdated":"2024-11-26T15:17:28.8861708+09:00"},{"Score":1.47,"Term":"standard","LastUpdated":"2024-11-26T15:17:28.8862249+09:00"},{"Score":1.47,"Term":"itemized","LastUpdated":"2024-11-26T15:17:28.8863095+09:00"},{"Score":1.44,"Term":"payments","LastUpdated":"2024-11-26T15:17:28.8863688+09:00"},{"Score":1.41,"Term":"qualified","LastUpdated":"2024-11-26T15:17:28.8862365+09:00"},{"Score":1.41,"Term":"credits","LastUpdated":"2024-11-26T15:17:28.8863196+09:00"},{"Score":1.41,"Term":"taxable","LastUpdated":"2024-11-26T15:17:28.8864567+09:00"},{"Score":1.38,"Term":"liability","LastUpdated":"2024-11-26T15:17:28.886283+09:00"},{"Score":1.35,"Term":"figure","LastUpdated":"2024-11-26T15:17:28.8861843+09:00"},{"Score":1.32,"Term":"withheld","LastUpdated":"2024-11-26T15:17:28.886349+09:00"},{"Score":1.29,"Term":"including","LastUpdated":"2024-11-26T15:17:28.8862089+09:00"},{"Score":1.29,"Term":"responsibility","LastUpdated":"2024-11-26T15:17:28.8862552+09:00"},{"Score":1.29,"Term":"applied","LastUpdated":"2024-11-26T15:17:28.8863459+09:00"},{"Score":1.29,"Term":"estimated","LastUpdated":"2024-11-26T15:17:28.8863566+09:00"},{"Score":1.29,"Term":"column","LastUpdated":"2024-11-26T15:17:28.8863719+09:00"},{"Score":1.29,"Term":"taxes","LastUpdated":"2024-11-26T15:17:28.8864627+09:00"},{"Score":1.26,"Term":"excess","LastUpdated":"2024-11-26T15:17:28.8864028+09:00"},{"Score":1.26,"Term":"federal","LastUpdated":"2024-11-26T15:17:28.8864136+09:00"},{"Score":1.23,"Term":"rrta","LastUpdated":"2024-11-26T15:17:28.8862675+09:00"},{"Score":1.23,"Term":"tier","LastUpdated":"2024-11-26T15:17:28.8864258+09:00"},{"Score":1.2,"Term":"refundable","LastUpdated":"2024-11-26T15:17:28.8862168+09:00"},{"Score":1.2,"Term":"schedule","LastUpdated":"2024-11-26T15:17:28.8862317+09:00"},{"Score":1.2,"Term":"earned","LastUpdated":"2024-11-26T15:17:28.8863641+09:00"},{"Score":1.2,"Term":"filed","LastUpdated":"2024-11-26T15:17:28.8863811+09:00"},{"Score":1.2,"Term":"prior","LastUpdated":"2024-11-26T15:17:28.8864272+09:00"},{"Score":1.17,"Term":"owe","LastUpdated":"2024-11-26T15:17:28.8862025+09:00"},{"Score":1.17,"Term":"refund","LastUpdated":"2024-11-26T15:17:28.8862971+09:00"},{"Score":1.14,"Term":"time","LastUpdated":"2024-11-26T15:17:28.8862073+09:00"},{"Score":1.14,"Term":"sign","LastUpdated":"2024-11-26T15:17:28.8863703+09:00"},{"Score":1.14,"Term":"extension","LastUpdated":"2024-11-26T15:17:28.8864013+09:00"},{"Score":1.14,"Term":"file","LastUpdated":"2024-11-26T15:17:28.886406+09:00"},{"Score":1.14,"Term":"additional","LastUpdated":"2024-11-26T15:17:28.8864288+09:00"},{"Score":1.14,"Term":"request","LastUpdated":"2024-11-26T15:17:28.8864397+09:00"},{"Score":1.11,"Term":"difference","LastUpdated":"2024-11-26T15:17:28.8861859+09:00"},{"Score":1.08,"Term":"irs","LastUpdated":"2024-11-26T15:17:28.8863398+09:00"},{"Score":1.08,"Term":"overpayment","LastUpdated":"2024-11-26T15:17:28.8864612+09:00"},{"Score":0.99,"Term":"overpaid","LastUpdated":"2024-11-26T15:17:28.8863582+09:00"},{"Score":0.99,"Term":"refunded","LastUpdated":"2024-11-26T15:17:28.886435+09:00"},{"Score":0.93,"Term":"paperwork","LastUpdated":"2024-11-26T15:17:28.8861758+09:00"},{"Score":0.93,"Term":"notice","LastUpdated":"2024-11-26T15:17:28.8861892+09:00"},{"Score":0.93,"Term":"reduction","LastUpdated":"2024-11-26T15:17:28.8862216+09:00"},{"Score":0.93,"Term":"forms","LastUpdated":"2024-11-26T15:17:28.8863413+09:00"},{"Score":0.93,"Term":"changed","LastUpdated":"2024-11-26T15:17:28.8863428+09:00"},{"Score":0.93,"Term":"cat","LastUpdated":"2024-11-26T15:17:28.8864443+09:00"},{"Score":0.87,"Term":"relating","LastUpdated":"2024-11-26T15:17:28.8863734+09:00"},{"Score":0.84,"Term":"include","LastUpdated":"2024-11-26T15:17:28.8863149+09:00"},{"Score":0.78,"Term":"applicable","LastUpdated":"2024-11-26T15:17:28.8864473+09:00"},{"Score":0.75,"Term":"note","LastUpdated":"2024-11-26T15:17:28.8862566+09:00"},{"Score":0.75,"Term":"exemption","LastUpdated":"2024-11-26T15:17:28.8863303+09:00"},{"Score":0.75,"Term":"claim","LastUpdated":"2024-11-26T15:17:28.8863795+09:00"},{"Score":0.72,"Term":"children","LastUpdated":"2024-11-26T15:17:28.8863969+09:00"},{"Score":0.63,"Term":"live","LastUpdated":"2024-11-26T15:17:28.8861661+09:00"},{"Score":0.63,"Term":"separation","LastUpdated":"2024-11-26T15:17:28.8861992+09:00"},{"Score":0.63,"Term":"divorce","LastUpdated":"2024-11-26T15:17:28.8862201+09:00"},{"Score":0.63,"Term":"claimed","LastUpdated":"2024-11-26T15:17:28.8862264+09:00"},{"Score":0.63,"Term":"lived","LastUpdated":"2024-11-26T15:17:28.8864213+09:00"},{"Score":0.57,"Term":"fund","LastUpdated":"2024-11-26T15:17:28.8862397+09:00"},{"Score":0.57,"Term":"multiply","LastUpdated":"2024-11-26T15:17:28.8864582+09:00"},{"Score":0.51,"Term":"list","LastUpdated":"2024-11-26T15:17:28.8861726+09:00"},{"Score":0.48,"Term":"inst","LastUpdated":"2024-11-26T15:17:28.8863111+09:00"},{"Score":0.45,"Term":"qualifies","LastUpdated":"2024-11-26T15:17:28.8863876+09:00"},{"Score":0.42,"Term":"relationship","LastUpdated":"2024-11-26T15:17:28.886383+09:00"},{"Score":0.39,"Term":"checking","LastUpdated":"2024-11-26T15:17:28.8862232+09:00"},{"Score":0.39,"Term":"election","LastUpdated":"2024-11-26T15:17:28.886335+09:00"},{"Score":0.39,"Term":"presidential","LastUpdated":"2024-11-26T15:17:28.8864105+09:00"},{"Score":0.39,"Term":"campaign","LastUpdated":"2024-11-26T15:17:28.8864458+09:00"},{"Score":0.36,"Term":"preparer","LastUpdated":"2024-11-26T15:17:28.8862692+09:00"},{"Score":0.36,"Term":"reduce","LastUpdated":"2024-11-26T15:17:28.8863749+09:00"},{"Score":0.33,"Term":"signature","LastUpdated":"2024-11-26T15:17:28.8862506+09:00"},{"Score":0.33,"Term":"schedules","LastUpdated":"2024-11-26T15:17:28.8862612+09:00"},{"Score":0.3,"Term":"space","LastUpdated":"2024-11-26T15:17:28.8862597+09:00"},{"Score":0.3,"Term":"explanation","LastUpdated":"2024-11-26T15:17:28.8864227+09:00"},{"Score":0.27,"Term":"knowledge","LastUpdated":"2024-11-26T15:17:28.8861962+09:00"},{"Score":0.27,"Term":"attach","LastUpdated":"2024-11-26T15:17:28.8862105+09:00"},{"Score":0.27,"Term":"documents","LastUpdated":"2024-11-26T15:17:28.8862644+09:00"},{"Score":0.27,"Term":"supporting","LastUpdated":"2024-11-26T15:17:28.8863165+09:00"},{"Score":0.27,"Term":"remember","LastUpdated":"2024-11-26T15:17:28.8864412+09:00"},{"Score":0.24,"Term":"declare","LastUpdated":"2024-11-26T15:17:28.8862491+09:00"},{"Score":0.24,"Term":"perjury","LastUpdated":"2024-11-26T15:17:28.8862924+09:00"},{"Score":0.24,"Term":"penalties","LastUpdated":"2024-11-26T15:17:28.8863019+09:00"},{"Score":0.24,"Term":"records","LastUpdated":"2024-11-26T15:17:28.8863049+09:00"},{"Score":0.21,"Term":"examined","LastUpdated":"2024-11-26T15:17:28.8863181+09:00"},{"Score":0.21,"Term":"accompanying","LastUpdated":"2024-11-26T15:17:28.8863983+09:00"},{"Score":0.21,"Term":"statements","LastUpdated":"2024-11-26T15:17:28.8864121+09:00"},{"Score":0.18,"Term":"belief","LastUpdated":"2024-11-26T15:17:28.8862753+09:00"},{"Score":0.18,"Term":"declaration","LastUpdated":"2024-11-26T15:17:28.8863626+09:00"},{"Score":0.18,"Term":"true","LastUpdated":"2024-11-26T15:17:28.8864303+09:00"},{"Score":0.15,"Term":"based","LastUpdated":"2024-11-26T15:17:28.8863505+09:00"},{"Score":0.15,"Term":"occupation","LastUpdated":"2024-11-26T15:17:28.8864152+09:00"},{"Score":0.09,"Term":"visit","LastUpdated":"2024-11-26T15:17:28.8861908+09:00"},{"Score":0.09,"Term":"publications","LastUpdated":"2024-11-26T15:17:28.8861977+09:00"},{"Score":0.09,"Term":"ptin","LastUpdated":"2024-11-26T15:17:28.8863892+09:00"},{"Score":0.03,"Term":"ein","LastUpdated":"2024-11-26T15:17:28.8862428+09:00"}]}],"TotalDocumentLength":21420,"PageCount":2,"FirstPageVector":{"VectorId":"UiPath.DU.1040x.FirstPage","DocumentCount":3,"TermsWithScores":[{"Score":2.97,"Term":"income","LastUpdated":"2024-11-26T15:17:28.8797383+09:00"},{"Score":2.97,"Term":"tax","LastUpdated":"2024-11-26T15:17:28.8797561+09:00"},{"Score":2.97,"Term":"return","LastUpdated":"2024-11-26T15:17:28.8798051+09:00"},{"Score":2.91,"Term":"enter","LastUpdated":"2024-11-26T15:17:28.8797125+09:00"},{"Score":2.88,"Term":"instructions","LastUpdated":"2024-11-26T15:17:28.8797595+09:00"},{"Score":2.55,"Term":"filing","LastUpdated":"2024-11-26T15:17:28.8796144+09:00"},{"Score":2.49,"Term":"returns","LastUpdated":"2024-11-26T15:17:28.8797756+09:00"},{"Score":2.43,"Term":"box","LastUpdated":"2024-11-26T15:17:28.8798063+09:00"},{"Score":2.4,"Term":"foreign","LastUpdated":"2024-11-26T15:17:28.8797454+09:00"},{"Score":2.37,"Term":"amended","LastUpdated":"2024-11-26T15:17:28.8797933+09:00"},{"Score":2.28,"Term":"security","LastUpdated":"2024-11-26T15:17:28.8797199+09:00"},{"Score":2.28,"Term":"social","LastUpdated":"2024-11-26T15:17:28.8797732+09:00"},{"Score":2.16,"Term":"individual","LastUpdated":"2024-11-26T15:17:28.8796923+09:00"},{"Score":2.16,"Term":"complete","LastUpdated":"2024-11-26T15:17:28.8797909+09:00"},{"Score":2.13,"Term":"status","LastUpdated":"2024-11-26T15:17:28.8797465+09:00"},{"Score":2.1,"Term":"changing","LastUpdated":"2024-11-26T15:17:28.8797584+09:00"},{"Score":2.1,"Term":"calendar","LastUpdated":"2024-11-26T15:17:28.8798192+09:00"},{"Score":2.1,"Term":"check","LastUpdated":"2024-11-26T15:17:28.879825+09:00"},{"Score":2.07,"Term":"middle","LastUpdated":"2024-11-26T15:17:28.8797655+09:00"},{"Score":2.07,"Term":"subtract","LastUpdated":"2024-11-26T15:17:28.8797689+09:00"},{"Score":2.07,"Term":"initial","LastUpdated":"2024-11-26T15:17:28.8797779+09:00"},{"Score":2.04,"Term":"internal","LastUpdated":"2024-11-26T15:17:28.8797072+09:00"},{"Score":2.04,"Term":"joint","LastUpdated":"2024-11-26T15:17:28.879726+09:00"},{"Score":2.04,"Term":"treasury","LastUpdated":"2024-11-26T15:17:28.879763+09:00"},{"Score":2.04,"Term":"service","LastUpdated":"2024-11-26T15:17:28.8797678+09:00"},{"Score":2.04,"Term":"revenue","LastUpdated":"2024-11-26T15:17:28.8797814+09:00"},{"Score":2.04,"Term":"department","LastUpdated":"2024-11-26T15:17:28.8797885+09:00"},{"Score":2.01,"Term":"address","LastUpdated":"2024-11-26T15:17:28.8797642+09:00"},{"Score":2.01,"Term":"january","LastUpdated":"2024-11-26T15:17:28.8797956+09:00"},{"Score":2.01,"Term":"omb","LastUpdated":"2024-11-26T15:17:28.8798327+09:00"},{"Score":1.98,"Term":"code","LastUpdated":"2024-11-26T15:17:28.8797419+09:00"},{"Score":1.95,"Term":"fiscal","LastUpdated":"2024-11-26T15:17:28.879749+09:00"},{"Score":1.95,"Term":"original","LastUpdated":"2024-11-26T15:17:28.8798433+09:00"},{"Score":1.92,"Term":"james","LastUpdated":"2024-11-26T15:17:28.8797395+09:00"},{"Score":1.92,"Term":"jones","LastUpdated":"2024-11-26T15:17:28.8797982+09:00"},{"Score":1.89,"Term":"current","LastUpdated":"2024-11-26T15:17:28.879797+09:00"},{"Score":1.89,"Term":"adjusted","LastUpdated":"2024-11-26T15:17:28.8798351+09:00"},{"Score":1.89,"Term":"change","LastUpdated":"2024-11-26T15:17:28.8798444+09:00"},{"Score":1.86,"Term":"apt","LastUpdated":"2024-11-26T15:17:28.8797225+09:00"},{"Score":1.86,"Term":"willow","LastUpdated":"2024-11-26T15:17:28.8797284+09:00"},{"Score":1.86,"Term":"care","LastUpdated":"2024-11-26T15:17:28.879737+09:00"},{"Score":1.86,"Term":"city","LastUpdated":"2024-11-26T15:17:28.8797442+09:00"},{"Score":1.86,"Term":"drive","LastUpdated":"2024-11-26T15:17:28.8797549+09:00"},{"Score":1.86,"Term":"health","LastUpdated":"2024-11-26T15:17:28.8797721+09:00"},{"Score":1.86,"Term":"town","LastUpdated":"2024-11-26T15:17:28.8797862+09:00"},{"Score":1.86,"Term":"greene","LastUpdated":"2024-11-26T15:17:28.8798017+09:00"},{"Score":1.86,"Term":"phone","LastUpdated":"2024-11-26T15:17:28.8798203+09:00"},{"Score":1.83,"Term":"zip","LastUpdated":"2024-11-26T15:17:28.8797502+09:00"},{"Score":1.83,"Term":"post","LastUpdated":"2024-11-26T15:17:28.879811+09:00"},{"Score":1.83,"Term":"office","LastUpdated":"2024-11-26T15:17:28.8798146+09:00"},{"Score":1.83,"Term":"spaces","LastUpdated":"2024-11-26T15:17:28.8798468+09:00"},{"Score":1.8,"Term":"alabama","LastUpdated":"2024-11-26T15:17:28.8796979+09:00"},{"Score":1.8,"Term":"montgomery","LastUpdated":"2024-11-26T15:17:28.8796991+09:00"},{"Score":1.8,"Term":"married","LastUpdated":"2024-11-26T15:17:28.879732+09:00"},{"Score":1.8,"Term":"postal","LastUpdated":"2024-11-26T15:17:28.8798169+09:00"},{"Score":1.8,"Term":"country","LastUpdated":"2024-11-26T15:17:28.8798539+09:00"},{"Score":1.8,"Term":"qualifying","LastUpdated":"2024-11-26T15:17:28.8798562+09:00"},{"Score":1.77,"Term":"caution","LastUpdated":"2024-11-26T15:17:28.8797407+09:00"},{"Score":1.77,"Term":"checked","LastUpdated":"2024-11-26T15:17:28.8798028+09:00"},{"Score":1.74,"Term":"separate","LastUpdated":"2024-11-26T15:17:28.8797098+09:00"},{"Score":1.71,"Term":"iii","LastUpdated":"2024-11-26T15:17:28.8797308+09:00"},{"Score":1.71,"Term":"amending","LastUpdated":"2024-11-26T15:17:28.8797825+09:00"},{"Score":1.71,"Term":"explain","LastUpdated":"2024-11-26T15:17:28.8798122+09:00"},{"Score":1.71,"Term":"coverage","LastUpdated":"2024-11-26T15:17:28.8798215+09:00"},{"Score":1.68,"Term":"blank","LastUpdated":"2024-11-26T15:17:28.8796963+09:00"},{"Score":1.68,"Term":"jointly","LastUpdated":"2024-11-26T15:17:28.8797042+09:00"},{"Score":1.68,"Term":"single","LastUpdated":"2024-11-26T15:17:28.8797173+09:00"},{"Score":1.68,"Term":"leave","LastUpdated":"2024-11-26T15:17:28.879785+09:00"},{"Score":1.68,"Term":"separately","LastUpdated":"2024-11-26T15:17:28.8798409+09:00"},{"Score":1.68,"Term":"deductions","LastUpdated":"2024-11-26T15:17:28.8798503+09:00"},{"Score":1.65,"Term":"household","LastUpdated":"2024-11-26T15:17:28.8797084+09:00"},{"Score":1.65,"Term":"spouse","LastUpdated":"2024-11-26T15:17:28.8797791+09:00"},{"Score":1.65,"Term":"total","LastUpdated":"2024-11-26T15:17:28.8798273+09:00"},{"Score":1.65,"Term":"included","LastUpdated":"2024-11-26T15:17:28.8798285+09:00"},{"Score":1.65,"Term":"carryback","LastUpdated":"2024-11-26T15:17:28.8798308+09:00"},{"Score":1.65,"Term":"head","LastUpdated":"2024-11-26T15:17:28.8798516+09:00"},{"Score":1.65,"Term":"mfs","LastUpdated":"2024-11-26T15:17:28.8798527+09:00"},{"Score":1.62,"Term":"dependent","LastUpdated":"2024-11-26T15:17:28.8796891+09:00"},{"Score":1.62,"Term":"deduction","LastUpdated":"2024-11-26T15:17:28.8796949+09:00"},{"Score":1.62,"Term":"earlier","LastUpdated":"2024-11-26T15:17:28.8797186+09:00"},{"Score":1.62,"Term":"hoh","LastUpdated":"2024-11-26T15:17:28.8797708+09:00"},{"Score":1.62,"Term":"qw","LastUpdated":"2024-11-26T15:17:28.8797802+09:00"},{"Score":1.62,"Term":"payments","LastUpdated":"2024-11-26T15:17:28.8798075+09:00"},{"Score":1.62,"Term":"person","LastUpdated":"2024-11-26T15:17:28.879818+09:00"},{"Score":1.62,"Term":"child","LastUpdated":"2024-11-26T15:17:28.8798492+09:00"},{"Score":1.59,"Term":"reported","LastUpdated":"2024-11-26T15:17:28.8797358+09:00"},{"Score":1.59,"Term":"business","LastUpdated":"2024-11-26T15:17:28.8797537+09:00"},{"Score":1.56,"Term":"increase","LastUpdated":"2024-11-26T15:17:28.8797526+09:00"},{"Score":1.56,"Term":"correct","LastUpdated":"2024-11-26T15:17:28.8798157+09:00"},{"Score":1.53,"Term":"paid","LastUpdated":"2024-11-26T15:17:28.8797137+09:00"},{"Score":1.53,"Term":"loss","LastUpdated":"2024-11-26T15:17:28.8797345+09:00"},{"Score":1.53,"Term":"result","LastUpdated":"2024-11-26T15:17:28.8797513+09:00"},{"Score":1.53,"Term":"operating","LastUpdated":"2024-11-26T15:17:28.8797618+09:00"},{"Score":1.53,"Term":"gross","LastUpdated":"2024-11-26T15:17:28.8798397+09:00"},{"Score":1.5,"Term":"standard","LastUpdated":"2024-11-26T15:17:28.8797248+09:00"},{"Score":1.5,"Term":"credit","LastUpdated":"2024-11-26T15:17:28.8797606+09:00"},{"Score":1.5,"Term":"itemized","LastUpdated":"2024-11-26T15:17:28.8797744+09:00"},{"Score":1.5,"Term":"credits","LastUpdated":"2024-11-26T15:17:28.8797768+09:00"},{"Score":1.5,"Term":"exemptions","LastUpdated":"2024-11-26T15:17:28.8797837+09:00"},{"Score":1.47,"Term":"column","LastUpdated":"2024-11-26T15:17:28.8798098+09:00"},{"Score":1.44,"Term":"add","LastUpdated":"2024-11-26T15:17:28.8796908+09:00"},{"Score":1.44,"Term":"qualified","LastUpdated":"2024-11-26T15:17:28.8797333+09:00"},{"Score":1.44,"Term":"lines","LastUpdated":"2024-11-26T15:17:28.8797874+09:00"},{"Score":1.44,"Term":"taxable","LastUpdated":"2024-11-26T15:17:28.879855+09:00"},{"Score":1.41,"Term":"liability","LastUpdated":"2024-11-26T15:17:28.8797572+09:00"},{"Score":1.41,"Term":"withheld","LastUpdated":"2024-11-26T15:17:28.8797945+09:00"},{"Score":1.38,"Term":"figure","LastUpdated":"2024-11-26T15:17:28.8797006+09:00"},{"Score":1.38,"Term":"applied","LastUpdated":"2024-11-26T15:17:28.8797921+09:00"},{"Score":1.38,"Term":"estimated","LastUpdated":"2024-11-26T15:17:28.8797993+09:00"},{"Score":1.32,"Term":"responsibility","LastUpdated":"2024-11-26T15:17:28.879743+09:00"},{"Score":1.32,"Term":"form","LastUpdated":"2024-11-26T15:17:28.8798339+09:00"},{"Score":1.32,"Term":"taxes","LastUpdated":"2024-11-26T15:17:28.8798584+09:00"},{"Score":1.29,"Term":"excess","LastUpdated":"2024-11-26T15:17:28.8798237+09:00"},{"Score":1.29,"Term":"federal","LastUpdated":"2024-11-26T15:17:28.8798297+09:00"},{"Score":1.26,"Term":"owe","LastUpdated":"2024-11-26T15:17:28.8797111+09:00"},{"Score":1.26,"Term":"including","LastUpdated":"2024-11-26T15:17:28.8797161+09:00"},{"Score":1.26,"Term":"rrta","LastUpdated":"2024-11-26T15:17:28.8797479+09:00"},{"Score":1.26,"Term":"tier","LastUpdated":"2024-11-26T15:17:28.8798362+09:00"},{"Score":1.23,"Term":"refundable","LastUpdated":"2024-11-26T15:17:28.8797212+09:00"},{"Score":1.23,"Term":"schedule","LastUpdated":"2024-11-26T15:17:28.8797296+09:00"},{"Score":1.23,"Term":"earned","LastUpdated":"2024-11-26T15:17:28.879804+09:00"},{"Score":1.23,"Term":"prior","LastUpdated":"2024-11-26T15:17:28.8798374+09:00"},{"Score":1.2,"Term":"difference","LastUpdated":"2024-11-26T15:17:28.8797028+09:00"},{"Score":1.17,"Term":"time","LastUpdated":"2024-11-26T15:17:28.8797149+09:00"},{"Score":1.17,"Term":"extension","LastUpdated":"2024-11-26T15:17:28.8798226+09:00"},{"Score":1.17,"Term":"file","LastUpdated":"2024-11-26T15:17:28.8798262+09:00"},{"Score":1.17,"Term":"additional","LastUpdated":"2024-11-26T15:17:28.8798386+09:00"},{"Score":1.17,"Term":"request","LastUpdated":"2024-11-26T15:17:28.8798456+09:00"},{"Score":1.14,"Term":"refund","LastUpdated":"2024-11-26T15:17:28.8797666+09:00"},{"Score":1.14,"Term":"filed","LastUpdated":"2024-11-26T15:17:28.8798134+09:00"},{"Score":1.11,"Term":"irs","LastUpdated":"2024-11-26T15:17:28.8797897+09:00"},{"Score":1.11,"Term":"overpayment","LastUpdated":"2024-11-26T15:17:28.8798573+09:00"},{"Score":1.02,"Term":"overpaid","LastUpdated":"2024-11-26T15:17:28.8798005+09:00"},{"Score":1.02,"Term":"refunded","LastUpdated":"2024-11-26T15:17:28.8798421+09:00"},{"Score":0.99,"Term":"sign","LastUpdated":"2024-11-26T15:17:28.8798087+09:00"},{"Score":0.96,"Term":"paperwork","LastUpdated":"2024-11-26T15:17:28.8796935+09:00"},{"Score":0.96,"Term":"notice","LastUpdated":"2024-11-26T15:17:28.8797055+09:00"},{"Score":0.96,"Term":"reduction","LastUpdated":"2024-11-26T15:17:28.8797236+09:00"},{"Score":0.96,"Term":"cat","LastUpdated":"2024-11-26T15:17:28.879848+09:00"}]},"RestOfPagesVector":{"VectorId":"UiPath.DU.1040x.RestOfPages","DocumentCount":3,"TermsWithScores":[{"Score":1.89,"Term":"dependents","LastUpdated":"2024-11-26T15:17:28.8845731+09:00"},{"Score":1.89,"Term":"form","LastUpdated":"2024-11-26T15:17:28.8846517+09:00"},{"Score":1.83,"Term":"amending","LastUpdated":"2024-11-26T15:17:28.8846245+09:00"},{"Score":1.83,"Term":"exemptions","LastUpdated":"2024-11-26T15:17:28.8846254+09:00"},{"Score":1.83,"Term":"return","LastUpdated":"2024-11-26T15:17:28.8846354+09:00"},{"Score":1.65,"Term":"amended","LastUpdated":"2024-11-26T15:17:28.8846327+09:00"},{"Score":1.44,"Term":"blank","LastUpdated":"2024-11-26T15:17:28.8845777+09:00"},{"Score":1.44,"Term":"leave","LastUpdated":"2024-11-26T15:17:28.8846272+09:00"},{"Score":1.2,"Term":"lines","LastUpdated":"2024-11-26T15:17:28.8846291+09:00"},{"Score":1.14,"Term":"instructions","LastUpdated":"2024-11-26T15:17:28.8846119+09:00"},{"Score":1.14,"Term":"forms","LastUpdated":"2024-11-26T15:17:28.88463+09:00"},{"Score":1.11,"Term":"tax","LastUpdated":"2024-11-26T15:17:28.8846109+09:00"},{"Score":1.08,"Term":"dependent","LastUpdated":"2024-11-26T15:17:28.8845717+09:00"},{"Score":1.08,"Term":"complete","LastUpdated":"2024-11-26T15:17:28.8846318+09:00"},{"Score":1.05,"Term":"changed","LastUpdated":"2024-11-26T15:17:28.8846309+09:00"},{"Score":1.02,"Term":"reported","LastUpdated":"2024-11-26T15:17:28.8845963+09:00"},{"Score":1.02,"Term":"change","LastUpdated":"2024-11-26T15:17:28.8846579+09:00"},{"Score":0.99,"Term":"returns","LastUpdated":"2024-11-26T15:17:28.8846201+09:00"},{"Score":0.96,"Term":"caution","LastUpdated":"2024-11-26T15:17:28.8846+09:00"},{"Score":0.96,"Term":"correct","LastUpdated":"2024-11-26T15:17:28.8846418+09:00"},{"Score":0.96,"Term":"original","LastUpdated":"2024-11-26T15:17:28.8846561+09:00"},{"Score":0.9,"Term":"relating","LastUpdated":"2024-11-26T15:17:28.8846373+09:00"},{"Score":0.87,"Term":"include","LastUpdated":"2024-11-26T15:17:28.8846209+09:00"},{"Score":0.87,"Term":"spouse","LastUpdated":"2024-11-26T15:17:28.8846236+09:00"},{"Score":0.87,"Term":"exemption","LastUpdated":"2024-11-26T15:17:28.8846263+09:00"},{"Score":0.87,"Term":"claim","LastUpdated":"2024-11-26T15:17:28.8846391+09:00"},{"Score":0.84,"Term":"children","LastUpdated":"2024-11-26T15:17:28.8846455+09:00"},{"Score":0.81,"Term":"applicable","LastUpdated":"2024-11-26T15:17:28.8846607+09:00"},{"Score":0.78,"Term":"fund","LastUpdated":"2024-11-26T15:17:28.8845953+09:00"},{"Score":0.78,"Term":"note","LastUpdated":"2024-11-26T15:17:28.8846018+09:00"},{"Score":0.75,"Term":"claimed","LastUpdated":"2024-11-26T15:17:28.8845925+09:00"},{"Score":0.75,"Term":"check","LastUpdated":"2024-11-26T15:17:28.8846473+09:00"},{"Score":0.69,"Term":"adjusted","LastUpdated":"2024-11-26T15:17:28.8846543+09:00"},{"Score":0.66,"Term":"live","LastUpdated":"2024-11-26T15:17:28.8845702+09:00"},{"Score":0.66,"Term":"separation","LastUpdated":"2024-11-26T15:17:28.884584+09:00"},{"Score":0.66,"Term":"divorce","LastUpdated":"2024-11-26T15:17:28.8845905+09:00"},{"Score":0.66,"Term":"lived","LastUpdated":"2024-11-26T15:17:28.8846526+09:00"},{"Score":0.63,"Term":"add","LastUpdated":"2024-11-26T15:17:28.8845745+09:00"},{"Score":0.63,"Term":"total","LastUpdated":"2024-11-26T15:17:28.8846481+09:00"},{"Score":0.6,"Term":"credit","LastUpdated":"2024-11-26T15:17:28.8846129+09:00"},{"Score":0.6,"Term":"multiply","LastUpdated":"2024-11-26T15:17:28.8846624+09:00"},{"Score":0.57,"Term":"enter","LastUpdated":"2024-11-26T15:17:28.884585+09:00"},{"Score":0.57,"Term":"preparer","LastUpdated":"2024-11-26T15:17:28.8846055+09:00"},{"Score":0.57,"Term":"result","LastUpdated":"2024-11-26T15:17:28.8846076+09:00"},{"Score":0.54,"Term":"list","LastUpdated":"2024-11-26T15:17:28.8845761+09:00"},{"Score":0.54,"Term":"signature","LastUpdated":"2024-11-26T15:17:28.8845991+09:00"},{"Score":0.51,"Term":"joint","LastUpdated":"2024-11-26T15:17:28.8845934+09:00"},{"Score":0.51,"Term":"inst","LastUpdated":"2024-11-26T15:17:28.8846191+09:00"},{"Score":0.48,"Term":"security","LastUpdated":"2024-11-26T15:17:28.8845894+09:00"},{"Score":0.48,"Term":"social","LastUpdated":"2024-11-26T15:17:28.8846183+09:00"},{"Score":0.48,"Term":"qualifies","LastUpdated":"2024-11-26T15:17:28.8846428+09:00"},{"Score":0.45,"Term":"schedules","LastUpdated":"2024-11-26T15:17:28.8846037+09:00"},{"Score":0.45,"Term":"relationship","LastUpdated":"2024-11-26T15:17:28.8846409+09:00"},{"Score":0.45,"Term":"child","LastUpdated":"2024-11-26T15:17:28.8846615+09:00"},{"Score":0.42,"Term":"checking","LastUpdated":"2024-11-26T15:17:28.8845915+09:00"},{"Score":0.42,"Term":"election","LastUpdated":"2024-11-26T15:17:28.8846282+09:00"},{"Score":0.42,"Term":"presidential","LastUpdated":"2024-11-26T15:17:28.8846491+09:00"},{"Score":0.42,"Term":"campaign","LastUpdated":"2024-11-26T15:17:28.8846597+09:00"},{"Score":0.39,"Term":"increase","LastUpdated":"2024-11-26T15:17:28.88461+09:00"},{"Score":0.39,"Term":"refund","LastUpdated":"2024-11-26T15:17:28.8846156+09:00"},{"Score":0.39,"Term":"reduce","LastUpdated":"2024-11-26T15:17:28.8846382+09:00"},{"Score":0.36,"Term":"knowledge","LastUpdated":"2024-11-26T15:17:28.884581+09:00"},{"Score":0.33,"Term":"iii","LastUpdated":"2024-11-26T15:17:28.8845943+09:00"},{"Score":0.33,"Term":"space","LastUpdated":"2024-11-26T15:17:28.8846028+09:00"},{"Score":0.33,"Term":"explanation","LastUpdated":"2024-11-26T15:17:28.8846534+09:00"},{"Score":0.3,"Term":"filing","LastUpdated":"2024-11-26T15:17:28.8845676+09:00"},{"Score":0.3,"Term":"attach","LastUpdated":"2024-11-26T15:17:28.884588+09:00"},{"Score":0.3,"Term":"documents","LastUpdated":"2024-11-26T15:17:28.8846046+09:00"},{"Score":0.3,"Term":"supporting","LastUpdated":"2024-11-26T15:17:28.8846219+09:00"},{"Score":0.3,"Term":"sign","LastUpdated":"2024-11-26T15:17:28.8846363+09:00"},{"Score":0.3,"Term":"remember","LastUpdated":"2024-11-26T15:17:28.8846588+09:00"},{"Score":0.27,"Term":"declare","LastUpdated":"2024-11-26T15:17:28.8845982+09:00"},{"Score":0.27,"Term":"perjury","LastUpdated":"2024-11-26T15:17:28.8846138+09:00"},{"Score":0.27,"Term":"penalties","LastUpdated":"2024-11-26T15:17:28.8846165+09:00"},{"Score":0.27,"Term":"records","LastUpdated":"2024-11-26T15:17:28.8846174+09:00"},{"Score":0.27,"Term":"filed","LastUpdated":"2024-11-26T15:17:28.88464+09:00"},{"Score":0.24,"Term":"including","LastUpdated":"2024-11-26T15:17:28.8845871+09:00"},{"Score":0.24,"Term":"examined","LastUpdated":"2024-11-26T15:17:28.8846228+09:00"},{"Score":0.24,"Term":"accompanying","LastUpdated":"2024-11-26T15:17:28.8846465+09:00"},{"Score":0.24,"Term":"statements","LastUpdated":"2024-11-26T15:17:28.8846499+09:00"},{"Score":0.24,"Term":"occupation","LastUpdated":"2024-11-26T15:17:28.8846508+09:00"},{"Score":0.21,"Term":"belief","LastUpdated":"2024-11-26T15:17:28.8846085+09:00"},{"Score":0.21,"Term":"declaration","LastUpdated":"2024-11-26T15:17:28.8846345+09:00"},{"Score":0.21,"Term":"true","LastUpdated":"2024-11-26T15:17:28.8846552+09:00"},{"Score":0.18,"Term":"based","LastUpdated":"2024-11-26T15:17:28.8846336+09:00"},{"Score":0.15,"Term":"paid","LastUpdated":"2024-11-26T15:17:28.8845861+09:00"},{"Score":0.12,"Term":"visit","LastUpdated":"2024-11-26T15:17:28.8845792+09:00"},{"Score":0.12,"Term":"publications","LastUpdated":"2024-11-26T15:17:28.8845829+09:00"},{"Score":0.12,"Term":"ptin","LastUpdated":"2024-11-26T15:17:28.8846436+09:00"},{"Score":0.09,"Term":"address","LastUpdated":"2024-11-26T15:17:28.8846147+09:00"},{"Score":0.06,"Term":"ein","LastUpdated":"2024-11-26T15:17:28.8845973+09:00"},{"Score":0.06,"Term":"code","LastUpdated":"2024-11-26T15:17:28.8846009+09:00"},{"Score":0.06,"Term":"zip","LastUpdated":"2024-11-26T15:17:28.8846065+09:00"},{"Score":0.06,"Term":"phone","LastUpdated":"2024-11-26T15:17:28.8846445+09:00"}]},"ParentVectorId":null,"VectorId":"UiPath.DU.1040x","DocumentCount":3,"TermsWithScores":[{"Score":2.97,"Term":"tax","LastUpdated":"2024-11-26T15:17:28.8851153+09:00"},{"Score":2.97,"Term":"return","LastUpdated":"2024-11-26T15:17:28.8851981+09:00"},{"Score":2.91,"Term":"enter","LastUpdated":"2024-11-26T15:17:28.8850391+09:00"},{"Score":2.91,"Term":"instructions","LastUpdated":"2024-11-26T15:17:28.8851198+09:00"},{"Score":2.88,"Term":"amended","LastUpdated":"2024-11-26T15:17:28.88518+09:00"},{"Score":2.79,"Term":"income","LastUpdated":"2024-11-26T15:17:28.8850802+09:00"},{"Score":2.55,"Term":"amending","LastUpdated":"2024-11-26T15:17:28.88516+09:00"},{"Score":2.49,"Term":"returns","LastUpdated":"2024-11-26T15:17:28.8851464+09:00"},{"Score":2.43,"Term":"filing","LastUpdated":"2024-11-26T15:17:28.8849987+09:00"},{"Score":2.4,"Term":"check","LastUpdated":"2024-11-26T15:17:28.8852367+09:00"},{"Score":2.31,"Term":"complete","LastUpdated":"2024-11-26T15:17:28.885177+09:00"},{"Score":2.25,"Term":"security","LastUpdated":"2024-11-26T15:17:28.88505+09:00"},{"Score":2.25,"Term":"social","LastUpdated":"2024-11-26T15:17:28.8851413+09:00"},{"Score":2.25,"Term":"exemptions","LastUpdated":"2024-11-26T15:17:28.8851616+09:00"},{"Score":2.22,"Term":"joint","LastUpdated":"2024-11-26T15:17:28.8850623+09:00"},{"Score":2.19,"Term":"box","LastUpdated":"2024-11-26T15:17:28.8851995+09:00"},{"Score":2.16,"Term":"blank","LastUpdated":"2024-11-26T15:17:28.8850143+09:00"},{"Score":2.16,"Term":"leave","LastUpdated":"2024-11-26T15:17:28.8851647+09:00"},{"Score":2.13,"Term":"foreign","LastUpdated":"2024-11-26T15:17:28.885097+09:00"},{"Score":2.07,"Term":"individual","LastUpdated":"2024-11-26T15:17:28.8850095+09:00"},{"Score":2.07,"Term":"original","LastUpdated":"2024-11-26T15:17:28.8852686+09:00"},{"Score":2.07,"Term":"change","LastUpdated":"2024-11-26T15:17:28.88527+09:00"},{"Score":2.04,"Term":"address","LastUpdated":"2024-11-26T15:17:28.8851275+09:00"},{"Score":2.01,"Term":"internal","LastUpdated":"2024-11-26T15:17:28.8850282+09:00"},{"Score":2.01,"Term":"code","LastUpdated":"2024-11-26T15:17:28.8850878+09:00"},{"Score":2.01,"Term":"treasury","LastUpdated":"2024-11-26T15:17:28.8851243+09:00"},{"Score":2.01,"Term":"service","LastUpdated":"2024-11-26T15:17:28.8851322+09:00"},{"Score":2.01,"Term":"revenue","LastUpdated":"2024-11-26T15:17:28.8851586+09:00"},{"Score":2.01,"Term":"department","LastUpdated":"2024-11-26T15:17:28.8851709+09:00"},{"Score":2.01,"Term":"calendar","LastUpdated":"2024-11-26T15:17:28.8852263+09:00"},{"Score":1.98,"Term":"middle","LastUpdated":"2024-11-26T15:17:28.885129+09:00"},{"Score":1.98,"Term":"initial","LastUpdated":"2024-11-26T15:17:28.885154+09:00"},{"Score":1.98,"Term":"january","LastUpdated":"2024-11-26T15:17:28.8851845+09:00"},{"Score":1.98,"Term":"omb","LastUpdated":"2024-11-26T15:17:28.8852503+09:00"},{"Score":1.95,"Term":"status","LastUpdated":"2024-11-26T15:17:28.8851+09:00"},{"Score":1.92,"Term":"dependent","LastUpdated":"2024-11-26T15:17:28.8850027+09:00"},{"Score":1.92,"Term":"caution","LastUpdated":"2024-11-26T15:17:28.8850862+09:00"},{"Score":1.92,"Term":"fiscal","LastUpdated":"2024-11-26T15:17:28.8851048+09:00"},{"Score":1.92,"Term":"changing","LastUpdated":"2024-11-26T15:17:28.8851183+09:00"},{"Score":1.89,"Term":"james","LastUpdated":"2024-11-26T15:17:28.8850817+09:00"},{"Score":1.89,"Term":"zip","LastUpdated":"2024-11-26T15:17:28.8851063+09:00"},{"Score":1.89,"Term":"jones","LastUpdated":"2024-11-26T15:17:28.8851875+09:00"},{"Score":1.89,"Term":"phone","LastUpdated":"2024-11-26T15:17:28.8852278+09:00"},{"Score":1.89,"Term":"form","LastUpdated":"2024-11-26T15:17:28.8852519+09:00"},{"Score":1.86,"Term":"current","LastUpdated":"2024-11-26T15:17:28.885186+09:00"},{"Score":1.86,"Term":"adjusted","LastUpdated":"2024-11-26T15:17:28.8852563+09:00"},{"Score":1.83,"Term":"apt","LastUpdated":"2024-11-26T15:17:28.8850532+09:00"},{"Score":1.83,"Term":"willow","LastUpdated":"2024-11-26T15:17:28.8850639+09:00"},{"Score":1.83,"Term":"city","LastUpdated":"2024-11-26T15:17:28.8850924+09:00"},{"Score":1.83,"Term":"drive","LastUpdated":"2024-11-26T15:17:28.8851139+09:00"},{"Score":1.83,"Term":"town","LastUpdated":"2024-11-26T15:17:28.8851663+09:00"},{"Score":1.83,"Term":"greene","LastUpdated":"2024-11-26T15:17:28.885192+09:00"},{"Score":1.8,"Term":"dependents","LastUpdated":"2024-11-26T15:17:28.8850045+09:00"},{"Score":1.8,"Term":"subtract","LastUpdated":"2024-11-26T15:17:28.8851338+09:00"},{"Score":1.8,"Term":"spouse","LastUpdated":"2024-11-26T15:17:28.8851556+09:00"},{"Score":1.8,"Term":"post","LastUpdated":"2024-11-26T15:17:28.8852088+09:00"},{"Score":1.8,"Term":"office","LastUpdated":"2024-11-26T15:17:28.8852171+09:00"},{"Score":1.8,"Term":"spaces","LastUpdated":"2024-11-26T15:17:28.8852747+09:00"},{"Score":1.77,"Term":"alabama","LastUpdated":"2024-11-26T15:17:28.8850161+09:00"},{"Score":1.77,"Term":"montgomery","LastUpdated":"2024-11-26T15:17:28.8850177+09:00"},{"Score":1.77,"Term":"care","LastUpdated":"2024-11-26T15:17:28.8850786+09:00"},{"Score":1.77,"Term":"health","LastUpdated":"2024-11-26T15:17:28.8851398+09:00"},{"Score":1.77,"Term":"lines","LastUpdated":"2024-11-26T15:17:28.8851693+09:00"},{"Score":1.77,"Term":"postal","LastUpdated":"2024-11-26T15:17:28.8852233+09:00"},{"Score":1.77,"Term":"country","LastUpdated":"2024-11-26T15:17:28.8852867+09:00"},{"Score":1.74,"Term":"iii","LastUpdated":"2024-11-26T15:17:28.8850678+09:00"},{"Score":1.74,"Term":"reported","LastUpdated":"2024-11-26T15:17:28.8850756+09:00"},{"Score":1.74,"Term":"correct","LastUpdated":"2024-11-26T15:17:28.8852187+09:00"},{"Score":1.71,"Term":"separate","LastUpdated":"2024-11-26T15:17:28.885036+09:00"},{"Score":1.71,"Term":"married","LastUpdated":"2024-11-26T15:17:28.8850693+09:00"},{"Score":1.71,"Term":"qualifying","LastUpdated":"2024-11-26T15:17:28.8852913+09:00"},{"Score":1.68,"Term":"credit","LastUpdated":"2024-11-26T15:17:28.8851213+09:00"},{"Score":1.68,"Term":"checked","LastUpdated":"2024-11-26T15:17:28.8851936+09:00"},{"Score":1.68,"Term":"coverage","LastUpdated":"2024-11-26T15:17:28.8852323+09:00"},{"Score":1.65,"Term":"jointly","LastUpdated":"2024-11-26T15:17:28.8850225+09:00"},{"Score":1.65,"Term":"single","LastUpdated":"2024-11-26T15:17:28.8850469+09:00"},{"Score":1.65,"Term":"separately","LastUpdated":"2024-11-26T15:17:28.8852656+09:00"},{"Score":1.65,"Term":"child","LastUpdated":"2024-11-26T15:17:28.8852807+09:00"},{"Score":1.62,"Term":"household","LastUpdated":"2024-11-26T15:17:28.8850297+09:00"},{"Score":1.62,"Term":"increase","LastUpdated":"2024-11-26T15:17:28.8851108+09:00"},{"Score":1.62,"Term":"explain","LastUpdated":"2024-11-26T15:17:28.8852103+09:00"},{"Score":1.62,"Term":"total","LastUpdated":"2024-11-26T15:17:28.8852398+09:00"},{"Score":1.62,"Term":"head","LastUpdated":"2024-11-26T15:17:28.8852837+09:00"},{"Score":1.62,"Term":"mfs","LastUpdated":"2024-11-26T15:17:28.8852852+09:00"},{"Score":1.59,"Term":"hoh","LastUpdated":"2024-11-26T15:17:28.8851368+09:00"},{"Score":1.59,"Term":"qw","LastUpdated":"2024-11-26T15:17:28.8851569+09:00"},{"Score":1.59,"Term":"person","LastUpdated":"2024-11-26T15:17:28.8852247+09:00"},{"Score":1.59,"Term":"deductions","LastUpdated":"2024-11-26T15:17:28.8852822+09:00"},{"Score":1.56,"Term":"result","LastUpdated":"2024-11-26T15:17:28.8851078+09:00"},{"Score":1.56,"Term":"included","LastUpdated":"2024-11-26T15:17:28.8852413+09:00"},{"Score":1.56,"Term":"carryback","LastUpdated":"2024-11-26T15:17:28.8852489+09:00"},{"Score":1.53,"Term":"deduction","LastUpdated":"2024-11-26T15:17:28.8850126+09:00"},{"Score":1.53,"Term":"earlier","LastUpdated":"2024-11-26T15:17:28.8850485+09:00"},{"Score":1.5,"Term":"paid","LastUpdated":"2024-11-26T15:17:28.8850407+09:00"},{"Score":1.5,"Term":"loss","LastUpdated":"2024-11-26T15:17:28.8850725+09:00"},{"Score":1.5,"Term":"business","LastUpdated":"2024-11-26T15:17:28.8851123+09:00"},{"Score":1.5,"Term":"operating","LastUpdated":"2024-11-26T15:17:28.8851228+09:00"},{"Score":1.5,"Term":"gross","LastUpdated":"2024-11-26T15:17:28.885264+09:00"},{"Score":1.47,"Term":"add","LastUpdated":"2024-11-26T15:17:28.8850061+09:00"},{"Score":1.47,"Term":"standard","LastUpdated":"2024-11-26T15:17:28.8850593+09:00"},{"Score":1.47,"Term":"itemized","LastUpdated":"2024-11-26T15:17:28.8851428+09:00"},{"Score":1.44,"Term":"payments","LastUpdated":"2024-11-26T15:17:28.8852011+09:00"},{"Score":1.41,"Term":"qualified","LastUpdated":"2024-11-26T15:17:28.8850709+09:00"},{"Score":1.41,"Term":"credits","LastUpdated":"2024-11-26T15:17:28.8851525+09:00"},{"Score":1.41,"Term":"taxable","LastUpdated":"2024-11-26T15:17:28.8852883+09:00"},{"Score":1.38,"Term":"liability","LastUpdated":"2024-11-26T15:17:28.8851168+09:00"},{"Score":1.35,"Term":"figure","LastUpdated":"2024-11-26T15:17:28.8850193+09:00"},{"Score":1.32,"Term":"withheld","LastUpdated":"2024-11-26T15:17:28.8851815+09:00"},{"Score":1.29,"Term":"including","LastUpdated":"2024-11-26T15:17:28.8850438+09:00"},{"Score":1.29,"Term":"responsibility","LastUpdated":"2024-11-26T15:17:28.8850892+09:00"},{"Score":1.29,"Term":"applied","LastUpdated":"2024-11-26T15:17:28.8851785+09:00"},{"Score":1.29,"Term":"estimated","LastUpdated":"2024-11-26T15:17:28.885189+09:00"},{"Score":1.29,"Term":"column","LastUpdated":"2024-11-26T15:17:28.8852042+09:00"},{"Score":1.29,"Term":"taxes","LastUpdated":"2024-11-26T15:17:28.8852944+09:00"},{"Score":1.26,"Term":"excess","LastUpdated":"2024-11-26T15:17:28.8852352+09:00"},{"Score":1.26,"Term":"federal","LastUpdated":"2024-11-26T15:17:28.8852459+09:00"},{"Score":1.23,"Term":"rrta","LastUpdated":"2024-11-26T15:17:28.8851016+09:00"},{"Score":1.23,"Term":"tier","LastUpdated":"2024-11-26T15:17:28.8852579+09:00"},{"Score":1.2,"Term":"refundable","LastUpdated":"2024-11-26T15:17:28.8850516+09:00"},{"Score":1.2,"Term":"schedule","LastUpdated":"2024-11-26T15:17:28.8850661+09:00"},{"Score":1.2,"Term":"earned","LastUpdated":"2024-11-26T15:17:28.8851966+09:00"},{"Score":1.2,"Term":"filed","LastUpdated":"2024-11-26T15:17:28.8852134+09:00"},{"Score":1.2,"Term":"prior","LastUpdated":"2024-11-26T15:17:28.8852594+09:00"},{"Score":1.17,"Term":"owe","LastUpdated":"2024-11-26T15:17:28.8850375+09:00"},{"Score":1.17,"Term":"refund","LastUpdated":"2024-11-26T15:17:28.8851306+09:00"},{"Score":1.14,"Term":"time","LastUpdated":"2024-11-26T15:17:28.8850423+09:00"},{"Score":1.14,"Term":"sign","LastUpdated":"2024-11-26T15:17:28.8852026+09:00"},{"Score":1.14,"Term":"extension","LastUpdated":"2024-11-26T15:17:28.8852338+09:00"},{"Score":1.14,"Term":"file","LastUpdated":"2024-11-26T15:17:28.8852383+09:00"},{"Score":1.14,"Term":"additional","LastUpdated":"2024-11-26T15:17:28.885261+09:00"},{"Score":1.14,"Term":"request","LastUpdated":"2024-11-26T15:17:28.8852717+09:00"},{"Score":1.11,"Term":"difference","LastUpdated":"2024-11-26T15:17:28.8850209+09:00"},{"Score":1.08,"Term":"irs","LastUpdated":"2024-11-26T15:17:28.8851723+09:00"},{"Score":1.08,"Term":"overpayment","LastUpdated":"2024-11-26T15:17:28.8852927+09:00"},{"Score":0.99,"Term":"overpaid","LastUpdated":"2024-11-26T15:17:28.8851905+09:00"},{"Score":0.99,"Term":"refunded","LastUpdated":"2024-11-26T15:17:28.885267+09:00"},{"Score":0.93,"Term":"paperwork","LastUpdated":"2024-11-26T15:17:28.8850111+09:00"},{"Score":0.93,"Term":"notice","LastUpdated":"2024-11-26T15:17:28.8850241+09:00"},{"Score":0.93,"Term":"reduction","LastUpdated":"2024-11-26T15:17:28.8850562+09:00"},{"Score":0.93,"Term":"forms","LastUpdated":"2024-11-26T15:17:28.8851738+09:00"},{"Score":0.93,"Term":"changed","LastUpdated":"2024-11-26T15:17:28.8851754+09:00"},{"Score":0.93,"Term":"cat","LastUpdated":"2024-11-26T15:17:28.8852762+09:00"},{"Score":0.87,"Term":"relating","LastUpdated":"2024-11-26T15:17:28.8852057+09:00"},{"Score":0.84,"Term":"include","LastUpdated":"2024-11-26T15:17:28.885148+09:00"},{"Score":0.78,"Term":"applicable","LastUpdated":"2024-11-26T15:17:28.8852792+09:00"},{"Score":0.75,"Term":"note","LastUpdated":"2024-11-26T15:17:28.8850908+09:00"},{"Score":0.75,"Term":"exemption","LastUpdated":"2024-11-26T15:17:28.8851631+09:00"},{"Score":0.75,"Term":"claim","LastUpdated":"2024-11-26T15:17:28.8852118+09:00"},{"Score":0.72,"Term":"children","LastUpdated":"2024-11-26T15:17:28.8852293+09:00"},{"Score":0.63,"Term":"live","LastUpdated":"2024-11-26T15:17:28.8850007+09:00"},{"Score":0.63,"Term":"separation","LastUpdated":"2024-11-26T15:17:28.8850342+09:00"},{"Score":0.63,"Term":"divorce","LastUpdated":"2024-11-26T15:17:28.8850548+09:00"},{"Score":0.63,"Term":"claimed","LastUpdated":"2024-11-26T15:17:28.8850607+09:00"},{"Score":0.63,"Term":"lived","LastUpdated":"2024-11-26T15:17:28.8852534+09:00"},{"Score":0.57,"Term":"fund","LastUpdated":"2024-11-26T15:17:28.8850741+09:00"},{"Score":0.57,"Term":"multiply","LastUpdated":"2024-11-26T15:17:28.8852898+09:00"},{"Score":0.51,"Term":"list","LastUpdated":"2024-11-26T15:17:28.8850079+09:00"},{"Score":0.48,"Term":"inst","LastUpdated":"2024-11-26T15:17:28.8851443+09:00"},{"Score":0.45,"Term":"qualifies","LastUpdated":"2024-11-26T15:17:28.8852202+09:00"},{"Score":0.42,"Term":"relationship","LastUpdated":"2024-11-26T15:17:28.8852156+09:00"},{"Score":0.39,"Term":"checking","LastUpdated":"2024-11-26T15:17:28.8850577+09:00"},{"Score":0.39,"Term":"election","LastUpdated":"2024-11-26T15:17:28.8851677+09:00"},{"Score":0.39,"Term":"presidential","LastUpdated":"2024-11-26T15:17:28.8852427+09:00"},{"Score":0.39,"Term":"campaign","LastUpdated":"2024-11-26T15:17:28.8852776+09:00"},{"Score":0.36,"Term":"preparer","LastUpdated":"2024-11-26T15:17:28.8851032+09:00"},{"Score":0.36,"Term":"reduce","LastUpdated":"2024-11-26T15:17:28.8852072+09:00"},{"Score":0.33,"Term":"signature","LastUpdated":"2024-11-26T15:17:28.8850846+09:00"},{"Score":0.33,"Term":"schedules","LastUpdated":"2024-11-26T15:17:28.8850954+09:00"},{"Score":0.3,"Term":"space","LastUpdated":"2024-11-26T15:17:28.8850939+09:00"},{"Score":0.3,"Term":"explanation","LastUpdated":"2024-11-26T15:17:28.8852548+09:00"},{"Score":0.27,"Term":"knowledge","LastUpdated":"2024-11-26T15:17:28.8850312+09:00"},{"Score":0.27,"Term":"attach","LastUpdated":"2024-11-26T15:17:28.8850454+09:00"},{"Score":0.27,"Term":"documents","LastUpdated":"2024-11-26T15:17:28.8850985+09:00"},{"Score":0.27,"Term":"supporting","LastUpdated":"2024-11-26T15:17:28.8851496+09:00"},{"Score":0.27,"Term":"remember","LastUpdated":"2024-11-26T15:17:28.8852732+09:00"},{"Score":0.24,"Term":"declare","LastUpdated":"2024-11-26T15:17:28.8850832+09:00"},{"Score":0.24,"Term":"perjury","LastUpdated":"2024-11-26T15:17:28.8851259+09:00"},{"Score":0.24,"Term":"penalties","LastUpdated":"2024-11-26T15:17:28.8851354+09:00"},{"Score":0.24,"Term":"records","LastUpdated":"2024-11-26T15:17:28.8851383+09:00"},{"Score":0.21,"Term":"examined","LastUpdated":"2024-11-26T15:17:28.8851511+09:00"},{"Score":0.21,"Term":"accompanying","LastUpdated":"2024-11-26T15:17:28.8852308+09:00"},{"Score":0.21,"Term":"statements","LastUpdated":"2024-11-26T15:17:28.8852443+09:00"},{"Score":0.18,"Term":"belief","LastUpdated":"2024-11-26T15:17:28.8851093+09:00"},{"Score":0.18,"Term":"declaration","LastUpdated":"2024-11-26T15:17:28.885195+09:00"},{"Score":0.18,"Term":"true","LastUpdated":"2024-11-26T15:17:28.8852625+09:00"},{"Score":0.15,"Term":"based","LastUpdated":"2024-11-26T15:17:28.885183+09:00"},{"Score":0.15,"Term":"occupation","LastUpdated":"2024-11-26T15:17:28.8852474+09:00"},{"Score":0.09,"Term":"visit","LastUpdated":"2024-11-26T15:17:28.8850257+09:00"},{"Score":0.09,"Term":"publications","LastUpdated":"2024-11-26T15:17:28.8850327+09:00"},{"Score":0.09,"Term":"ptin","LastUpdated":"2024-11-26T15:17:28.8852217+09:00"},{"Score":0.03,"Term":"ein","LastUpdated":"2024-11-26T15:17:28.8850771+09:00"}]},{"DocumentKeywordVectors":[{"TotalDocumentLength":1942,"PageCount":1,"FirstPageVector":{"VectorId":"UiPath.DU.Report_1.FirstPage","DocumentCount":2,"TermsWithScores":[{"Score":1.98,"Term":"damage","LastUpdated":"2024-11-26T15:19:08.0303118+09:00"},{"Score":1.88,"Term":"vehicle","LastUpdated":"2024-11-26T15:19:08.0303311+09:00"},{"Score":1.58,"Term":"report","LastUpdated":"2024-11-26T15:19:08.030323+09:00"},{"Score":1.34,"Term":"form","LastUpdated":"2024-11-26T15:19:08.0303164+09:00"},{"Score":1.3,"Term":"title","LastUpdated":"2024-11-26T15:19:08.0303243+09:00"},{"Score":1.26,"Term":"tree","LastUpdated":"2024-11-26T15:19:08.0303096+09:00"},{"Score":1.26,"Term":"oberbrunner","LastUpdated":"2024-11-26T15:19:08.0303261+09:00"},{"Score":1.26,"Term":"pine","LastUpdated":"2024-11-26T15:19:08.0303409+09:00"},{"Score":1.24,"Term":"registration","LastUpdated":"2024-11-26T15:19:08.0303186+09:00"},{"Score":1.24,"Term":"lane","LastUpdated":"2024-11-26T15:19:08.0303325+09:00"},{"Score":1.2,"Term":"address","LastUpdated":"2024-11-26T15:19:08.0303364+09:00"},{"Score":1.16,"Term":"city","LastUpdated":"2024-11-26T15:19:08.030321+09:00"},{"Score":1.14,"Term":"brown","LastUpdated":"2024-11-26T15:19:08.0303204+09:00"},{"Score":1.14,"Term":"gaithersburg","LastUpdated":"2024-11-26T15:19:08.0303255+09:00"},{"Score":1.14,"Term":"mary","LastUpdated":"2024-11-26T15:19:08.0303402+09:00"},{"Score":1.12,"Term":"zip","LastUpdated":"2024-11-26T15:19:08.0303132+09:00"},{"Score":1.12,"Term":"code","LastUpdated":"2024-11-26T15:19:08.0303198+09:00"},{"Score":1.08,"Term":"prepared","LastUpdated":"2024-11-26T15:19:08.0303382+09:00"},{"Score":1.04,"Term":"designation","LastUpdated":"2024-11-26T15:19:08.0303428+09:00"},{"Score":1.02,"Term":"inspector","LastUpdated":"2024-11-26T15:19:08.0303178+09:00"},{"Score":1.0,"Term":"phone","LastUpdated":"2024-11-26T15:19:08.0303249+09:00"},{"Score":0.94,"Term":"type","LastUpdated":"2024-11-26T15:19:08.0303433+09:00"},{"Score":0.92,"Term":"damaged","LastUpdated":"2024-11-26T15:19:08.0303191+09:00"},{"Score":0.9,"Term":"motor","LastUpdated":"2024-11-26T15:19:08.0303421+09:00"},{"Score":0.86,"Term":"canyon","LastUpdated":"2024-11-26T15:19:08.030344+09:00"},{"Score":0.86,"Term":"gmc","LastUpdated":"2024-11-26T15:19:08.0303452+09:00"},{"Score":0.8,"Term":"license","LastUpdated":"2024-11-26T15:19:08.0303317+09:00"},{"Score":0.78,"Term":"location","LastUpdated":"2024-11-26T15:19:08.0303217+09:00"},{"Score":0.7,"Term":"fbk","LastUpdated":"2024-11-26T15:19:08.0303106+09:00"},{"Score":0.68,"Term":"driver","LastUpdated":"2024-11-26T15:19:08.0303338+09:00"},{"Score":0.66,"Term":"nature","LastUpdated":"2024-11-26T15:19:08.030317+09:00"},{"Score":0.64,"Term":"description","LastUpdated":"2024-11-26T15:19:08.030337+09:00"},{"Score":0.62,"Term":"driving","LastUpdated":"2024-11-26T15:19:08.0303223+09:00"},{"Score":0.52,"Term":"bumper","LastUpdated":"2024-11-26T15:19:08.0303331+09:00"},{"Score":0.48,"Term":"injuries","LastUpdated":"2024-11-26T15:19:08.0303376+09:00"},{"Score":0.46,"Term":"casualty","LastUpdated":"2024-11-26T15:19:08.0303139+09:00"},{"Score":0.46,"Term":"minor","LastUpdated":"2024-11-26T15:19:08.0303146+09:00"},{"Score":0.44,"Term":"life","LastUpdated":"2024-11-26T15:19:08.0303268+09:00"},{"Score":0.44,"Term":"human","LastUpdated":"2024-11-26T15:19:08.0303357+09:00"},{"Score":0.42,"Term":"person","LastUpdated":"2024-11-26T15:19:08.0303351+09:00"},{"Score":0.38,"Term":"medical","LastUpdated":"2024-11-26T15:19:08.0303156+09:00"},{"Score":0.36,"Term":"treatment","LastUpdated":"2024-11-26T15:19:08.0303299+09:00"},{"Score":0.32,"Term":"involved","LastUpdated":"2024-11-26T15:19:08.0303344+09:00"},{"Score":0.28,"Term":"activities","LastUpdated":"2024-11-26T15:19:08.0303125+09:00"},{"Score":0.22,"Term":"insurance","LastUpdated":"2024-11-26T15:19:08.030328+09:00"},{"Score":0.22,"Term":"witnesses","LastUpdated":"2024-11-26T15:19:08.0303446+09:00"},{"Score":0.18,"Term":"insured","LastUpdated":"2024-11-26T15:19:08.0303286+09:00"},{"Score":0.16,"Term":"provide","LastUpdated":"2024-11-26T15:19:08.0303274+09:00"},{"Score":0.14,"Term":"details","LastUpdated":"2024-11-26T15:19:08.0303304+09:00"},{"Score":0.12,"Term":"cover","LastUpdated":"2024-11-26T15:19:08.0303388+09:00"},{"Score":0.08,"Term":"company","LastUpdated":"2024-11-26T15:19:08.0303237+09:00"},{"Score":0.08,"Term":"geico","LastUpdated":"2024-11-26T15:19:08.0303415+09:00"},{"Score":0.06,"Term":"cost","LastUpdated":"2024-11-26T15:19:08.0303292+09:00"}]},"RestOfPagesVector":{"VectorId":"UiPath.DU.Report_1.RestOfPages","DocumentCount":2,"TermsWithScores":[]},"ParentVectorId":"UiPath.DU.Report","VectorId":"UiPath.DU.Report_1","DocumentCount":2,"TermsWithScores":[{"Score":1.98,"Term":"damage","LastUpdated":"2024-11-26T15:19:08.0304986+09:00"},{"Score":1.88,"Term":"vehicle","LastUpdated":"2024-11-26T15:19:08.0305177+09:00"},{"Score":1.58,"Term":"report","LastUpdated":"2024-11-26T15:19:08.0305094+09:00"},{"Score":1.34,"Term":"form","LastUpdated":"2024-11-26T15:19:08.0305026+09:00"},{"Score":1.3,"Term":"title","LastUpdated":"2024-11-26T15:19:08.0305107+09:00"},{"Score":1.26,"Term":"tree","LastUpdated":"2024-11-26T15:19:08.0304969+09:00"},{"Score":1.26,"Term":"oberbrunner","LastUpdated":"2024-11-26T15:19:08.0305127+09:00"},{"Score":1.26,"Term":"pine","LastUpdated":"2024-11-26T15:19:08.0305276+09:00"},{"Score":1.24,"Term":"registration","LastUpdated":"2024-11-26T15:19:08.0305048+09:00"},{"Score":1.24,"Term":"lane","LastUpdated":"2024-11-26T15:19:08.0305198+09:00"},{"Score":1.2,"Term":"address","LastUpdated":"2024-11-26T15:19:08.0305237+09:00"},{"Score":1.16,"Term":"city","LastUpdated":"2024-11-26T15:19:08.0305074+09:00"},{"Score":1.14,"Term":"brown","LastUpdated":"2024-11-26T15:19:08.0305067+09:00"},{"Score":1.14,"Term":"gaithersburg","LastUpdated":"2024-11-26T15:19:08.0305119+09:00"},{"Score":1.14,"Term":"mary","LastUpdated":"2024-11-26T15:19:08.0305269+09:00"},{"Score":1.12,"Term":"zip","LastUpdated":"2024-11-26T15:19:08.0304999+09:00"},{"Score":1.12,"Term":"code","LastUpdated":"2024-11-26T15:19:08.030506+09:00"},{"Score":1.08,"Term":"prepared","LastUpdated":"2024-11-26T15:19:08.0305255+09:00"},{"Score":1.04,"Term":"designation","LastUpdated":"2024-11-26T15:19:08.0305294+09:00"},{"Score":1.02,"Term":"inspector","LastUpdated":"2024-11-26T15:19:08.0305041+09:00"},{"Score":1.0,"Term":"phone","LastUpdated":"2024-11-26T15:19:08.0305113+09:00"},{"Score":0.94,"Term":"type","LastUpdated":"2024-11-26T15:19:08.0305301+09:00"},{"Score":0.92,"Term":"damaged","LastUpdated":"2024-11-26T15:19:08.0305054+09:00"},{"Score":0.9,"Term":"motor","LastUpdated":"2024-11-26T15:19:08.0305289+09:00"},{"Score":0.86,"Term":"canyon","LastUpdated":"2024-11-26T15:19:08.0305307+09:00"},{"Score":0.86,"Term":"gmc","LastUpdated":"2024-11-26T15:19:08.0305319+09:00"},{"Score":0.8,"Term":"license","LastUpdated":"2024-11-26T15:19:08.0305183+09:00"},{"Score":0.78,"Term":"location","LastUpdated":"2024-11-26T15:19:08.030508+09:00"},{"Score":0.7,"Term":"fbk","LastUpdated":"2024-11-26T15:19:08.0304978+09:00"},{"Score":0.68,"Term":"driver","LastUpdated":"2024-11-26T15:19:08.0305211+09:00"},{"Score":0.66,"Term":"nature","LastUpdated":"2024-11-26T15:19:08.0305033+09:00"},{"Score":0.64,"Term":"description","LastUpdated":"2024-11-26T15:19:08.0305243+09:00"},{"Score":0.62,"Term":"driving","LastUpdated":"2024-11-26T15:19:08.0305088+09:00"},{"Score":0.52,"Term":"bumper","LastUpdated":"2024-11-26T15:19:08.0305205+09:00"},{"Score":0.48,"Term":"injuries","LastUpdated":"2024-11-26T15:19:08.0305249+09:00"},{"Score":0.46,"Term":"casualty","LastUpdated":"2024-11-26T15:19:08.0305006+09:00"},{"Score":0.46,"Term":"minor","LastUpdated":"2024-11-26T15:19:08.0305012+09:00"},{"Score":0.44,"Term":"life","LastUpdated":"2024-11-26T15:19:08.0305133+09:00"},{"Score":0.44,"Term":"human","LastUpdated":"2024-11-26T15:19:08.030523+09:00"},{"Score":0.42,"Term":"person","LastUpdated":"2024-11-26T15:19:08.0305224+09:00"},{"Score":0.38,"Term":"medical","LastUpdated":"2024-11-26T15:19:08.030502+09:00"},{"Score":0.36,"Term":"treatment","LastUpdated":"2024-11-26T15:19:08.0305165+09:00"},{"Score":0.32,"Term":"involved","LastUpdated":"2024-11-26T15:19:08.0305218+09:00"},{"Score":0.28,"Term":"activities","LastUpdated":"2024-11-26T15:19:08.0304993+09:00"},{"Score":0.22,"Term":"insurance","LastUpdated":"2024-11-26T15:19:08.0305145+09:00"},{"Score":0.22,"Term":"witnesses","LastUpdated":"2024-11-26T15:19:08.0305313+09:00"},{"Score":0.18,"Term":"insured","LastUpdated":"2024-11-26T15:19:08.0305152+09:00"},{"Score":0.16,"Term":"provide","LastUpdated":"2024-11-26T15:19:08.030514+09:00"},{"Score":0.14,"Term":"details","LastUpdated":"2024-11-26T15:19:08.030517+09:00"},{"Score":0.12,"Term":"cover","LastUpdated":"2024-11-26T15:19:08.0305262+09:00"},{"Score":0.08,"Term":"company","LastUpdated":"2024-11-26T15:19:08.0305101+09:00"},{"Score":0.08,"Term":"geico","LastUpdated":"2024-11-26T15:19:08.0305282+09:00"},{"Score":0.06,"Term":"cost","LastUpdated":"2024-11-26T15:19:08.0305159+09:00"}]}],"TotalDocumentLength":1942,"PageCount":1,"FirstPageVector":{"VectorId":"UiPath.DU.Report.FirstPage","DocumentCount":2,"TermsWithScores":[{"Score":1.98,"Term":"damage","LastUpdated":"2024-11-26T15:19:08.0248084+09:00"},{"Score":1.88,"Term":"vehicle","LastUpdated":"2024-11-26T15:19:08.0248339+09:00"},{"Score":1.58,"Term":"report","LastUpdated":"2024-11-26T15:19:08.024823+09:00"},{"Score":1.34,"Term":"form","LastUpdated":"2024-11-26T15:19:08.024814+09:00"},{"Score":1.3,"Term":"title","LastUpdated":"2024-11-26T15:19:08.0248244+09:00"},{"Score":1.26,"Term":"tree","LastUpdated":"2024-11-26T15:19:08.0247314+09:00"},{"Score":1.26,"Term":"oberbrunner","LastUpdated":"2024-11-26T15:19:08.0248267+09:00"},{"Score":1.26,"Term":"pine","LastUpdated":"2024-11-26T15:19:08.0248436+09:00"},{"Score":1.24,"Term":"registration","LastUpdated":"2024-11-26T15:19:08.0248165+09:00"},{"Score":1.24,"Term":"lane","LastUpdated":"2024-11-26T15:19:08.0248353+09:00"},{"Score":1.2,"Term":"address","LastUpdated":"2024-11-26T15:19:08.0248395+09:00"},{"Score":1.16,"Term":"city","LastUpdated":"2024-11-26T15:19:08.0248195+09:00"},{"Score":1.14,"Term":"brown","LastUpdated":"2024-11-26T15:19:08.0248188+09:00"},{"Score":1.14,"Term":"gaithersburg","LastUpdated":"2024-11-26T15:19:08.0248258+09:00"},{"Score":1.14,"Term":"mary","LastUpdated":"2024-11-26T15:19:08.024843+09:00"},{"Score":1.12,"Term":"zip","LastUpdated":"2024-11-26T15:19:08.0248104+09:00"},{"Score":1.12,"Term":"code","LastUpdated":"2024-11-26T15:19:08.0248181+09:00"},{"Score":1.08,"Term":"prepared","LastUpdated":"2024-11-26T15:19:08.0248416+09:00"},{"Score":1.04,"Term":"designation","LastUpdated":"2024-11-26T15:19:08.0248457+09:00"},{"Score":1.02,"Term":"inspector","LastUpdated":"2024-11-26T15:19:08.0248156+09:00"},{"Score":1.0,"Term":"phone","LastUpdated":"2024-11-26T15:19:08.0248252+09:00"},{"Score":0.94,"Term":"type","LastUpdated":"2024-11-26T15:19:08.0248463+09:00"},{"Score":0.92,"Term":"damaged","LastUpdated":"2024-11-26T15:19:08.0248172+09:00"},{"Score":0.9,"Term":"motor","LastUpdated":"2024-11-26T15:19:08.0248449+09:00"},{"Score":0.86,"Term":"canyon","LastUpdated":"2024-11-26T15:19:08.024847+09:00"},{"Score":0.86,"Term":"gmc","LastUpdated":"2024-11-26T15:19:08.0248482+09:00"},{"Score":0.8,"Term":"license","LastUpdated":"2024-11-26T15:19:08.0248346+09:00"},{"Score":0.78,"Term":"location","LastUpdated":"2024-11-26T15:19:08.0248203+09:00"},{"Score":0.7,"Term":"fbk","LastUpdated":"2024-11-26T15:19:08.024807+09:00"},{"Score":0.68,"Term":"driver","LastUpdated":"2024-11-26T15:19:08.0248368+09:00"},{"Score":0.66,"Term":"nature","LastUpdated":"2024-11-26T15:19:08.0248149+09:00"},{"Score":0.64,"Term":"description","LastUpdated":"2024-11-26T15:19:08.0248402+09:00"},{"Score":0.62,"Term":"driving","LastUpdated":"2024-11-26T15:19:08.0248222+09:00"},{"Score":0.52,"Term":"bumper","LastUpdated":"2024-11-26T15:19:08.0248361+09:00"},{"Score":0.48,"Term":"injuries","LastUpdated":"2024-11-26T15:19:08.0248409+09:00"},{"Score":0.46,"Term":"casualty","LastUpdated":"2024-11-26T15:19:08.0248114+09:00"},{"Score":0.46,"Term":"minor","LastUpdated":"2024-11-26T15:19:08.0248122+09:00"},{"Score":0.44,"Term":"life","LastUpdated":"2024-11-26T15:19:08.0248274+09:00"},{"Score":0.44,"Term":"human","LastUpdated":"2024-11-26T15:19:08.0248388+09:00"},{"Score":0.42,"Term":"person","LastUpdated":"2024-11-26T15:19:08.0248381+09:00"},{"Score":0.38,"Term":"medical","LastUpdated":"2024-11-26T15:19:08.0248131+09:00"},{"Score":0.36,"Term":"treatment","LastUpdated":"2024-11-26T15:19:08.0248324+09:00"},{"Score":0.32,"Term":"involved","LastUpdated":"2024-11-26T15:19:08.0248374+09:00"},{"Score":0.28,"Term":"activities","LastUpdated":"2024-11-26T15:19:08.0248095+09:00"},{"Score":0.22,"Term":"insurance","LastUpdated":"2024-11-26T15:19:08.0248289+09:00"},{"Score":0.22,"Term":"witnesses","LastUpdated":"2024-11-26T15:19:08.0248476+09:00"},{"Score":0.18,"Term":"insured","LastUpdated":"2024-11-26T15:19:08.0248296+09:00"},{"Score":0.16,"Term":"provide","LastUpdated":"2024-11-26T15:19:08.0248281+09:00"},{"Score":0.14,"Term":"details","LastUpdated":"2024-11-26T15:19:08.0248332+09:00"},{"Score":0.12,"Term":"cover","LastUpdated":"2024-11-26T15:19:08.0248424+09:00"},{"Score":0.08,"Term":"company","LastUpdated":"2024-11-26T15:19:08.0248237+09:00"},{"Score":0.08,"Term":"geico","LastUpdated":"2024-11-26T15:19:08.0248442+09:00"},{"Score":0.06,"Term":"cost","LastUpdated":"2024-11-26T15:19:08.0248304+09:00"}]},"RestOfPagesVector":{"VectorId":"UiPath.DU.Report.RestOfPages","DocumentCount":2,"TermsWithScores":[]},"ParentVectorId":null,"VectorId":"UiPath.DU.Report","DocumentCount":2,"TermsWithScores":[{"Score":1.98,"Term":"damage","LastUpdated":"2024-11-26T15:19:08.0301255+09:00"},{"Score":1.88,"Term":"vehicle","LastUpdated":"2024-11-26T15:19:08.0301463+09:00"},{"Score":1.58,"Term":"report","LastUpdated":"2024-11-26T15:19:08.0301373+09:00"},{"Score":1.34,"Term":"form","LastUpdated":"2024-11-26T15:19:08.0301301+09:00"},{"Score":1.3,"Term":"title","LastUpdated":"2024-11-26T15:19:08.0301389+09:00"},{"Score":1.26,"Term":"tree","LastUpdated":"2024-11-26T15:19:08.0301223+09:00"},{"Score":1.26,"Term":"oberbrunner","LastUpdated":"2024-11-26T15:19:08.0301413+09:00"},{"Score":1.26,"Term":"pine","LastUpdated":"2024-11-26T15:19:08.0301557+09:00"},{"Score":1.24,"Term":"registration","LastUpdated":"2024-11-26T15:19:08.0301323+09:00"},{"Score":1.24,"Term":"lane","LastUpdated":"2024-11-26T15:19:08.0301477+09:00"},{"Score":1.2,"Term":"address","LastUpdated":"2024-11-26T15:19:08.0301517+09:00"},{"Score":1.16,"Term":"city","LastUpdated":"2024-11-26T15:19:08.0301354+09:00"},{"Score":1.14,"Term":"brown","LastUpdated":"2024-11-26T15:19:08.0301347+09:00"},{"Score":1.14,"Term":"gaithersburg","LastUpdated":"2024-11-26T15:19:08.0301404+09:00"},{"Score":1.14,"Term":"mary","LastUpdated":"2024-11-26T15:19:08.0301549+09:00"},{"Score":1.12,"Term":"zip","LastUpdated":"2024-11-26T15:19:08.030127+09:00"},{"Score":1.12,"Term":"code","LastUpdated":"2024-11-26T15:19:08.0301339+09:00"},{"Score":1.08,"Term":"prepared","LastUpdated":"2024-11-26T15:19:08.0301537+09:00"},{"Score":1.04,"Term":"designation","LastUpdated":"2024-11-26T15:19:08.0301575+09:00"},{"Score":1.02,"Term":"inspector","LastUpdated":"2024-11-26T15:19:08.0301317+09:00"},{"Score":1.0,"Term":"phone","LastUpdated":"2024-11-26T15:19:08.0301395+09:00"},{"Score":0.94,"Term":"type","LastUpdated":"2024-11-26T15:19:08.0301582+09:00"},{"Score":0.92,"Term":"damaged","LastUpdated":"2024-11-26T15:19:08.030133+09:00"},{"Score":0.9,"Term":"motor","LastUpdated":"2024-11-26T15:19:08.0301569+09:00"},{"Score":0.86,"Term":"canyon","LastUpdated":"2024-11-26T15:19:08.030159+09:00"},{"Score":0.86,"Term":"gmc","LastUpdated":"2024-11-26T15:19:08.0301603+09:00"},{"Score":0.8,"Term":"license","LastUpdated":"2024-11-26T15:19:08.030147+09:00"},{"Score":0.78,"Term":"location","LastUpdated":"2024-11-26T15:19:08.030136+09:00"},{"Score":0.7,"Term":"fbk","LastUpdated":"2024-11-26T15:19:08.0301247+09:00"},{"Score":0.68,"Term":"driver","LastUpdated":"2024-11-26T15:19:08.0301491+09:00"},{"Score":0.66,"Term":"nature","LastUpdated":"2024-11-26T15:19:08.0301311+09:00"},{"Score":0.64,"Term":"description","LastUpdated":"2024-11-26T15:19:08.0301523+09:00"},{"Score":0.62,"Term":"driving","LastUpdated":"2024-11-26T15:19:08.0301367+09:00"},{"Score":0.52,"Term":"bumper","LastUpdated":"2024-11-26T15:19:08.0301484+09:00"},{"Score":0.48,"Term":"injuries","LastUpdated":"2024-11-26T15:19:08.0301531+09:00"},{"Score":0.46,"Term":"casualty","LastUpdated":"2024-11-26T15:19:08.0301278+09:00"},{"Score":0.46,"Term":"minor","LastUpdated":"2024-11-26T15:19:08.0301285+09:00"},{"Score":0.44,"Term":"life","LastUpdated":"2024-11-26T15:19:08.030142+09:00"},{"Score":0.44,"Term":"human","LastUpdated":"2024-11-26T15:19:08.030151+09:00"},{"Score":0.42,"Term":"person","LastUpdated":"2024-11-26T15:19:08.0301504+09:00"},{"Score":0.38,"Term":"medical","LastUpdated":"2024-11-26T15:19:08.0301293+09:00"},{"Score":0.36,"Term":"treatment","LastUpdated":"2024-11-26T15:19:08.0301451+09:00"},{"Score":0.32,"Term":"involved","LastUpdated":"2024-11-26T15:19:08.0301498+09:00"},{"Score":0.28,"Term":"activities","LastUpdated":"2024-11-26T15:19:08.0301262+09:00"},{"Score":0.22,"Term":"insurance","LastUpdated":"2024-11-26T15:19:08.0301432+09:00"},{"Score":0.22,"Term":"witnesses","LastUpdated":"2024-11-26T15:19:08.0301596+09:00"},{"Score":0.18,"Term":"insured","LastUpdated":"2024-11-26T15:19:08.0301438+09:00"},{"Score":0.16,"Term":"provide","LastUpdated":"2024-11-26T15:19:08.0301426+09:00"},{"Score":0.14,"Term":"details","LastUpdated":"2024-11-26T15:19:08.0301457+09:00"},{"Score":0.12,"Term":"cover","LastUpdated":"2024-11-26T15:19:08.0301543+09:00"},{"Score":0.08,"Term":"company","LastUpdated":"2024-11-26T15:19:08.030138+09:00"},{"Score":0.08,"Term":"geico","LastUpdated":"2024-11-26T15:19:08.0301563+09:00"},{"Score":0.06,"Term":"cost","LastUpdated":"2024-11-26T15:19:08.0301444+09:00"}]}]
