[{"DocumentKeywordVectors":[{"TotalDocumentLength":14280,"PageCount":2,"FirstPageVector":{"VectorId":"UiPath.DU.1040x_2.FirstPage","DocumentCount":2,"TermsWithScores":[{"Score":1.98,"Term":"tax","LastUpdated":"2024-11-26T13:39:41.6934329+09:00"},{"Score":1.98,"Term":"income","LastUpdated":"2024-11-26T13:39:41.6934648+09:00"},{"Score":1.98,"Term":"return","LastUpdated":"2024-11-26T13:39:41.6934995+09:00"},{"Score":1.94,"Term":"enter","LastUpdated":"2024-11-26T13:39:41.6935275+09:00"},{"Score":1.92,"Term":"instructions","LastUpdated":"2024-11-26T13:39:41.6934613+09:00"},{"Score":1.7,"Term":"filing","LastUpdated":"2024-11-26T13:39:41.6934117+09:00"},{"Score":1.66,"Term":"returns","LastUpdated":"2024-11-26T13:39:41.6934636+09:00"},{"Score":1.62,"Term":"box","LastUpdated":"2024-11-26T13:39:41.6935217+09:00"},{"Score":1.6,"Term":"foreign","LastUpdated":"2024-11-26T13:39:41.6934364+09:00"},{"Score":1.58,"Term":"amended","LastUpdated":"2024-11-26T13:39:41.6935413+09:00"},{"Score":1.52,"Term":"social","LastUpdated":"2024-11-26T13:39:41.6935032+09:00"},{"Score":1.52,"Term":"security","LastUpdated":"2024-11-26T13:39:41.6935157+09:00"},{"Score":1.44,"Term":"individual","LastUpdated":"2024-11-26T13:39:41.6933857+09:00"},{"Score":1.44,"Term":"complete","LastUpdated":"2024-11-26T13:39:41.6934399+09:00"},{"Score":1.42,"Term":"status","LastUpdated":"2024-11-26T13:39:41.6935389+09:00"},{"Score":1.4,"Term":"changing","LastUpdated":"2024-11-26T13:39:41.6933913+09:00"},{"Score":1.4,"Term":"calendar","LastUpdated":"2024-11-26T13:39:41.6934707+09:00"},{"Score":1.4,"Term":"check","LastUpdated":"2024-11-26T13:39:41.6935008+09:00"},{"Score":1.38,"Term":"subtract","LastUpdated":"2024-11-26T13:39:41.6934053+09:00"},{"Score":1.38,"Term":"initial","LastUpdated":"2024-11-26T13:39:41.6935299+09:00"},{"Score":1.38,"Term":"middle","LastUpdated":"2024-11-26T13:39:41.6935311+09:00"},{"Score":1.36,"Term":"revenue","LastUpdated":"2024-11-26T13:39:41.6934066+09:00"},{"Score":1.36,"Term":"service","LastUpdated":"2024-11-26T13:39:41.693413+09:00"},{"Score":1.36,"Term":"joint","LastUpdated":"2024-11-26T13:39:41.6934195+09:00"},{"Score":1.36,"Term":"internal","LastUpdated":"2024-11-26T13:39:41.6934256+09:00"},{"Score":1.36,"Term":"treasury","LastUpdated":"2024-11-26T13:39:41.6934565+09:00"},{"Score":1.36,"Term":"department","LastUpdated":"2024-11-26T13:39:41.693502+09:00"},{"Score":1.34,"Term":"january","LastUpdated":"2024-11-26T13:39:41.6933783+09:00"},{"Score":1.34,"Term":"address","LastUpdated":"2024-11-26T13:39:41.693447+09:00"},{"Score":1.34,"Term":"omb","LastUpdated":"2024-11-26T13:39:41.6934624+09:00"},{"Score":1.32,"Term":"code","LastUpdated":"2024-11-26T13:39:41.693482+09:00"},{"Score":1.3,"Term":"fiscal","LastUpdated":"2024-11-26T13:39:41.6934028+09:00"},{"Score":1.3,"Term":"original","LastUpdated":"2024-11-26T13:39:41.693428+09:00"},{"Score":1.28,"Term":"jones","LastUpdated":"2024-11-26T13:39:41.693453+09:00"},{"Score":1.28,"Term":"james","LastUpdated":"2024-11-26T13:39:41.6935263+09:00"},{"Score":1.26,"Term":"current","LastUpdated":"2024-11-26T13:39:41.6934659+09:00"},{"Score":1.26,"Term":"adjusted","LastUpdated":"2024-11-26T13:39:41.6935193+09:00"},{"Score":1.26,"Term":"change","LastUpdated":"2024-11-26T13:39:41.6935286+09:00"},{"Score":1.24,"Term":"care","LastUpdated":"2024-11-26T13:39:41.6934092+09:00"},{"Score":1.24,"Term":"willow","LastUpdated":"2024-11-26T13:39:41.693422+09:00"},{"Score":1.24,"Term":"drive","LastUpdated":"2024-11-26T13:39:41.6934317+09:00"},{"Score":1.24,"Term":"apt","LastUpdated":"2024-11-26T13:39:41.6934447+09:00"},{"Score":1.24,"Term":"greene","LastUpdated":"2024-11-26T13:39:41.69346+09:00"},{"Score":1.24,"Term":"city","LastUpdated":"2024-11-26T13:39:41.6934889+09:00"},{"Score":1.24,"Term":"health","LastUpdated":"2024-11-26T13:39:41.6934935+09:00"},{"Score":1.24,"Term":"phone","LastUpdated":"2024-11-26T13:39:41.6934971+09:00"},{"Score":1.24,"Term":"town","LastUpdated":"2024-11-26T13:39:41.6935122+09:00"},{"Score":1.22,"Term":"zip","LastUpdated":"2024-11-26T13:39:41.6933886+09:00"},{"Score":1.22,"Term":"spaces","LastUpdated":"2024-11-26T13:39:41.6934293+09:00"},{"Score":1.22,"Term":"post","LastUpdated":"2024-11-26T13:39:41.6935077+09:00"},{"Score":1.22,"Term":"office","LastUpdated":"2024-11-26T13:39:41.6935323+09:00"},{"Score":1.2,"Term":"montgomery","LastUpdated":"2024-11-26T13:39:41.6934014+09:00"},{"Score":1.2,"Term":"qualifying","LastUpdated":"2024-11-26T13:39:41.6934341+09:00"},{"Score":1.2,"Term":"country","LastUpdated":"2024-11-26T13:39:41.6934493+09:00"},{"Score":1.2,"Term":"postal","LastUpdated":"2024-11-26T13:39:41.6934553+09:00"},{"Score":1.2,"Term":"married","LastUpdated":"2024-11-26T13:39:41.6934589+09:00"},{"Score":1.2,"Term":"alabama","LastUpdated":"2024-11-26T13:39:41.6935134+09:00"},{"Score":1.18,"Term":"checked","LastUpdated":"2024-11-26T13:39:41.6934147+09:00"},{"Score":1.18,"Term":"caution","LastUpdated":"2024-11-26T13:39:41.6934183+09:00"},{"Score":1.16,"Term":"separate","LastUpdated":"2024-11-26T13:39:41.6934352+09:00"},{"Score":1.14,"Term":"coverage","LastUpdated":"2024-11-26T13:39:41.6933808+09:00"},{"Score":1.14,"Term":"amending","LastUpdated":"2024-11-26T13:39:41.6933965+09:00"},{"Score":1.14,"Term":"explain","LastUpdated":"2024-11-26T13:39:41.6934376+09:00"},{"Score":1.14,"Term":"iii","LastUpdated":"2024-11-26T13:39:41.6934855+09:00"},{"Score":1.12,"Term":"jointly","LastUpdated":"2024-11-26T13:39:41.6933842+09:00"},{"Score":1.12,"Term":"blank","LastUpdated":"2024-11-26T13:39:41.6933872+09:00"},{"Score":1.12,"Term":"deductions","LastUpdated":"2024-11-26T13:39:41.6934387+09:00"},{"Score":1.12,"Term":"leave","LastUpdated":"2024-11-26T13:39:41.6934761+09:00"},{"Score":1.12,"Term":"single","LastUpdated":"2024-11-26T13:39:41.69349+09:00"},{"Score":1.12,"Term":"separately","LastUpdated":"2024-11-26T13:39:41.6935448+09:00"},{"Score":1.1,"Term":"total","LastUpdated":"2024-11-26T13:39:41.6933927+09:00"},{"Score":1.1,"Term":"head","LastUpdated":"2024-11-26T13:39:41.6934481+09:00"},{"Score":1.1,"Term":"mfs","LastUpdated":"2024-11-26T13:39:41.6934505+09:00"},{"Score":1.1,"Term":"carryback","LastUpdated":"2024-11-26T13:39:41.6934832+09:00"},{"Score":1.1,"Term":"spouse","LastUpdated":"2024-11-26T13:39:41.6935089+09:00"},{"Score":1.1,"Term":"household","LastUpdated":"2024-11-26T13:39:41.6935111+09:00"},{"Score":1.1,"Term":"included","LastUpdated":"2024-11-26T13:39:41.6935484+09:00"},{"Score":1.08,"Term":"person","LastUpdated":"2024-11-26T13:39:41.6933828+09:00"},{"Score":1.08,"Term":"deduction","LastUpdated":"2024-11-26T13:39:41.693472+09:00"},{"Score":1.08,"Term":"qw","LastUpdated":"2024-11-26T13:39:41.6934737+09:00"},{"Score":1.08,"Term":"payments","LastUpdated":"2024-11-26T13:39:41.6934785+09:00"},{"Score":1.08,"Term":"earlier","LastUpdated":"2024-11-26T13:39:41.6934797+09:00"},{"Score":1.08,"Term":"child","LastUpdated":"2024-11-26T13:39:41.6935054+09:00"},{"Score":1.08,"Term":"hoh","LastUpdated":"2024-11-26T13:39:41.6935228+09:00"},{"Score":1.08,"Term":"dependent","LastUpdated":"2024-11-26T13:39:41.6935425+09:00"},{"Score":1.06,"Term":"reported","LastUpdated":"2024-11-26T13:39:41.6934773+09:00"},{"Score":1.06,"Term":"business","LastUpdated":"2024-11-26T13:39:41.6935169+09:00"},{"Score":1.04,"Term":"correct","LastUpdated":"2024-11-26T13:39:41.6934877+09:00"},{"Score":1.04,"Term":"increase","LastUpdated":"2024-11-26T13:39:41.6934947+09:00"},{"Score":1.02,"Term":"loss","LastUpdated":"2024-11-26T13:39:41.6933978+09:00"},{"Score":1.02,"Term":"result","LastUpdated":"2024-11-26T13:39:41.6934079+09:00"},{"Score":1.02,"Term":"gross","LastUpdated":"2024-11-26T13:39:41.6935251+09:00"},{"Score":1.02,"Term":"paid","LastUpdated":"2024-11-26T13:39:41.6935346+09:00"},{"Score":1.02,"Term":"operating","LastUpdated":"2024-11-26T13:39:41.6935437+09:00"},{"Score":1.0,"Term":"exemptions","LastUpdated":"2024-11-26T13:39:41.693404+09:00"},{"Score":1.0,"Term":"credit","LastUpdated":"2024-11-26T13:39:41.6934577+09:00"},{"Score":1.0,"Term":"standard","LastUpdated":"2024-11-26T13:39:41.6934683+09:00"},{"Score":1.0,"Term":"itemized","LastUpdated":"2024-11-26T13:39:41.6934843+09:00"},{"Score":1.0,"Term":"credits","LastUpdated":"2024-11-26T13:39:41.6934866+09:00"},{"Score":0.98,"Term":"column","LastUpdated":"2024-11-26T13:39:41.6935358+09:00"},{"Score":0.96,"Term":"add","LastUpdated":"2024-11-26T13:39:41.6933939+09:00"},{"Score":0.96,"Term":"taxable","LastUpdated":"2024-11-26T13:39:41.693524+09:00"},{"Score":0.96,"Term":"qualified","LastUpdated":"2024-11-26T13:39:41.6935401+09:00"},{"Score":0.96,"Term":"lines","LastUpdated":"2024-11-26T13:39:41.6935461+09:00"},{"Score":0.94,"Term":"liability","LastUpdated":"2024-11-26T13:39:41.6934171+09:00"},{"Score":0.94,"Term":"withheld","LastUpdated":"2024-11-26T13:39:41.6934912+09:00"},{"Score":0.92,"Term":"estimated","LastUpdated":"2024-11-26T13:39:41.69339+09:00"},{"Score":0.92,"Term":"applied","LastUpdated":"2024-11-26T13:39:41.6934542+09:00"},{"Score":0.92,"Term":"figure","LastUpdated":"2024-11-26T13:39:41.6935473+09:00"},{"Score":0.88,"Term":"taxes","LastUpdated":"2024-11-26T13:39:41.6934423+09:00"},{"Score":0.88,"Term":"form","LastUpdated":"2024-11-26T13:39:41.6934959+09:00"},{"Score":0.88,"Term":"responsibility","LastUpdated":"2024-11-26T13:39:41.6935043+09:00"},{"Score":0.86,"Term":"excess","LastUpdated":"2024-11-26T13:39:41.6934304+09:00"},{"Score":0.86,"Term":"federal","LastUpdated":"2024-11-26T13:39:41.6934808+09:00"},{"Score":0.84,"Term":"owe","LastUpdated":"2024-11-26T13:39:41.6934003+09:00"},{"Score":0.84,"Term":"rrta","LastUpdated":"2024-11-26T13:39:41.6934435+09:00"},{"Score":0.84,"Term":"including","LastUpdated":"2024-11-26T13:39:41.6934671+09:00"},{"Score":0.84,"Term":"tier","LastUpdated":"2024-11-26T13:39:41.6935145+09:00"},{"Score":0.82,"Term":"schedule","LastUpdated":"2024-11-26T13:39:41.6934232+09:00"},{"Score":0.82,"Term":"earned","LastUpdated":"2024-11-26T13:39:41.6934244+09:00"},{"Score":0.82,"Term":"refundable","LastUpdated":"2024-11-26T13:39:41.6934749+09:00"},{"Score":0.82,"Term":"prior","LastUpdated":"2024-11-26T13:39:41.6935181+09:00"},{"Score":0.8,"Term":"difference","LastUpdated":"2024-11-26T13:39:41.6933991+09:00"},{"Score":0.78,"Term":"extension","LastUpdated":"2024-11-26T13:39:41.6934104+09:00"},{"Score":0.78,"Term":"file","LastUpdated":"2024-11-26T13:39:41.6934207+09:00"},{"Score":0.78,"Term":"additional","LastUpdated":"2024-11-26T13:39:41.6934458+09:00"},{"Score":0.78,"Term":"request","LastUpdated":"2024-11-26T13:39:41.6934983+09:00"},{"Score":0.78,"Term":"time","LastUpdated":"2024-11-26T13:39:41.6935335+09:00"},{"Score":0.76,"Term":"refund","LastUpdated":"2024-11-26T13:39:41.6934268+09:00"},{"Score":0.76,"Term":"filed","LastUpdated":"2024-11-26T13:39:41.6934517+09:00"},{"Score":0.74,"Term":"overpayment","LastUpdated":"2024-11-26T13:39:41.69351+09:00"},{"Score":0.74,"Term":"irs","LastUpdated":"2024-11-26T13:39:41.6935377+09:00"},{"Score":0.68,"Term":"overpaid","LastUpdated":"2024-11-26T13:39:41.6934695+09:00"},{"Score":0.68,"Term":"refunded","LastUpdated":"2024-11-26T13:39:41.6934924+09:00"},{"Score":0.66,"Term":"sign","LastUpdated":"2024-11-26T13:39:41.6934159+09:00"},{"Score":0.64,"Term":"reduction","LastUpdated":"2024-11-26T13:39:41.6933951+09:00"},{"Score":0.64,"Term":"paperwork","LastUpdated":"2024-11-26T13:39:41.6934411+09:00"},{"Score":0.64,"Term":"cat","LastUpdated":"2024-11-26T13:39:41.6935066+09:00"},{"Score":0.64,"Term":"notice","LastUpdated":"2024-11-26T13:39:41.6935205+09:00"}]},"RestOfPagesVector":{"VectorId":"UiPath.DU.1040x_2.RestOfPages","DocumentCount":2,"TermsWithScores":[{"Score":1.26,"Term":"form","LastUpdated":"2024-11-26T13:39:41.6937747+09:00"},{"Score":1.26,"Term":"dependents","LastUpdated":"2024-11-26T13:39:41.6937865+09:00"},{"Score":1.22,"Term":"amending","LastUpdated":"2024-11-26T13:39:41.6937228+09:00"},{"Score":1.22,"Term":"exemptions","LastUpdated":"2024-11-26T13:39:41.6937258+09:00"},{"Score":1.22,"Term":"return","LastUpdated":"2024-11-26T13:39:41.6937773+09:00"},{"Score":1.1,"Term":"amended","LastUpdated":"2024-11-26T13:39:41.6937973+09:00"},{"Score":0.96,"Term":"blank","LastUpdated":"2024-11-26T13:39:41.6937173+09:00"},{"Score":0.96,"Term":"leave","LastUpdated":"2024-11-26T13:39:41.6937633+09:00"},{"Score":0.8,"Term":"lines","LastUpdated":"2024-11-26T13:39:41.6938+09:00"},{"Score":0.76,"Term":"instructions","LastUpdated":"2024-11-26T13:39:41.6937523+09:00"},{"Score":0.76,"Term":"forms","LastUpdated":"2024-11-26T13:39:41.6937542+09:00"},{"Score":0.74,"Term":"tax","LastUpdated":"2024-11-26T13:39:41.6937417+09:00"},{"Score":0.72,"Term":"complete","LastUpdated":"2024-11-26T13:39:41.6937436+09:00"},{"Score":0.72,"Term":"dependent","LastUpdated":"2024-11-26T13:39:41.6937982+09:00"},{"Score":0.7,"Term":"changed","LastUpdated":"2024-11-26T13:39:41.6937624+09:00"},{"Score":0.68,"Term":"reported","LastUpdated":"2024-11-26T13:39:41.6937643+09:00"},{"Score":0.68,"Term":"change","LastUpdated":"2024-11-26T13:39:41.6937929+09:00"},{"Score":0.66,"Term":"returns","LastUpdated":"2024-11-26T13:39:41.6937532+09:00"},{"Score":0.64,"Term":"caution","LastUpdated":"2024-11-26T13:39:41.6937341+09:00"},{"Score":0.64,"Term":"original","LastUpdated":"2024-11-26T13:39:41.6937378+09:00"},{"Score":0.64,"Term":"correct","LastUpdated":"2024-11-26T13:39:41.693772+09:00"},{"Score":0.6,"Term":"relating","LastUpdated":"2024-11-26T13:39:41.6937702+09:00"},{"Score":0.58,"Term":"include","LastUpdated":"2024-11-26T13:39:41.6937387+09:00"},{"Score":0.58,"Term":"claim","LastUpdated":"2024-11-26T13:39:41.6937559+09:00"},{"Score":0.58,"Term":"exemption","LastUpdated":"2024-11-26T13:39:41.6937596+09:00"},{"Score":0.58,"Term":"spouse","LastUpdated":"2024-11-26T13:39:41.6937828+09:00"},{"Score":0.56,"Term":"children","LastUpdated":"2024-11-26T13:39:41.6937587+09:00"},{"Score":0.54,"Term":"applicable","LastUpdated":"2024-11-26T13:39:41.6937474+09:00"},{"Score":0.52,"Term":"note","LastUpdated":"2024-11-26T13:39:41.6937578+09:00"},{"Score":0.52,"Term":"fund","LastUpdated":"2024-11-26T13:39:41.6937688+09:00"},{"Score":0.5,"Term":"claimed","LastUpdated":"2024-11-26T13:39:41.6937465+09:00"},{"Score":0.5,"Term":"check","LastUpdated":"2024-11-26T13:39:41.6937783+09:00"},{"Score":0.46,"Term":"adjusted","LastUpdated":"2024-11-26T13:39:41.6937902+09:00"},{"Score":0.44,"Term":"live","LastUpdated":"2024-11-26T13:39:41.6937332+09:00"},{"Score":0.44,"Term":"lived","LastUpdated":"2024-11-26T13:39:41.6937427+09:00"},{"Score":0.44,"Term":"divorce","LastUpdated":"2024-11-26T13:39:41.6937651+09:00"},{"Score":0.44,"Term":"separation","LastUpdated":"2024-11-26T13:39:41.6937965+09:00"},{"Score":0.42,"Term":"total","LastUpdated":"2024-11-26T13:39:41.6937208+09:00"},{"Score":0.42,"Term":"add","LastUpdated":"2024-11-26T13:39:41.6937217+09:00"},{"Score":0.4,"Term":"credit","LastUpdated":"2024-11-26T13:39:41.6937513+09:00"},{"Score":0.4,"Term":"multiply","LastUpdated":"2024-11-26T13:39:41.6937912+09:00"},{"Score":0.38,"Term":"preparer","LastUpdated":"2024-11-26T13:39:41.6937141+09:00"},{"Score":0.38,"Term":"result","LastUpdated":"2024-11-26T13:39:41.6937277+09:00"},{"Score":0.38,"Term":"enter","LastUpdated":"2024-11-26T13:39:41.693792+09:00"},{"Score":0.36,"Term":"signature","LastUpdated":"2024-11-26T13:39:41.6937801+09:00"},{"Score":0.36,"Term":"list","LastUpdated":"2024-11-26T13:39:41.6937874+09:00"},{"Score":0.34,"Term":"inst","LastUpdated":"2024-11-26T13:39:41.6937238+09:00"},{"Score":0.34,"Term":"joint","LastUpdated":"2024-11-26T13:39:41.6937351+09:00"},{"Score":0.32,"Term":"qualifies","LastUpdated":"2024-11-26T13:39:41.6937399+09:00"},{"Score":0.32,"Term":"social","LastUpdated":"2024-11-26T13:39:41.6937791+09:00"},{"Score":0.32,"Term":"security","LastUpdated":"2024-11-26T13:39:41.6937884+09:00"},{"Score":0.3,"Term":"relationship","LastUpdated":"2024-11-26T13:39:41.6937568+09:00"},{"Score":0.3,"Term":"child","LastUpdated":"2024-11-26T13:39:41.6937809+09:00"},{"Score":0.3,"Term":"schedules","LastUpdated":"2024-11-26T13:39:41.6937956+09:00"},{"Score":0.28,"Term":"election","LastUpdated":"2024-11-26T13:39:41.6937408+09:00"},{"Score":0.28,"Term":"checking","LastUpdated":"2024-11-26T13:39:41.6937447+09:00"},{"Score":0.28,"Term":"presidential","LastUpdated":"2024-11-26T13:39:41.6937606+09:00"},{"Score":0.28,"Term":"campaign","LastUpdated":"2024-11-26T13:39:41.6937948+09:00"},{"Score":0.26,"Term":"refund","LastUpdated":"2024-11-26T13:39:41.6937368+09:00"},{"Score":0.26,"Term":"increase","LastUpdated":"2024-11-26T13:39:41.6937737+09:00"},{"Score":0.26,"Term":"reduce","LastUpdated":"2024-11-26T13:39:41.6937846+09:00"},{"Score":0.24,"Term":"knowledge","LastUpdated":"2024-11-26T13:39:41.6937893+09:00"},{"Score":0.22,"Term":"explanation","LastUpdated":"2024-11-26T13:39:41.6937359+09:00"},{"Score":0.22,"Term":"iii","LastUpdated":"2024-11-26T13:39:41.693771+09:00"},{"Score":0.22,"Term":"space","LastUpdated":"2024-11-26T13:39:41.6937764+09:00"},{"Score":0.2,"Term":"attach","LastUpdated":"2024-11-26T13:39:41.6937285+09:00"},{"Score":0.2,"Term":"filing","LastUpdated":"2024-11-26T13:39:41.6937295+09:00"},{"Score":0.2,"Term":"sign","LastUpdated":"2024-11-26T13:39:41.6937304+09:00"},{"Score":0.2,"Term":"remember","LastUpdated":"2024-11-26T13:39:41.6937323+09:00"},{"Score":0.2,"Term":"documents","LastUpdated":"2024-11-26T13:39:41.6937485+09:00"},{"Score":0.2,"Term":"supporting","LastUpdated":"2024-11-26T13:39:41.6937991+09:00"},{"Score":0.18,"Term":"perjury","LastUpdated":"2024-11-26T13:39:41.6937116+09:00"},{"Score":0.18,"Term":"filed","LastUpdated":"2024-11-26T13:39:41.6937494+09:00"},{"Score":0.18,"Term":"declare","LastUpdated":"2024-11-26T13:39:41.6937615+09:00"},{"Score":0.18,"Term":"records","LastUpdated":"2024-11-26T13:39:41.6937818+09:00"},{"Score":0.18,"Term":"penalties","LastUpdated":"2024-11-26T13:39:41.6937837+09:00"},{"Score":0.16,"Term":"examined","LastUpdated":"2024-11-26T13:39:41.6937151+09:00"},{"Score":0.16,"Term":"statements","LastUpdated":"2024-11-26T13:39:41.6937248+09:00"},{"Score":0.16,"Term":"occupation","LastUpdated":"2024-11-26T13:39:41.6937267+09:00"},{"Score":0.16,"Term":"including","LastUpdated":"2024-11-26T13:39:41.6937551+09:00"},{"Score":0.16,"Term":"accompanying","LastUpdated":"2024-11-26T13:39:41.6937678+09:00"},{"Score":0.14,"Term":"belief","LastUpdated":"2024-11-26T13:39:41.6937127+09:00"},{"Score":0.14,"Term":"true","LastUpdated":"2024-11-26T13:39:41.6937162+09:00"},{"Score":0.14,"Term":"declaration","LastUpdated":"2024-11-26T13:39:41.6937313+09:00"},{"Score":0.12,"Term":"based","LastUpdated":"2024-11-26T13:39:41.6937728+09:00"},{"Score":0.1,"Term":"paid","LastUpdated":"2024-11-26T13:39:41.6937939+09:00"},{"Score":0.08,"Term":"publications","LastUpdated":"2024-11-26T13:39:41.6937504+09:00"},{"Score":0.08,"Term":"ptin","LastUpdated":"2024-11-26T13:39:41.693766+09:00"},{"Score":0.08,"Term":"visit","LastUpdated":"2024-11-26T13:39:41.6937854+09:00"},{"Score":0.06,"Term":"address","LastUpdated":"2024-11-26T13:39:41.6937456+09:00"},{"Score":0.04,"Term":"zip","LastUpdated":"2024-11-26T13:39:41.6937183+09:00"},{"Score":0.04,"Term":"ein","LastUpdated":"2024-11-26T13:39:41.6937197+09:00"},{"Score":0.04,"Term":"code","LastUpdated":"2024-11-26T13:39:41.6937669+09:00"},{"Score":0.04,"Term":"phone","LastUpdated":"2024-11-26T13:39:41.6937755+09:00"}]},"ParentVectorId":"UiPath.DU.1040x","VectorId":"UiPath.DU.1040x_2","DocumentCount":2,"TermsWithScores":[{"Score":1.98,"Term":"tax","LastUpdated":"2024-11-26T13:39:41.6941346+09:00"},{"Score":1.98,"Term":"return","LastUpdated":"2024-11-26T13:39:41.6942533+09:00"},{"Score":1.94,"Term":"instructions","LastUpdated":"2024-11-26T13:39:41.6941807+09:00"},{"Score":1.94,"Term":"enter","LastUpdated":"2024-11-26T13:39:41.694304+09:00"},{"Score":1.92,"Term":"amended","LastUpdated":"2024-11-26T13:39:41.6943248+09:00"},{"Score":1.86,"Term":"income","LastUpdated":"2024-11-26T13:39:41.6941851+09:00"},{"Score":1.7,"Term":"amending","LastUpdated":"2024-11-26T13:39:41.694073+09:00"},{"Score":1.66,"Term":"returns","LastUpdated":"2024-11-26T13:39:41.6941836+09:00"},{"Score":1.62,"Term":"filing","LastUpdated":"2024-11-26T13:39:41.6940979+09:00"},{"Score":1.6,"Term":"check","LastUpdated":"2024-11-26T13:39:41.6942548+09:00"},{"Score":1.54,"Term":"complete","LastUpdated":"2024-11-26T13:39:41.6941459+09:00"},{"Score":1.5,"Term":"exemptions","LastUpdated":"2024-11-26T13:39:41.6940856+09:00"},{"Score":1.5,"Term":"social","LastUpdated":"2024-11-26T13:39:41.6942579+09:00"},{"Score":1.5,"Term":"security","LastUpdated":"2024-11-26T13:39:41.6942852+09:00"},{"Score":1.48,"Term":"joint","LastUpdated":"2024-11-26T13:39:41.6941118+09:00"},{"Score":1.46,"Term":"box","LastUpdated":"2024-11-26T13:39:41.694295+09:00"},{"Score":1.44,"Term":"blank","LastUpdated":"2024-11-26T13:39:41.6940594+09:00"},{"Score":1.44,"Term":"leave","LastUpdated":"2024-11-26T13:39:41.6942121+09:00"},{"Score":1.42,"Term":"foreign","LastUpdated":"2024-11-26T13:39:41.6941406+09:00"},{"Score":1.38,"Term":"individual","LastUpdated":"2024-11-26T13:39:41.6940545+09:00"},{"Score":1.38,"Term":"original","LastUpdated":"2024-11-26T13:39:41.6941238+09:00"},{"Score":1.38,"Term":"change","LastUpdated":"2024-11-26T13:39:41.6943055+09:00"},{"Score":1.36,"Term":"address","LastUpdated":"2024-11-26T13:39:41.6941565+09:00"},{"Score":1.34,"Term":"revenue","LastUpdated":"2024-11-26T13:39:41.6940902+09:00"},{"Score":1.34,"Term":"service","LastUpdated":"2024-11-26T13:39:41.6940994+09:00"},{"Score":1.34,"Term":"internal","LastUpdated":"2024-11-26T13:39:41.6941209+09:00"},{"Score":1.34,"Term":"treasury","LastUpdated":"2024-11-26T13:39:41.6941745+09:00"},{"Score":1.34,"Term":"calendar","LastUpdated":"2024-11-26T13:39:41.6942002+09:00"},{"Score":1.34,"Term":"code","LastUpdated":"2024-11-26T13:39:41.6942225+09:00"},{"Score":1.34,"Term":"department","LastUpdated":"2024-11-26T13:39:41.6942563+09:00"},{"Score":1.32,"Term":"january","LastUpdated":"2024-11-26T13:39:41.6940416+09:00"},{"Score":1.32,"Term":"omb","LastUpdated":"2024-11-26T13:39:41.6941821+09:00"},{"Score":1.32,"Term":"initial","LastUpdated":"2024-11-26T13:39:41.694307+09:00"},{"Score":1.32,"Term":"middle","LastUpdated":"2024-11-26T13:39:41.6943085+09:00"},{"Score":1.3,"Term":"status","LastUpdated":"2024-11-26T13:39:41.6943188+09:00"},{"Score":1.28,"Term":"changing","LastUpdated":"2024-11-26T13:39:41.6940665+09:00"},{"Score":1.28,"Term":"fiscal","LastUpdated":"2024-11-26T13:39:41.6940841+09:00"},{"Score":1.28,"Term":"caution","LastUpdated":"2024-11-26T13:39:41.6941102+09:00"},{"Score":1.28,"Term":"dependent","LastUpdated":"2024-11-26T13:39:41.6943262+09:00"},{"Score":1.26,"Term":"zip","LastUpdated":"2024-11-26T13:39:41.6940615+09:00"},{"Score":1.26,"Term":"jones","LastUpdated":"2024-11-26T13:39:41.6941686+09:00"},{"Score":1.26,"Term":"form","LastUpdated":"2024-11-26T13:39:41.694247+09:00"},{"Score":1.26,"Term":"phone","LastUpdated":"2024-11-26T13:39:41.6942487+09:00"},{"Score":1.26,"Term":"james","LastUpdated":"2024-11-26T13:39:41.6943026+09:00"},{"Score":1.24,"Term":"current","LastUpdated":"2024-11-26T13:39:41.6941865+09:00"},{"Score":1.24,"Term":"adjusted","LastUpdated":"2024-11-26T13:39:41.6942912+09:00"},{"Score":1.22,"Term":"willow","LastUpdated":"2024-11-26T13:39:41.6941149+09:00"},{"Score":1.22,"Term":"drive","LastUpdated":"2024-11-26T13:39:41.694133+09:00"},{"Score":1.22,"Term":"apt","LastUpdated":"2024-11-26T13:39:41.6941536+09:00"},{"Score":1.22,"Term":"greene","LastUpdated":"2024-11-26T13:39:41.6941791+09:00"},{"Score":1.22,"Term":"city","LastUpdated":"2024-11-26T13:39:41.6942366+09:00"},{"Score":1.22,"Term":"town","LastUpdated":"2024-11-26T13:39:41.6942776+09:00"},{"Score":1.2,"Term":"subtract","LastUpdated":"2024-11-26T13:39:41.6940886+09:00"},{"Score":1.2,"Term":"spaces","LastUpdated":"2024-11-26T13:39:41.6941253+09:00"},{"Score":1.2,"Term":"post","LastUpdated":"2024-11-26T13:39:41.6942671+09:00"},{"Score":1.2,"Term":"spouse","LastUpdated":"2024-11-26T13:39:41.6942686+09:00"},{"Score":1.2,"Term":"dependents","LastUpdated":"2024-11-26T13:39:41.6942791+09:00"},{"Score":1.2,"Term":"office","LastUpdated":"2024-11-26T13:39:41.6943099+09:00"},{"Score":1.18,"Term":"montgomery","LastUpdated":"2024-11-26T13:39:41.6940809+09:00"},{"Score":1.18,"Term":"care","LastUpdated":"2024-11-26T13:39:41.6940932+09:00"},{"Score":1.18,"Term":"country","LastUpdated":"2024-11-26T13:39:41.6941624+09:00"},{"Score":1.18,"Term":"postal","LastUpdated":"2024-11-26T13:39:41.694173+09:00"},{"Score":1.18,"Term":"health","LastUpdated":"2024-11-26T13:39:41.6942441+09:00"},{"Score":1.18,"Term":"alabama","LastUpdated":"2024-11-26T13:39:41.6942822+09:00"},{"Score":1.18,"Term":"lines","LastUpdated":"2024-11-26T13:39:41.6943327+09:00"},{"Score":1.16,"Term":"reported","LastUpdated":"2024-11-26T13:39:41.6942136+09:00"},{"Score":1.16,"Term":"iii","LastUpdated":"2024-11-26T13:39:41.694232+09:00"},{"Score":1.16,"Term":"correct","LastUpdated":"2024-11-26T13:39:41.6942351+09:00"},{"Score":1.14,"Term":"qualifying","LastUpdated":"2024-11-26T13:39:41.6941377+09:00"},{"Score":1.14,"Term":"separate","LastUpdated":"2024-11-26T13:39:41.6941391+09:00"},{"Score":1.14,"Term":"married","LastUpdated":"2024-11-26T13:39:41.6941776+09:00"},{"Score":1.12,"Term":"coverage","LastUpdated":"2024-11-26T13:39:41.6940442+09:00"},{"Score":1.12,"Term":"checked","LastUpdated":"2024-11-26T13:39:41.694101+09:00"},{"Score":1.12,"Term":"credit","LastUpdated":"2024-11-26T13:39:41.694176+09:00"},{"Score":1.1,"Term":"jointly","LastUpdated":"2024-11-26T13:39:41.6940492+09:00"},{"Score":1.1,"Term":"single","LastUpdated":"2024-11-26T13:39:41.6942396+09:00"},{"Score":1.1,"Term":"child","LastUpdated":"2024-11-26T13:39:41.6942623+09:00"},{"Score":1.1,"Term":"separately","LastUpdated":"2024-11-26T13:39:41.694331+09:00"},{"Score":1.08,"Term":"total","LastUpdated":"2024-11-26T13:39:41.6940682+09:00"},{"Score":1.08,"Term":"explain","LastUpdated":"2024-11-26T13:39:41.6941422+09:00"},{"Score":1.08,"Term":"head","LastUpdated":"2024-11-26T13:39:41.6941594+09:00"},{"Score":1.08,"Term":"mfs","LastUpdated":"2024-11-26T13:39:41.6941639+09:00"},{"Score":1.08,"Term":"increase","LastUpdated":"2024-11-26T13:39:41.6942456+09:00"},{"Score":1.08,"Term":"household","LastUpdated":"2024-11-26T13:39:41.6942761+09:00"},{"Score":1.06,"Term":"person","LastUpdated":"2024-11-26T13:39:41.694046+09:00"},{"Score":1.06,"Term":"deductions","LastUpdated":"2024-11-26T13:39:41.6941436+09:00"},{"Score":1.06,"Term":"qw","LastUpdated":"2024-11-26T13:39:41.6942046+09:00"},{"Score":1.06,"Term":"hoh","LastUpdated":"2024-11-26T13:39:41.6942965+09:00"},{"Score":1.04,"Term":"result","LastUpdated":"2024-11-26T13:39:41.6940917+09:00"},{"Score":1.04,"Term":"carryback","LastUpdated":"2024-11-26T13:39:41.694226+09:00"},{"Score":1.04,"Term":"included","LastUpdated":"2024-11-26T13:39:41.6943361+09:00"},{"Score":1.02,"Term":"deduction","LastUpdated":"2024-11-26T13:39:41.6942017+09:00"},{"Score":1.02,"Term":"earlier","LastUpdated":"2024-11-26T13:39:41.6942195+09:00"},{"Score":1.0,"Term":"loss","LastUpdated":"2024-11-26T13:39:41.6940746+09:00"},{"Score":1.0,"Term":"business","LastUpdated":"2024-11-26T13:39:41.6942867+09:00"},{"Score":1.0,"Term":"gross","LastUpdated":"2024-11-26T13:39:41.6942996+09:00"},{"Score":1.0,"Term":"paid","LastUpdated":"2024-11-26T13:39:41.6943129+09:00"},{"Score":1.0,"Term":"operating","LastUpdated":"2024-11-26T13:39:41.6943277+09:00"},{"Score":0.98,"Term":"add","LastUpdated":"2024-11-26T13:39:41.6940697+09:00"},{"Score":0.98,"Term":"standard","LastUpdated":"2024-11-26T13:39:41.6941926+09:00"},{"Score":0.98,"Term":"itemized","LastUpdated":"2024-11-26T13:39:41.6942305+09:00"},{"Score":0.96,"Term":"payments","LastUpdated":"2024-11-26T13:39:41.694218+09:00"},{"Score":0.94,"Term":"credits","LastUpdated":"2024-11-26T13:39:41.6942335+09:00"},{"Score":0.94,"Term":"taxable","LastUpdated":"2024-11-26T13:39:41.694298+09:00"},{"Score":0.94,"Term":"qualified","LastUpdated":"2024-11-26T13:39:41.6943233+09:00"},{"Score":0.92,"Term":"liability","LastUpdated":"2024-11-26T13:39:41.6941071+09:00"},{"Score":0.9,"Term":"figure","LastUpdated":"2024-11-26T13:39:41.6943344+09:00"},{"Score":0.88,"Term":"withheld","LastUpdated":"2024-11-26T13:39:41.6942411+09:00"},{"Score":0.86,"Term":"estimated","LastUpdated":"2024-11-26T13:39:41.6940634+09:00"},{"Score":0.86,"Term":"taxes","LastUpdated":"2024-11-26T13:39:41.694149+09:00"},{"Score":0.86,"Term":"applied","LastUpdated":"2024-11-26T13:39:41.6941715+09:00"},{"Score":0.86,"Term":"including","LastUpdated":"2024-11-26T13:39:41.6941897+09:00"},{"Score":0.86,"Term":"responsibility","LastUpdated":"2024-11-26T13:39:41.6942608+09:00"},{"Score":0.86,"Term":"column","LastUpdated":"2024-11-26T13:39:41.6943144+09:00"},{"Score":0.84,"Term":"excess","LastUpdated":"2024-11-26T13:39:41.6941283+09:00"},{"Score":0.84,"Term":"federal","LastUpdated":"2024-11-26T13:39:41.694221+09:00"},{"Score":0.82,"Term":"rrta","LastUpdated":"2024-11-26T13:39:41.6941506+09:00"},{"Score":0.82,"Term":"tier","LastUpdated":"2024-11-26T13:39:41.6942837+09:00"},{"Score":0.8,"Term":"schedule","LastUpdated":"2024-11-26T13:39:41.6941179+09:00"},{"Score":0.8,"Term":"earned","LastUpdated":"2024-11-26T13:39:41.6941194+09:00"},{"Score":0.8,"Term":"filed","LastUpdated":"2024-11-26T13:39:41.694167+09:00"},{"Score":0.8,"Term":"refundable","LastUpdated":"2024-11-26T13:39:41.6942106+09:00"},{"Score":0.8,"Term":"prior","LastUpdated":"2024-11-26T13:39:41.6942897+09:00"},{"Score":0.78,"Term":"owe","LastUpdated":"2024-11-26T13:39:41.6940793+09:00"},{"Score":0.78,"Term":"refund","LastUpdated":"2024-11-26T13:39:41.6941223+09:00"},{"Score":0.76,"Term":"extension","LastUpdated":"2024-11-26T13:39:41.6940948+09:00"},{"Score":0.76,"Term":"sign","LastUpdated":"2024-11-26T13:39:41.6941026+09:00"},{"Score":0.76,"Term":"file","LastUpdated":"2024-11-26T13:39:41.6941133+09:00"},{"Score":0.76,"Term":"additional","LastUpdated":"2024-11-26T13:39:41.694155+09:00"},{"Score":0.76,"Term":"request","LastUpdated":"2024-11-26T13:39:41.6942517+09:00"},{"Score":0.76,"Term":"time","LastUpdated":"2024-11-26T13:39:41.6943114+09:00"},{"Score":0.74,"Term":"difference","LastUpdated":"2024-11-26T13:39:41.6940763+09:00"},{"Score":0.72,"Term":"overpayment","LastUpdated":"2024-11-26T13:39:41.6942716+09:00"},{"Score":0.72,"Term":"irs","LastUpdated":"2024-11-26T13:39:41.6943173+09:00"},{"Score":0.66,"Term":"overpaid","LastUpdated":"2024-11-26T13:39:41.6941956+09:00"},{"Score":0.66,"Term":"refunded","LastUpdated":"2024-11-26T13:39:41.6942427+09:00"},{"Score":0.62,"Term":"reduction","LastUpdated":"2024-11-26T13:39:41.6940714+09:00"},{"Score":0.62,"Term":"paperwork","LastUpdated":"2024-11-26T13:39:41.6941474+09:00"},{"Score":0.62,"Term":"forms","LastUpdated":"2024-11-26T13:39:41.6941881+09:00"},{"Score":0.62,"Term":"changed","LastUpdated":"2024-11-26T13:39:41.6942091+09:00"},{"Score":0.62,"Term":"cat","LastUpdated":"2024-11-26T13:39:41.6942656+09:00"},{"Score":0.62,"Term":"notice","LastUpdated":"2024-11-26T13:39:41.6942926+09:00"},{"Score":0.58,"Term":"relating","LastUpdated":"2024-11-26T13:39:41.694229+09:00"},{"Score":0.56,"Term":"include","LastUpdated":"2024-11-26T13:39:41.6941268+09:00"},{"Score":0.52,"Term":"applicable","LastUpdated":"2024-11-26T13:39:41.6941608+09:00"},{"Score":0.5,"Term":"claim","LastUpdated":"2024-11-26T13:39:41.6941912+09:00"},{"Score":0.5,"Term":"note","LastUpdated":"2024-11-26T13:39:41.6941971+09:00"},{"Score":0.5,"Term":"exemption","LastUpdated":"2024-11-26T13:39:41.6942033+09:00"},{"Score":0.48,"Term":"children","LastUpdated":"2024-11-26T13:39:41.6941986+09:00"},{"Score":0.42,"Term":"live","LastUpdated":"2024-11-26T13:39:41.6941086+09:00"},{"Score":0.42,"Term":"lived","LastUpdated":"2024-11-26T13:39:41.6941361+09:00"},{"Score":0.42,"Term":"claimed","LastUpdated":"2024-11-26T13:39:41.6941579+09:00"},{"Score":0.42,"Term":"divorce","LastUpdated":"2024-11-26T13:39:41.694215+09:00"},{"Score":0.42,"Term":"separation","LastUpdated":"2024-11-26T13:39:41.6943218+09:00"},{"Score":0.38,"Term":"fund","LastUpdated":"2024-11-26T13:39:41.6942275+09:00"},{"Score":0.38,"Term":"multiply","LastUpdated":"2024-11-26T13:39:41.6943011+09:00"},{"Score":0.34,"Term":"list","LastUpdated":"2024-11-26T13:39:41.6942807+09:00"},{"Score":0.32,"Term":"inst","LastUpdated":"2024-11-26T13:39:41.6940777+09:00"},{"Score":0.3,"Term":"qualifies","LastUpdated":"2024-11-26T13:39:41.6941298+09:00"},{"Score":0.28,"Term":"relationship","LastUpdated":"2024-11-26T13:39:41.6941941+09:00"},{"Score":0.26,"Term":"election","LastUpdated":"2024-11-26T13:39:41.6941314+09:00"},{"Score":0.26,"Term":"checking","LastUpdated":"2024-11-26T13:39:41.6941521+09:00"},{"Score":0.26,"Term":"presidential","LastUpdated":"2024-11-26T13:39:41.6942061+09:00"},{"Score":0.26,"Term":"campaign","LastUpdated":"2024-11-26T13:39:41.6943158+09:00"},{"Score":0.24,"Term":"preparer","LastUpdated":"2024-11-26T13:39:41.6940527+09:00"},{"Score":0.24,"Term":"reduce","LastUpdated":"2024-11-26T13:39:41.694273+09:00"},{"Score":0.22,"Term":"signature","LastUpdated":"2024-11-26T13:39:41.6942594+09:00"},{"Score":0.22,"Term":"schedules","LastUpdated":"2024-11-26T13:39:41.6943203+09:00"},{"Score":0.2,"Term":"explanation","LastUpdated":"2024-11-26T13:39:41.6941163+09:00"},{"Score":0.2,"Term":"space","LastUpdated":"2024-11-26T13:39:41.6942502+09:00"},{"Score":0.18,"Term":"attach","LastUpdated":"2024-11-26T13:39:41.6940964+09:00"},{"Score":0.18,"Term":"remember","LastUpdated":"2024-11-26T13:39:41.6941055+09:00"},{"Score":0.18,"Term":"documents","LastUpdated":"2024-11-26T13:39:41.6941654+09:00"},{"Score":0.18,"Term":"knowledge","LastUpdated":"2024-11-26T13:39:41.6942881+09:00"},{"Score":0.18,"Term":"supporting","LastUpdated":"2024-11-26T13:39:41.6943294+09:00"},{"Score":0.16,"Term":"perjury","LastUpdated":"2024-11-26T13:39:41.6940477+09:00"},{"Score":0.16,"Term":"declare","LastUpdated":"2024-11-26T13:39:41.6942076+09:00"},{"Score":0.16,"Term":"records","LastUpdated":"2024-11-26T13:39:41.6942641+09:00"},{"Score":0.16,"Term":"penalties","LastUpdated":"2024-11-26T13:39:41.6942701+09:00"},{"Score":0.14,"Term":"examined","LastUpdated":"2024-11-26T13:39:41.694056+09:00"},{"Score":0.14,"Term":"statements","LastUpdated":"2024-11-26T13:39:41.6940824+09:00"},{"Score":0.14,"Term":"accompanying","LastUpdated":"2024-11-26T13:39:41.694224+09:00"},{"Score":0.12,"Term":"belief","LastUpdated":"2024-11-26T13:39:41.694051+09:00"},{"Score":0.12,"Term":"true","LastUpdated":"2024-11-26T13:39:41.6940578+09:00"},{"Score":0.12,"Term":"declaration","LastUpdated":"2024-11-26T13:39:41.694104+09:00"},{"Score":0.1,"Term":"occupation","LastUpdated":"2024-11-26T13:39:41.6940871+09:00"},{"Score":0.1,"Term":"based","LastUpdated":"2024-11-26T13:39:41.694238+09:00"},{"Score":0.06,"Term":"publications","LastUpdated":"2024-11-26T13:39:41.69417+09:00"},{"Score":0.06,"Term":"ptin","LastUpdated":"2024-11-26T13:39:41.6942165+09:00"},{"Score":0.06,"Term":"visit","LastUpdated":"2024-11-26T13:39:41.6942746+09:00"},{"Score":0.02,"Term":"ein","LastUpdated":"2024-11-26T13:39:41.694065+09:00"}]}],"TotalDocumentLength":14280,"PageCount":2,"FirstPageVector":{"VectorId":"UiPath.DU.1040x.FirstPage","DocumentCount":2,"TermsWithScores":[{"Score":1.98,"Term":"tax","LastUpdated":"2024-11-26T13:39:41.687616+09:00"},{"Score":1.98,"Term":"income","LastUpdated":"2024-11-26T13:39:41.6876495+09:00"},{"Score":1.98,"Term":"return","LastUpdated":"2024-11-26T13:39:41.6876859+09:00"},{"Score":1.94,"Term":"enter","LastUpdated":"2024-11-26T13:39:41.6877152+09:00"},{"Score":1.92,"Term":"instructions","LastUpdated":"2024-11-26T13:39:41.6876458+09:00"},{"Score":1.7,"Term":"filing","LastUpdated":"2024-11-26T13:39:41.6875916+09:00"},{"Score":1.66,"Term":"returns","LastUpdated":"2024-11-26T13:39:41.6876482+09:00"},{"Score":1.62,"Term":"box","LastUpdated":"2024-11-26T13:39:41.687709+09:00"},{"Score":1.6,"Term":"foreign","LastUpdated":"2024-11-26T13:39:41.6876198+09:00"},{"Score":1.58,"Term":"amended","LastUpdated":"2024-11-26T13:39:41.6877301+09:00"},{"Score":1.52,"Term":"social","LastUpdated":"2024-11-26T13:39:41.6876897+09:00"},{"Score":1.52,"Term":"security","LastUpdated":"2024-11-26T13:39:41.6877029+09:00"},{"Score":1.44,"Term":"individual","LastUpdated":"2024-11-26T13:39:41.6875645+09:00"},{"Score":1.44,"Term":"complete","LastUpdated":"2024-11-26T13:39:41.6876236+09:00"},{"Score":1.42,"Term":"status","LastUpdated":"2024-11-26T13:39:41.6877276+09:00"},{"Score":1.4,"Term":"changing","LastUpdated":"2024-11-26T13:39:41.6875702+09:00"},{"Score":1.4,"Term":"calendar","LastUpdated":"2024-11-26T13:39:41.6876556+09:00"},{"Score":1.4,"Term":"check","LastUpdated":"2024-11-26T13:39:41.6876871+09:00"},{"Score":1.38,"Term":"subtract","LastUpdated":"2024-11-26T13:39:41.6875851+09:00"},{"Score":1.38,"Term":"initial","LastUpdated":"2024-11-26T13:39:41.6877177+09:00"},{"Score":1.38,"Term":"middle","LastUpdated":"2024-11-26T13:39:41.687719+09:00"},{"Score":1.36,"Term":"revenue","LastUpdated":"2024-11-26T13:39:41.6875865+09:00"},{"Score":1.36,"Term":"service","LastUpdated":"2024-11-26T13:39:41.687593+09:00"},{"Score":1.36,"Term":"joint","LastUpdated":"2024-11-26T13:39:41.687601+09:00"},{"Score":1.36,"Term":"internal","LastUpdated":"2024-11-26T13:39:41.6876085+09:00"},{"Score":1.36,"Term":"treasury","LastUpdated":"2024-11-26T13:39:41.687641+09:00"},{"Score":1.36,"Term":"department","LastUpdated":"2024-11-26T13:39:41.6876885+09:00"},{"Score":1.34,"Term":"january","LastUpdated":"2024-11-26T13:39:41.6874891+09:00"},{"Score":1.34,"Term":"address","LastUpdated":"2024-11-26T13:39:41.6876312+09:00"},{"Score":1.34,"Term":"omb","LastUpdated":"2024-11-26T13:39:41.687647+09:00"},{"Score":1.32,"Term":"code","LastUpdated":"2024-11-26T13:39:41.6876676+09:00"},{"Score":1.3,"Term":"fiscal","LastUpdated":"2024-11-26T13:39:41.6875824+09:00"},{"Score":1.3,"Term":"original","LastUpdated":"2024-11-26T13:39:41.6876109+09:00"},{"Score":1.28,"Term":"jones","LastUpdated":"2024-11-26T13:39:41.6876372+09:00"},{"Score":1.28,"Term":"james","LastUpdated":"2024-11-26T13:39:41.6877139+09:00"},{"Score":1.26,"Term":"current","LastUpdated":"2024-11-26T13:39:41.6876508+09:00"},{"Score":1.26,"Term":"adjusted","LastUpdated":"2024-11-26T13:39:41.6877066+09:00"},{"Score":1.26,"Term":"change","LastUpdated":"2024-11-26T13:39:41.6877165+09:00"},{"Score":1.24,"Term":"care","LastUpdated":"2024-11-26T13:39:41.6875891+09:00"},{"Score":1.24,"Term":"willow","LastUpdated":"2024-11-26T13:39:41.6876044+09:00"},{"Score":1.24,"Term":"drive","LastUpdated":"2024-11-26T13:39:41.6876147+09:00"},{"Score":1.24,"Term":"apt","LastUpdated":"2024-11-26T13:39:41.6876286+09:00"},{"Score":1.24,"Term":"greene","LastUpdated":"2024-11-26T13:39:41.6876445+09:00"},{"Score":1.24,"Term":"city","LastUpdated":"2024-11-26T13:39:41.687675+09:00"},{"Score":1.24,"Term":"health","LastUpdated":"2024-11-26T13:39:41.6876798+09:00"},{"Score":1.24,"Term":"phone","LastUpdated":"2024-11-26T13:39:41.6876835+09:00"},{"Score":1.24,"Term":"town","LastUpdated":"2024-11-26T13:39:41.6876992+09:00"},{"Score":1.22,"Term":"zip","LastUpdated":"2024-11-26T13:39:41.6875675+09:00"},{"Score":1.22,"Term":"spaces","LastUpdated":"2024-11-26T13:39:41.6876122+09:00"},{"Score":1.22,"Term":"post","LastUpdated":"2024-11-26T13:39:41.6876945+09:00"},{"Score":1.22,"Term":"office","LastUpdated":"2024-11-26T13:39:41.6877202+09:00"},{"Score":1.2,"Term":"montgomery","LastUpdated":"2024-11-26T13:39:41.6875809+09:00"},{"Score":1.2,"Term":"qualifying","LastUpdated":"2024-11-26T13:39:41.6876173+09:00"},{"Score":1.2,"Term":"country","LastUpdated":"2024-11-26T13:39:41.6876336+09:00"},{"Score":1.2,"Term":"postal","LastUpdated":"2024-11-26T13:39:41.6876396+09:00"},{"Score":1.2,"Term":"married","LastUpdated":"2024-11-26T13:39:41.6876434+09:00"},{"Score":1.2,"Term":"alabama","LastUpdated":"2024-11-26T13:39:41.6877004+09:00"},{"Score":1.18,"Term":"checked","LastUpdated":"2024-11-26T13:39:41.6875942+09:00"},{"Score":1.18,"Term":"caution","LastUpdated":"2024-11-26T13:39:41.6875996+09:00"},{"Score":1.16,"Term":"separate","LastUpdated":"2024-11-26T13:39:41.6876185+09:00"},{"Score":1.14,"Term":"coverage","LastUpdated":"2024-11-26T13:39:41.6875596+09:00"},{"Score":1.14,"Term":"amending","LastUpdated":"2024-11-26T13:39:41.6875757+09:00"},{"Score":1.14,"Term":"explain","LastUpdated":"2024-11-26T13:39:41.6876211+09:00"},{"Score":1.14,"Term":"iii","LastUpdated":"2024-11-26T13:39:41.6876711+09:00"},{"Score":1.12,"Term":"jointly","LastUpdated":"2024-11-26T13:39:41.6875631+09:00"},{"Score":1.12,"Term":"blank","LastUpdated":"2024-11-26T13:39:41.6875661+09:00"},{"Score":1.12,"Term":"deductions","LastUpdated":"2024-11-26T13:39:41.6876223+09:00"},{"Score":1.12,"Term":"leave","LastUpdated":"2024-11-26T13:39:41.6876604+09:00"},{"Score":1.12,"Term":"single","LastUpdated":"2024-11-26T13:39:41.6876762+09:00"},{"Score":1.12,"Term":"separately","LastUpdated":"2024-11-26T13:39:41.6877338+09:00"},{"Score":1.1,"Term":"total","LastUpdated":"2024-11-26T13:39:41.6875716+09:00"},{"Score":1.1,"Term":"head","LastUpdated":"2024-11-26T13:39:41.6876324+09:00"},{"Score":1.1,"Term":"mfs","LastUpdated":"2024-11-26T13:39:41.6876348+09:00"},{"Score":1.1,"Term":"carryback","LastUpdated":"2024-11-26T13:39:41.6876687+09:00"},{"Score":1.1,"Term":"spouse","LastUpdated":"2024-11-26T13:39:41.6876957+09:00"},{"Score":1.1,"Term":"household","LastUpdated":"2024-11-26T13:39:41.687698+09:00"},{"Score":1.1,"Term":"included","LastUpdated":"2024-11-26T13:39:41.6877375+09:00"},{"Score":1.08,"Term":"person","LastUpdated":"2024-11-26T13:39:41.6875615+09:00"},{"Score":1.08,"Term":"deduction","LastUpdated":"2024-11-26T13:39:41.6876568+09:00"},{"Score":1.08,"Term":"qw","LastUpdated":"2024-11-26T13:39:41.6876579+09:00"},{"Score":1.08,"Term":"payments","LastUpdated":"2024-11-26T13:39:41.6876628+09:00"},{"Score":1.08,"Term":"earlier","LastUpdated":"2024-11-26T13:39:41.6876651+09:00"},{"Score":1.08,"Term":"child","LastUpdated":"2024-11-26T13:39:41.687692+09:00"},{"Score":1.08,"Term":"hoh","LastUpdated":"2024-11-26T13:39:41.6877102+09:00"},{"Score":1.08,"Term":"dependent","LastUpdated":"2024-11-26T13:39:41.6877314+09:00"},{"Score":1.06,"Term":"reported","LastUpdated":"2024-11-26T13:39:41.6876617+09:00"},{"Score":1.06,"Term":"business","LastUpdated":"2024-11-26T13:39:41.6877042+09:00"},{"Score":1.04,"Term":"correct","LastUpdated":"2024-11-26T13:39:41.6876737+09:00"},{"Score":1.04,"Term":"increase","LastUpdated":"2024-11-26T13:39:41.687681+09:00"},{"Score":1.02,"Term":"loss","LastUpdated":"2024-11-26T13:39:41.6875771+09:00"},{"Score":1.02,"Term":"result","LastUpdated":"2024-11-26T13:39:41.6875878+09:00"},{"Score":1.02,"Term":"gross","LastUpdated":"2024-11-26T13:39:41.6877127+09:00"},{"Score":1.02,"Term":"paid","LastUpdated":"2024-11-26T13:39:41.6877227+09:00"},{"Score":1.02,"Term":"operating","LastUpdated":"2024-11-26T13:39:41.6877325+09:00"},{"Score":1.0,"Term":"exemptions","LastUpdated":"2024-11-26T13:39:41.6875837+09:00"},{"Score":1.0,"Term":"credit","LastUpdated":"2024-11-26T13:39:41.6876422+09:00"},{"Score":1.0,"Term":"standard","LastUpdated":"2024-11-26T13:39:41.6876532+09:00"},{"Score":1.0,"Term":"itemized","LastUpdated":"2024-11-26T13:39:41.6876699+09:00"},{"Score":1.0,"Term":"credits","LastUpdated":"2024-11-26T13:39:41.6876724+09:00"},{"Score":0.98,"Term":"column","LastUpdated":"2024-11-26T13:39:41.6877239+09:00"},{"Score":0.96,"Term":"add","LastUpdated":"2024-11-26T13:39:41.687573+09:00"},{"Score":0.96,"Term":"taxable","LastUpdated":"2024-11-26T13:39:41.6877114+09:00"},{"Score":0.96,"Term":"qualified","LastUpdated":"2024-11-26T13:39:41.6877289+09:00"},{"Score":0.96,"Term":"lines","LastUpdated":"2024-11-26T13:39:41.687735+09:00"},{"Score":0.94,"Term":"liability","LastUpdated":"2024-11-26T13:39:41.6875967+09:00"},{"Score":0.94,"Term":"withheld","LastUpdated":"2024-11-26T13:39:41.6876774+09:00"},{"Score":0.92,"Term":"estimated","LastUpdated":"2024-11-26T13:39:41.6875689+09:00"},{"Score":0.92,"Term":"applied","LastUpdated":"2024-11-26T13:39:41.6876385+09:00"},{"Score":0.92,"Term":"figure","LastUpdated":"2024-11-26T13:39:41.6877362+09:00"},{"Score":0.88,"Term":"taxes","LastUpdated":"2024-11-26T13:39:41.6876261+09:00"},{"Score":0.88,"Term":"form","LastUpdated":"2024-11-26T13:39:41.6876822+09:00"},{"Score":0.88,"Term":"responsibility","LastUpdated":"2024-11-26T13:39:41.6876908+09:00"},{"Score":0.86,"Term":"excess","LastUpdated":"2024-11-26T13:39:41.6876134+09:00"},{"Score":0.86,"Term":"federal","LastUpdated":"2024-11-26T13:39:41.6876663+09:00"},{"Score":0.84,"Term":"owe","LastUpdated":"2024-11-26T13:39:41.6875797+09:00"},{"Score":0.84,"Term":"rrta","LastUpdated":"2024-11-26T13:39:41.6876274+09:00"},{"Score":0.84,"Term":"including","LastUpdated":"2024-11-26T13:39:41.687652+09:00"},{"Score":0.84,"Term":"tier","LastUpdated":"2024-11-26T13:39:41.6877016+09:00"},{"Score":0.82,"Term":"schedule","LastUpdated":"2024-11-26T13:39:41.6876059+09:00"},{"Score":0.82,"Term":"earned","LastUpdated":"2024-11-26T13:39:41.6876072+09:00"},{"Score":0.82,"Term":"refundable","LastUpdated":"2024-11-26T13:39:41.6876591+09:00"},{"Score":0.82,"Term":"prior","LastUpdated":"2024-11-26T13:39:41.6877054+09:00"},{"Score":0.8,"Term":"difference","LastUpdated":"2024-11-26T13:39:41.6875783+09:00"},{"Score":0.78,"Term":"extension","LastUpdated":"2024-11-26T13:39:41.6875903+09:00"},{"Score":0.78,"Term":"file","LastUpdated":"2024-11-26T13:39:41.6876022+09:00"},{"Score":0.78,"Term":"additional","LastUpdated":"2024-11-26T13:39:41.6876299+09:00"},{"Score":0.78,"Term":"request","LastUpdated":"2024-11-26T13:39:41.6876847+09:00"},{"Score":0.78,"Term":"time","LastUpdated":"2024-11-26T13:39:41.6877214+09:00"},{"Score":0.76,"Term":"refund","LastUpdated":"2024-11-26T13:39:41.6876097+09:00"},{"Score":0.76,"Term":"filed","LastUpdated":"2024-11-26T13:39:41.6876359+09:00"},{"Score":0.74,"Term":"overpayment","LastUpdated":"2024-11-26T13:39:41.6876968+09:00"},{"Score":0.74,"Term":"irs","LastUpdated":"2024-11-26T13:39:41.6877263+09:00"},{"Score":0.68,"Term":"overpaid","LastUpdated":"2024-11-26T13:39:41.6876544+09:00"},{"Score":0.68,"Term":"refunded","LastUpdated":"2024-11-26T13:39:41.6876786+09:00"},{"Score":0.66,"Term":"sign","LastUpdated":"2024-11-26T13:39:41.6875955+09:00"},{"Score":0.64,"Term":"reduction","LastUpdated":"2024-11-26T13:39:41.6875742+09:00"},{"Score":0.64,"Term":"paperwork","LastUpdated":"2024-11-26T13:39:41.6876248+09:00"},{"Score":0.64,"Term":"cat","LastUpdated":"2024-11-26T13:39:41.6876933+09:00"},{"Score":0.64,"Term":"notice","LastUpdated":"2024-11-26T13:39:41.6877078+09:00"}]},"RestOfPagesVector":{"VectorId":"UiPath.DU.1040x.RestOfPages","DocumentCount":2,"TermsWithScores":[{"Score":1.26,"Term":"form","LastUpdated":"2024-11-26T13:39:41.6925074+09:00"},{"Score":1.26,"Term":"dependents","LastUpdated":"2024-11-26T13:39:41.6925203+09:00"},{"Score":1.22,"Term":"amending","LastUpdated":"2024-11-26T13:39:41.6924494+09:00"},{"Score":1.22,"Term":"exemptions","LastUpdated":"2024-11-26T13:39:41.6924527+09:00"},{"Score":1.22,"Term":"return","LastUpdated":"2024-11-26T13:39:41.6925103+09:00"},{"Score":1.1,"Term":"amended","LastUpdated":"2024-11-26T13:39:41.6925327+09:00"},{"Score":0.96,"Term":"blank","LastUpdated":"2024-11-26T13:39:41.6924432+09:00"},{"Score":0.96,"Term":"leave","LastUpdated":"2024-11-26T13:39:41.6924946+09:00"},{"Score":0.8,"Term":"lines","LastUpdated":"2024-11-26T13:39:41.6925356+09:00"},{"Score":0.76,"Term":"instructions","LastUpdated":"2024-11-26T13:39:41.6924822+09:00"},{"Score":0.76,"Term":"forms","LastUpdated":"2024-11-26T13:39:41.6924843+09:00"},{"Score":0.74,"Term":"tax","LastUpdated":"2024-11-26T13:39:41.6924706+09:00"},{"Score":0.72,"Term":"complete","LastUpdated":"2024-11-26T13:39:41.6924728+09:00"},{"Score":0.72,"Term":"dependent","LastUpdated":"2024-11-26T13:39:41.6925336+09:00"},{"Score":0.7,"Term":"changed","LastUpdated":"2024-11-26T13:39:41.6924936+09:00"},{"Score":0.68,"Term":"reported","LastUpdated":"2024-11-26T13:39:41.6924955+09:00"},{"Score":0.68,"Term":"change","LastUpdated":"2024-11-26T13:39:41.6925274+09:00"},{"Score":0.66,"Term":"returns","LastUpdated":"2024-11-26T13:39:41.6924832+09:00"},{"Score":0.64,"Term":"caution","LastUpdated":"2024-11-26T13:39:41.6924622+09:00"},{"Score":0.64,"Term":"original","LastUpdated":"2024-11-26T13:39:41.6924665+09:00"},{"Score":0.64,"Term":"correct","LastUpdated":"2024-11-26T13:39:41.6925042+09:00"},{"Score":0.6,"Term":"relating","LastUpdated":"2024-11-26T13:39:41.6925022+09:00"},{"Score":0.58,"Term":"include","LastUpdated":"2024-11-26T13:39:41.6924675+09:00"},{"Score":0.58,"Term":"claim","LastUpdated":"2024-11-26T13:39:41.6924864+09:00"},{"Score":0.58,"Term":"exemption","LastUpdated":"2024-11-26T13:39:41.6924904+09:00"},{"Score":0.58,"Term":"spouse","LastUpdated":"2024-11-26T13:39:41.6925163+09:00"},{"Score":0.56,"Term":"children","LastUpdated":"2024-11-26T13:39:41.6924894+09:00"},{"Score":0.54,"Term":"applicable","LastUpdated":"2024-11-26T13:39:41.692477+09:00"},{"Score":0.52,"Term":"note","LastUpdated":"2024-11-26T13:39:41.6924884+09:00"},{"Score":0.52,"Term":"fund","LastUpdated":"2024-11-26T13:39:41.6925005+09:00"},{"Score":0.5,"Term":"claimed","LastUpdated":"2024-11-26T13:39:41.692476+09:00"},{"Score":0.5,"Term":"check","LastUpdated":"2024-11-26T13:39:41.6925113+09:00"},{"Score":0.46,"Term":"adjusted","LastUpdated":"2024-11-26T13:39:41.6925243+09:00"},{"Score":0.44,"Term":"live","LastUpdated":"2024-11-26T13:39:41.6924611+09:00"},{"Score":0.44,"Term":"lived","LastUpdated":"2024-11-26T13:39:41.6924717+09:00"},{"Score":0.44,"Term":"divorce","LastUpdated":"2024-11-26T13:39:41.6924965+09:00"},{"Score":0.44,"Term":"separation","LastUpdated":"2024-11-26T13:39:41.6925316+09:00"},{"Score":0.42,"Term":"total","LastUpdated":"2024-11-26T13:39:41.6924472+09:00"},{"Score":0.42,"Term":"add","LastUpdated":"2024-11-26T13:39:41.6924483+09:00"},{"Score":0.4,"Term":"credit","LastUpdated":"2024-11-26T13:39:41.6924811+09:00"},{"Score":0.4,"Term":"multiply","LastUpdated":"2024-11-26T13:39:41.6925254+09:00"},{"Score":0.38,"Term":"preparer","LastUpdated":"2024-11-26T13:39:41.6924394+09:00"},{"Score":0.38,"Term":"result","LastUpdated":"2024-11-26T13:39:41.6924549+09:00"},{"Score":0.38,"Term":"enter","LastUpdated":"2024-11-26T13:39:41.6925265+09:00"},{"Score":0.36,"Term":"signature","LastUpdated":"2024-11-26T13:39:41.6925134+09:00"},{"Score":0.36,"Term":"list","LastUpdated":"2024-11-26T13:39:41.6925213+09:00"},{"Score":0.34,"Term":"inst","LastUpdated":"2024-11-26T13:39:41.6924505+09:00"},{"Score":0.34,"Term":"joint","LastUpdated":"2024-11-26T13:39:41.6924633+09:00"},{"Score":0.32,"Term":"qualifies","LastUpdated":"2024-11-26T13:39:41.6924686+09:00"},{"Score":0.32,"Term":"social","LastUpdated":"2024-11-26T13:39:41.6925123+09:00"},{"Score":0.32,"Term":"security","LastUpdated":"2024-11-26T13:39:41.6925223+09:00"},{"Score":0.3,"Term":"relationship","LastUpdated":"2024-11-26T13:39:41.6924874+09:00"},{"Score":0.3,"Term":"child","LastUpdated":"2024-11-26T13:39:41.6925143+09:00"},{"Score":0.3,"Term":"schedules","LastUpdated":"2024-11-26T13:39:41.6925306+09:00"},{"Score":0.28,"Term":"election","LastUpdated":"2024-11-26T13:39:41.6924696+09:00"},{"Score":0.28,"Term":"checking","LastUpdated":"2024-11-26T13:39:41.6924739+09:00"},{"Score":0.28,"Term":"presidential","LastUpdated":"2024-11-26T13:39:41.6924914+09:00"},{"Score":0.28,"Term":"campaign","LastUpdated":"2024-11-26T13:39:41.6925295+09:00"},{"Score":0.26,"Term":"refund","LastUpdated":"2024-11-26T13:39:41.6924654+09:00"},{"Score":0.26,"Term":"increase","LastUpdated":"2024-11-26T13:39:41.6925064+09:00"},{"Score":0.26,"Term":"reduce","LastUpdated":"2024-11-26T13:39:41.6925183+09:00"},{"Score":0.24,"Term":"knowledge","LastUpdated":"2024-11-26T13:39:41.6925233+09:00"},{"Score":0.22,"Term":"explanation","LastUpdated":"2024-11-26T13:39:41.6924643+09:00"},{"Score":0.22,"Term":"iii","LastUpdated":"2024-11-26T13:39:41.6925032+09:00"},{"Score":0.22,"Term":"space","LastUpdated":"2024-11-26T13:39:41.6925094+09:00"},{"Score":0.2,"Term":"attach","LastUpdated":"2024-11-26T13:39:41.6924559+09:00"},{"Score":0.2,"Term":"filing","LastUpdated":"2024-11-26T13:39:41.692457+09:00"},{"Score":0.2,"Term":"sign","LastUpdated":"2024-11-26T13:39:41.692458+09:00"},{"Score":0.2,"Term":"remember","LastUpdated":"2024-11-26T13:39:41.6924601+09:00"},{"Score":0.2,"Term":"documents","LastUpdated":"2024-11-26T13:39:41.692478+09:00"},{"Score":0.2,"Term":"supporting","LastUpdated":"2024-11-26T13:39:41.6925346+09:00"},{"Score":0.18,"Term":"perjury","LastUpdated":"2024-11-26T13:39:41.6924361+09:00"},{"Score":0.18,"Term":"filed","LastUpdated":"2024-11-26T13:39:41.692479+09:00"},{"Score":0.18,"Term":"declare","LastUpdated":"2024-11-26T13:39:41.6924924+09:00"},{"Score":0.18,"Term":"records","LastUpdated":"2024-11-26T13:39:41.6925153+09:00"},{"Score":0.18,"Term":"penalties","LastUpdated":"2024-11-26T13:39:41.6925173+09:00"},{"Score":0.16,"Term":"examined","LastUpdated":"2024-11-26T13:39:41.6924407+09:00"},{"Score":0.16,"Term":"statements","LastUpdated":"2024-11-26T13:39:41.6924517+09:00"},{"Score":0.16,"Term":"occupation","LastUpdated":"2024-11-26T13:39:41.6924538+09:00"},{"Score":0.16,"Term":"including","LastUpdated":"2024-11-26T13:39:41.6924854+09:00"},{"Score":0.16,"Term":"accompanying","LastUpdated":"2024-11-26T13:39:41.6924995+09:00"},{"Score":0.14,"Term":"belief","LastUpdated":"2024-11-26T13:39:41.6924379+09:00"},{"Score":0.14,"Term":"true","LastUpdated":"2024-11-26T13:39:41.6924418+09:00"},{"Score":0.14,"Term":"declaration","LastUpdated":"2024-11-26T13:39:41.692459+09:00"},{"Score":0.12,"Term":"based","LastUpdated":"2024-11-26T13:39:41.6925053+09:00"},{"Score":0.1,"Term":"paid","LastUpdated":"2024-11-26T13:39:41.6925284+09:00"},{"Score":0.08,"Term":"publications","LastUpdated":"2024-11-26T13:39:41.6924802+09:00"},{"Score":0.08,"Term":"ptin","LastUpdated":"2024-11-26T13:39:41.6924975+09:00"},{"Score":0.08,"Term":"visit","LastUpdated":"2024-11-26T13:39:41.6925192+09:00"},{"Score":0.06,"Term":"address","LastUpdated":"2024-11-26T13:39:41.692475+09:00"},{"Score":0.04,"Term":"zip","LastUpdated":"2024-11-26T13:39:41.6924444+09:00"},{"Score":0.04,"Term":"ein","LastUpdated":"2024-11-26T13:39:41.6924461+09:00"},{"Score":0.04,"Term":"code","LastUpdated":"2024-11-26T13:39:41.6924986+09:00"},{"Score":0.04,"Term":"phone","LastUpdated":"2024-11-26T13:39:41.6925084+09:00"}]},"ParentVectorId":null,"VectorId":"UiPath.DU.1040x","DocumentCount":2,"TermsWithScores":[{"Score":1.98,"Term":"tax","LastUpdated":"2024-11-26T13:39:41.692969+09:00"},{"Score":1.98,"Term":"return","LastUpdated":"2024-11-26T13:39:41.6930877+09:00"},{"Score":1.94,"Term":"instructions","LastUpdated":"2024-11-26T13:39:41.6930152+09:00"},{"Score":1.94,"Term":"enter","LastUpdated":"2024-11-26T13:39:41.6931371+09:00"},{"Score":1.92,"Term":"amended","LastUpdated":"2024-11-26T13:39:41.6931579+09:00"},{"Score":1.86,"Term":"income","LastUpdated":"2024-11-26T13:39:41.6930197+09:00"},{"Score":1.7,"Term":"amending","LastUpdated":"2024-11-26T13:39:41.6929033+09:00"},{"Score":1.66,"Term":"returns","LastUpdated":"2024-11-26T13:39:41.6930182+09:00"},{"Score":1.62,"Term":"filing","LastUpdated":"2024-11-26T13:39:41.6929279+09:00"},{"Score":1.6,"Term":"check","LastUpdated":"2024-11-26T13:39:41.6930892+09:00"},{"Score":1.54,"Term":"complete","LastUpdated":"2024-11-26T13:39:41.6929803+09:00"},{"Score":1.5,"Term":"exemptions","LastUpdated":"2024-11-26T13:39:41.6929155+09:00"},{"Score":1.5,"Term":"social","LastUpdated":"2024-11-26T13:39:41.6930922+09:00"},{"Score":1.5,"Term":"security","LastUpdated":"2024-11-26T13:39:41.6931188+09:00"},{"Score":1.48,"Term":"joint","LastUpdated":"2024-11-26T13:39:41.6929416+09:00"},{"Score":1.46,"Term":"box","LastUpdated":"2024-11-26T13:39:41.6931283+09:00"},{"Score":1.44,"Term":"blank","LastUpdated":"2024-11-26T13:39:41.6928906+09:00"},{"Score":1.44,"Term":"leave","LastUpdated":"2024-11-26T13:39:41.6930467+09:00"},{"Score":1.42,"Term":"foreign","LastUpdated":"2024-11-26T13:39:41.6929751+09:00"},{"Score":1.38,"Term":"individual","LastUpdated":"2024-11-26T13:39:41.6928846+09:00"},{"Score":1.38,"Term":"original","LastUpdated":"2024-11-26T13:39:41.6929539+09:00"},{"Score":1.38,"Term":"change","LastUpdated":"2024-11-26T13:39:41.6931386+09:00"},{"Score":1.36,"Term":"address","LastUpdated":"2024-11-26T13:39:41.6929911+09:00"},{"Score":1.34,"Term":"revenue","LastUpdated":"2024-11-26T13:39:41.6929202+09:00"},{"Score":1.34,"Term":"service","LastUpdated":"2024-11-26T13:39:41.6929295+09:00"},{"Score":1.34,"Term":"internal","LastUpdated":"2024-11-26T13:39:41.6929508+09:00"},{"Score":1.34,"Term":"treasury","LastUpdated":"2024-11-26T13:39:41.6930091+09:00"},{"Score":1.34,"Term":"calendar","LastUpdated":"2024-11-26T13:39:41.6930348+09:00"},{"Score":1.34,"Term":"code","LastUpdated":"2024-11-26T13:39:41.6930572+09:00"},{"Score":1.34,"Term":"department","LastUpdated":"2024-11-26T13:39:41.6930908+09:00"},{"Score":1.32,"Term":"january","LastUpdated":"2024-11-26T13:39:41.6928708+09:00"},{"Score":1.32,"Term":"omb","LastUpdated":"2024-11-26T13:39:41.6930167+09:00"},{"Score":1.32,"Term":"initial","LastUpdated":"2024-11-26T13:39:41.6931401+09:00"},{"Score":1.32,"Term":"middle","LastUpdated":"2024-11-26T13:39:41.6931416+09:00"},{"Score":1.3,"Term":"status","LastUpdated":"2024-11-26T13:39:41.6931519+09:00"},{"Score":1.28,"Term":"changing","LastUpdated":"2024-11-26T13:39:41.692897+09:00"},{"Score":1.28,"Term":"fiscal","LastUpdated":"2024-11-26T13:39:41.692914+09:00"},{"Score":1.28,"Term":"caution","LastUpdated":"2024-11-26T13:39:41.69294+09:00"},{"Score":1.28,"Term":"dependent","LastUpdated":"2024-11-26T13:39:41.6931593+09:00"},{"Score":1.26,"Term":"zip","LastUpdated":"2024-11-26T13:39:41.6928922+09:00"},{"Score":1.26,"Term":"jones","LastUpdated":"2024-11-26T13:39:41.6930031+09:00"},{"Score":1.26,"Term":"form","LastUpdated":"2024-11-26T13:39:41.6930817+09:00"},{"Score":1.26,"Term":"phone","LastUpdated":"2024-11-26T13:39:41.6930833+09:00"},{"Score":1.26,"Term":"james","LastUpdated":"2024-11-26T13:39:41.6931356+09:00"},{"Score":1.24,"Term":"current","LastUpdated":"2024-11-26T13:39:41.6930212+09:00"},{"Score":1.24,"Term":"adjusted","LastUpdated":"2024-11-26T13:39:41.6931248+09:00"},{"Score":1.22,"Term":"willow","LastUpdated":"2024-11-26T13:39:41.6929446+09:00"},{"Score":1.22,"Term":"drive","LastUpdated":"2024-11-26T13:39:41.6929673+09:00"},{"Score":1.22,"Term":"apt","LastUpdated":"2024-11-26T13:39:41.6929881+09:00"},{"Score":1.22,"Term":"greene","LastUpdated":"2024-11-26T13:39:41.6930137+09:00"},{"Score":1.22,"Term":"city","LastUpdated":"2024-11-26T13:39:41.6930711+09:00"},{"Score":1.22,"Term":"town","LastUpdated":"2024-11-26T13:39:41.6931114+09:00"},{"Score":1.2,"Term":"subtract","LastUpdated":"2024-11-26T13:39:41.6929186+09:00"},{"Score":1.2,"Term":"spaces","LastUpdated":"2024-11-26T13:39:41.6929554+09:00"},{"Score":1.2,"Term":"post","LastUpdated":"2024-11-26T13:39:41.693101+09:00"},{"Score":1.2,"Term":"spouse","LastUpdated":"2024-11-26T13:39:41.6931025+09:00"},{"Score":1.2,"Term":"dependents","LastUpdated":"2024-11-26T13:39:41.6931129+09:00"},{"Score":1.2,"Term":"office","LastUpdated":"2024-11-26T13:39:41.693143+09:00"},{"Score":1.18,"Term":"montgomery","LastUpdated":"2024-11-26T13:39:41.692911+09:00"},{"Score":1.18,"Term":"care","LastUpdated":"2024-11-26T13:39:41.6929232+09:00"},{"Score":1.18,"Term":"country","LastUpdated":"2024-11-26T13:39:41.6929972+09:00"},{"Score":1.18,"Term":"postal","LastUpdated":"2024-11-26T13:39:41.6930076+09:00"},{"Score":1.18,"Term":"health","LastUpdated":"2024-11-26T13:39:41.6930787+09:00"},{"Score":1.18,"Term":"alabama","LastUpdated":"2024-11-26T13:39:41.6931157+09:00"},{"Score":1.18,"Term":"lines","LastUpdated":"2024-11-26T13:39:41.6931654+09:00"},{"Score":1.16,"Term":"reported","LastUpdated":"2024-11-26T13:39:41.6930482+09:00"},{"Score":1.16,"Term":"iii","LastUpdated":"2024-11-26T13:39:41.6930667+09:00"},{"Score":1.16,"Term":"correct","LastUpdated":"2024-11-26T13:39:41.6930696+09:00"},{"Score":1.14,"Term":"qualifying","LastUpdated":"2024-11-26T13:39:41.692972+09:00"},{"Score":1.14,"Term":"separate","LastUpdated":"2024-11-26T13:39:41.6929735+09:00"},{"Score":1.14,"Term":"married","LastUpdated":"2024-11-26T13:39:41.6930122+09:00"},{"Score":1.12,"Term":"coverage","LastUpdated":"2024-11-26T13:39:41.6928737+09:00"},{"Score":1.12,"Term":"checked","LastUpdated":"2024-11-26T13:39:41.692931+09:00"},{"Score":1.12,"Term":"credit","LastUpdated":"2024-11-26T13:39:41.6930106+09:00"},{"Score":1.1,"Term":"jointly","LastUpdated":"2024-11-26T13:39:41.6928793+09:00"},{"Score":1.1,"Term":"single","LastUpdated":"2024-11-26T13:39:41.6930741+09:00"},{"Score":1.1,"Term":"child","LastUpdated":"2024-11-26T13:39:41.6930967+09:00"},{"Score":1.1,"Term":"separately","LastUpdated":"2024-11-26T13:39:41.6931639+09:00"},{"Score":1.08,"Term":"total","LastUpdated":"2024-11-26T13:39:41.6928987+09:00"},{"Score":1.08,"Term":"explain","LastUpdated":"2024-11-26T13:39:41.6929766+09:00"},{"Score":1.08,"Term":"head","LastUpdated":"2024-11-26T13:39:41.6929942+09:00"},{"Score":1.08,"Term":"mfs","LastUpdated":"2024-11-26T13:39:41.6929987+09:00"},{"Score":1.08,"Term":"increase","LastUpdated":"2024-11-26T13:39:41.6930802+09:00"},{"Score":1.08,"Term":"household","LastUpdated":"2024-11-26T13:39:41.6931098+09:00"},{"Score":1.06,"Term":"person","LastUpdated":"2024-11-26T13:39:41.6928759+09:00"},{"Score":1.06,"Term":"deductions","LastUpdated":"2024-11-26T13:39:41.6929781+09:00"},{"Score":1.06,"Term":"qw","LastUpdated":"2024-11-26T13:39:41.6930393+09:00"},{"Score":1.06,"Term":"hoh","LastUpdated":"2024-11-26T13:39:41.6931298+09:00"},{"Score":1.04,"Term":"result","LastUpdated":"2024-11-26T13:39:41.6929217+09:00"},{"Score":1.04,"Term":"carryback","LastUpdated":"2024-11-26T13:39:41.6930608+09:00"},{"Score":1.04,"Term":"included","LastUpdated":"2024-11-26T13:39:41.6931686+09:00"},{"Score":1.02,"Term":"deduction","LastUpdated":"2024-11-26T13:39:41.6930363+09:00"},{"Score":1.02,"Term":"earlier","LastUpdated":"2024-11-26T13:39:41.6930543+09:00"},{"Score":1.0,"Term":"loss","LastUpdated":"2024-11-26T13:39:41.6929049+09:00"},{"Score":1.0,"Term":"business","LastUpdated":"2024-11-26T13:39:41.6931203+09:00"},{"Score":1.0,"Term":"gross","LastUpdated":"2024-11-26T13:39:41.6931328+09:00"},{"Score":1.0,"Term":"paid","LastUpdated":"2024-11-26T13:39:41.693146+09:00"},{"Score":1.0,"Term":"operating","LastUpdated":"2024-11-26T13:39:41.6931608+09:00"},{"Score":0.98,"Term":"add","LastUpdated":"2024-11-26T13:39:41.6929002+09:00"},{"Score":0.98,"Term":"standard","LastUpdated":"2024-11-26T13:39:41.6930274+09:00"},{"Score":0.98,"Term":"itemized","LastUpdated":"2024-11-26T13:39:41.6930652+09:00"},{"Score":0.96,"Term":"payments","LastUpdated":"2024-11-26T13:39:41.6930528+09:00"},{"Score":0.94,"Term":"credits","LastUpdated":"2024-11-26T13:39:41.6930681+09:00"},{"Score":0.94,"Term":"taxable","LastUpdated":"2024-11-26T13:39:41.6931313+09:00"},{"Score":0.94,"Term":"qualified","LastUpdated":"2024-11-26T13:39:41.6931565+09:00"},{"Score":0.92,"Term":"liability","LastUpdated":"2024-11-26T13:39:41.692937+09:00"},{"Score":0.9,"Term":"figure","LastUpdated":"2024-11-26T13:39:41.6931668+09:00"},{"Score":0.88,"Term":"withheld","LastUpdated":"2024-11-26T13:39:41.6930757+09:00"},{"Score":0.86,"Term":"estimated","LastUpdated":"2024-11-26T13:39:41.692894+09:00"},{"Score":0.86,"Term":"taxes","LastUpdated":"2024-11-26T13:39:41.6929835+09:00"},{"Score":0.86,"Term":"applied","LastUpdated":"2024-11-26T13:39:41.6930061+09:00"},{"Score":0.86,"Term":"including","LastUpdated":"2024-11-26T13:39:41.6930243+09:00"},{"Score":0.86,"Term":"responsibility","LastUpdated":"2024-11-26T13:39:41.6930952+09:00"},{"Score":0.86,"Term":"column","LastUpdated":"2024-11-26T13:39:41.6931475+09:00"},{"Score":0.84,"Term":"excess","LastUpdated":"2024-11-26T13:39:41.6929584+09:00"},{"Score":0.84,"Term":"federal","LastUpdated":"2024-11-26T13:39:41.6930558+09:00"},{"Score":0.82,"Term":"rrta","LastUpdated":"2024-11-26T13:39:41.692985+09:00"},{"Score":0.82,"Term":"tier","LastUpdated":"2024-11-26T13:39:41.6931172+09:00"},{"Score":0.8,"Term":"schedule","LastUpdated":"2024-11-26T13:39:41.6929478+09:00"},{"Score":0.8,"Term":"earned","LastUpdated":"2024-11-26T13:39:41.6929493+09:00"},{"Score":0.8,"Term":"filed","LastUpdated":"2024-11-26T13:39:41.6930016+09:00"},{"Score":0.8,"Term":"refundable","LastUpdated":"2024-11-26T13:39:41.6930452+09:00"},{"Score":0.8,"Term":"prior","LastUpdated":"2024-11-26T13:39:41.6931233+09:00"},{"Score":0.78,"Term":"owe","LastUpdated":"2024-11-26T13:39:41.6929095+09:00"},{"Score":0.78,"Term":"refund","LastUpdated":"2024-11-26T13:39:41.6929523+09:00"},{"Score":0.76,"Term":"extension","LastUpdated":"2024-11-26T13:39:41.6929248+09:00"},{"Score":0.76,"Term":"sign","LastUpdated":"2024-11-26T13:39:41.6929326+09:00"},{"Score":0.76,"Term":"file","LastUpdated":"2024-11-26T13:39:41.6929431+09:00"},{"Score":0.76,"Term":"additional","LastUpdated":"2024-11-26T13:39:41.6929896+09:00"},{"Score":0.76,"Term":"request","LastUpdated":"2024-11-26T13:39:41.6930862+09:00"},{"Score":0.76,"Term":"time","LastUpdated":"2024-11-26T13:39:41.6931446+09:00"},{"Score":0.74,"Term":"difference","LastUpdated":"2024-11-26T13:39:41.6929065+09:00"},{"Score":0.72,"Term":"overpayment","LastUpdated":"2024-11-26T13:39:41.6931055+09:00"},{"Score":0.72,"Term":"irs","LastUpdated":"2024-11-26T13:39:41.6931505+09:00"},{"Score":0.66,"Term":"overpaid","LastUpdated":"2024-11-26T13:39:41.6930303+09:00"},{"Score":0.66,"Term":"refunded","LastUpdated":"2024-11-26T13:39:41.6930772+09:00"},{"Score":0.62,"Term":"reduction","LastUpdated":"2024-11-26T13:39:41.6929018+09:00"},{"Score":0.62,"Term":"paperwork","LastUpdated":"2024-11-26T13:39:41.6929819+09:00"},{"Score":0.62,"Term":"forms","LastUpdated":"2024-11-26T13:39:41.6930227+09:00"},{"Score":0.62,"Term":"changed","LastUpdated":"2024-11-26T13:39:41.6930437+09:00"},{"Score":0.62,"Term":"cat","LastUpdated":"2024-11-26T13:39:41.6930996+09:00"},{"Score":0.62,"Term":"notice","LastUpdated":"2024-11-26T13:39:41.6931269+09:00"},{"Score":0.58,"Term":"relating","LastUpdated":"2024-11-26T13:39:41.6930637+09:00"},{"Score":0.56,"Term":"include","LastUpdated":"2024-11-26T13:39:41.6929569+09:00"},{"Score":0.52,"Term":"applicable","LastUpdated":"2024-11-26T13:39:41.6929957+09:00"},{"Score":0.5,"Term":"claim","LastUpdated":"2024-11-26T13:39:41.6930259+09:00"},{"Score":0.5,"Term":"note","LastUpdated":"2024-11-26T13:39:41.6930317+09:00"},{"Score":0.5,"Term":"exemption","LastUpdated":"2024-11-26T13:39:41.6930379+09:00"},{"Score":0.48,"Term":"children","LastUpdated":"2024-11-26T13:39:41.6930332+09:00"},{"Score":0.42,"Term":"live","LastUpdated":"2024-11-26T13:39:41.6929386+09:00"},{"Score":0.42,"Term":"lived","LastUpdated":"2024-11-26T13:39:41.6929705+09:00"},{"Score":0.42,"Term":"claimed","LastUpdated":"2024-11-26T13:39:41.6929927+09:00"},{"Score":0.42,"Term":"divorce","LastUpdated":"2024-11-26T13:39:41.6930498+09:00"},{"Score":0.42,"Term":"separation","LastUpdated":"2024-11-26T13:39:41.6931549+09:00"},{"Score":0.38,"Term":"fund","LastUpdated":"2024-11-26T13:39:41.6930622+09:00"},{"Score":0.38,"Term":"multiply","LastUpdated":"2024-11-26T13:39:41.6931342+09:00"},{"Score":0.34,"Term":"list","LastUpdated":"2024-11-26T13:39:41.6931143+09:00"},{"Score":0.32,"Term":"inst","LastUpdated":"2024-11-26T13:39:41.692908+09:00"},{"Score":0.3,"Term":"qualifies","LastUpdated":"2024-11-26T13:39:41.69296+09:00"},{"Score":0.28,"Term":"relationship","LastUpdated":"2024-11-26T13:39:41.6930288+09:00"},{"Score":0.26,"Term":"election","LastUpdated":"2024-11-26T13:39:41.6929615+09:00"},{"Score":0.26,"Term":"checking","LastUpdated":"2024-11-26T13:39:41.6929866+09:00"},{"Score":0.26,"Term":"presidential","LastUpdated":"2024-11-26T13:39:41.6930407+09:00"},{"Score":0.26,"Term":"campaign","LastUpdated":"2024-11-26T13:39:41.693149+09:00"},{"Score":0.24,"Term":"preparer","LastUpdated":"2024-11-26T13:39:41.6928828+09:00"},{"Score":0.24,"Term":"reduce","LastUpdated":"2024-11-26T13:39:41.6931069+09:00"},{"Score":0.22,"Term":"signature","LastUpdated":"2024-11-26T13:39:41.6930938+09:00"},{"Score":0.22,"Term":"schedules","LastUpdated":"2024-11-26T13:39:41.6931534+09:00"},{"Score":0.2,"Term":"explanation","LastUpdated":"2024-11-26T13:39:41.6929462+09:00"},{"Score":0.2,"Term":"space","LastUpdated":"2024-11-26T13:39:41.6930848+09:00"},{"Score":0.18,"Term":"attach","LastUpdated":"2024-11-26T13:39:41.6929264+09:00"},{"Score":0.18,"Term":"remember","LastUpdated":"2024-11-26T13:39:41.6929355+09:00"},{"Score":0.18,"Term":"documents","LastUpdated":"2024-11-26T13:39:41.6930001+09:00"},{"Score":0.18,"Term":"knowledge","LastUpdated":"2024-11-26T13:39:41.6931217+09:00"},{"Score":0.18,"Term":"supporting","LastUpdated":"2024-11-26T13:39:41.6931623+09:00"},{"Score":0.16,"Term":"perjury","LastUpdated":"2024-11-26T13:39:41.6928776+09:00"},{"Score":0.16,"Term":"declare","LastUpdated":"2024-11-26T13:39:41.6930422+09:00"},{"Score":0.16,"Term":"records","LastUpdated":"2024-11-26T13:39:41.6930981+09:00"},{"Score":0.16,"Term":"penalties","LastUpdated":"2024-11-26T13:39:41.693104+09:00"},{"Score":0.14,"Term":"examined","LastUpdated":"2024-11-26T13:39:41.6928862+09:00"},{"Score":0.14,"Term":"statements","LastUpdated":"2024-11-26T13:39:41.6929125+09:00"},{"Score":0.14,"Term":"accompanying","LastUpdated":"2024-11-26T13:39:41.6930593+09:00"},{"Score":0.12,"Term":"belief","LastUpdated":"2024-11-26T13:39:41.6928809+09:00"},{"Score":0.12,"Term":"true","LastUpdated":"2024-11-26T13:39:41.6928878+09:00"},{"Score":0.12,"Term":"declaration","LastUpdated":"2024-11-26T13:39:41.692934+09:00"},{"Score":0.1,"Term":"occupation","LastUpdated":"2024-11-26T13:39:41.692917+09:00"},{"Score":0.1,"Term":"based","LastUpdated":"2024-11-26T13:39:41.6930726+09:00"},{"Score":0.06,"Term":"publications","LastUpdated":"2024-11-26T13:39:41.6930046+09:00"},{"Score":0.06,"Term":"ptin","LastUpdated":"2024-11-26T13:39:41.6930513+09:00"},{"Score":0.06,"Term":"visit","LastUpdated":"2024-11-26T13:39:41.6931084+09:00"},{"Score":0.02,"Term":"ein","LastUpdated":"2024-11-26T13:39:41.6928954+09:00"}]}]
