{
  "Workflows": [
    {
      "Path": null,
      "SortBy": 0,
      "VariablesSectionElementsOrder": [],
      "ArgumentsSectionElementsOrder": null,
      "ConstantsSectionElementsOrder": [],
      "AddedNamespaces": null
    },
    {
      "Path": "Main.xaml",
      "SortBy": 0,
      "VariablesSectionElementsOrder": [
        "VaildateExtractionResult&Sequence_3",
        "ExtractionResult&Sequence_3",
        "VaildateClassfyResult&Sequence_2",
        "ClassifyResult&Sequence_2",
        "DocObj&Sequence_2",
        "DocText&Sequence_2",
        "Taxonomy&Sequence_2",
        "API_Key&Sequence_2",
        "OutputFolder&Sequence_2",
        "InputFilePath&Sequence_2"
      ],
      "ArgumentsSectionElementsOrder": [],
      "ConstantsSectionElementsOrder": [],
      "AddedNamespaces": null
    }
  ]
}