{
  "Workflows": [
    {
      "Path": null,
      "SortBy": 0,
      "VariablesSectionElementsOrder": [],
      "ArgumentsSectionElementsOrder": null,
      "ConstantsSectionElementsOrder": [],
      "AddedNamespaces": null
    },
    {
      "Path": "Main.xaml",
      "SortBy": 0,
      "VariablesSectionElementsOrder": [
        "InvoiceTrainingFolder&Sequence_1",
        "DocIndex&Sequence_2",
        "DocExtractionResults&Sequence_3",
        "DocValidatedExtractionResults&Sequence_3",
        "OutputDS&Sequence_3",
        "OutputFilePath&Sequence_3",
        "DocValidatedClassificationResults&Sequence_2",
        "DocClassificationResults&Sequence_2",
        "DocObjectModel&Sequence_2",
        "DocText&Sequence_2",
        "DuTaxonomy&Sequence_1",
        "FileName&Sequence_2",
        "IntelligentKeywordClassifierLearningFile&Sequence_1",
        "OutputFolder&Sequence_1",
        "InputFolder&Sequence_1",
        "DuApiKey&Sequence_1"
      ],
      "ArgumentsSectionElementsOrder": [],
      "ConstantsSectionElementsOrder": [],
      "AddedNamespaces": null
    }
  ]
}