[{"No":"1","CopyFilePath":"Data\\Temp\\TC001\\OrderList.xlsx","PasteFilePath":"Data\\Input\\OrderList.xlsx","ExpectedResult":"True","사유":"기본 경로 - 정상 케이스"},{"No":"2","CopyFilePath":"Data\\TEMP\\TC001\\OrderList.xlsx","PasteFilePath":"Data\\Input\\OrderList.xlsx","ExpectedResult":"True","사유":"Windows 경로는 대소문자 구분 없음"},{"No":"3","CopyFilePath":"Data\\Temp\\TC001\\ORDERLIST.xlsx","PasteFilePath":"Data\\Input\\OrderList.xlsx","ExpectedResult":"True","사유":"파일명 대소문자 구분 없음"},{"No":"4","CopyFilePath":"Data\\Temp\\TC001\\orderlist.xlsx","PasteFilePath":"Data\\Input\\OrderList.xlsx","ExpectedResult":"True","사유":"파일명 대소문자 구분 없음"},{"No":"5","CopyFilePath":".\\Data\\Temp\\TC001\\OrderList.xlsx","PasteFilePath":"Data\\Input\\OrderList.xlsx","ExpectedResult":"True","사유":"현재 경로(.) 표시도 유효한 경로"},{"No":"6","CopyFilePath":"Data/Temp/TC001/OrderList.xlsx","PasteFilePath":"Data\\Input\\OrderList.xlsx","ExpectedResult":"True","사유":"슬래시(/)도 유효한 경로 구분자"},{"No":"7","CopyFilePath":"Data\\Temp\\TC001\\OrderList.xlsx","PasteFilePath":".\\Data\\Input\\OrderList.xlsx","ExpectedResult":"True","사유":"대상 경로의 현재 경로(.) 표시도 유효"},{"No":"8","CopyFilePath":"Data\\Temp\\TC001\\OrderList.xlsx","PasteFilePath":"Data/Input/OrderList.xlsx","ExpectedResult":"True","사유":"대상 경로의 슬래시(/) 구분자도 유효"},{"No":"9","CopyFilePath":"Data\\Temp\\TC001\\OrderList.xlsx","PasteFilePath":"Data\\INPUT\\OrderList.xlsx","ExpectedResult":"True","사유":"대상 폴더 대소문자 구분 없음"},{"No":"10","CopyFilePath":"Data\\Temp\\TC001\\OrderList.xlsx","PasteFilePath":"Data\\input\\OrderList.xlsx","ExpectedResult":"True","사유":"대상 폴더 대소문자 구분 없음"},{"No":"11","CopyFilePath":"Data\\Temp\\TC002\\OrderList.xlsx","PasteFilePath":"Data\\Input\\OrderList.xlsx","ExpectedResult":"False","사유":"지정된 TC001 폴더가 아닌 다른 폴더"},{"No":"12","CopyFilePath":"Data\\Test\\TC001\\OrderList.xlsx","PasteFilePath":"Data\\Input\\OrderList.xlsx","ExpectedResult":"False","사유":"지정된 Temp 폴더가 아닌 다른 폴더"},{"No":"13","CopyFilePath":"Data\\Temp\\OrderList.xlsx","PasteFilePath":"Data\\Input\\OrderList.xlsx","ExpectedResult":"False","사유":"TC001 하위 폴더 누락"},{"No":"14","CopyFilePath":"\\TC001\\OrderList.xlsx","PasteFilePath":"Data\\Input\\OrderList.xlsx","ExpectedResult":"False","사유":"잘못된 상대 경로 구조"},{"No":"15","CopyFilePath":"Data\\Temp\\TC001\\","PasteFilePath":"Data\\Input\\OrderList.xlsx","ExpectedResult":"False","사유":"소스 파일명 누락"},{"No":"16","CopyFilePath":"\"\"","PasteFilePath":"Data\\Input\\OrderList.xlsx","ExpectedResult":"False","사유":"소스 경로 누락"},{"No":"17","CopyFilePath":"Data\\Temp\\TC001\\OrderList.xlsx","PasteFilePath":"\"\"","ExpectedResult":"False","사유":"대상 경로 누락"},{"No":"18","CopyFilePath":"Data\\Temp\\TC001\\OrderList.xlsx","PasteFilePath":"Data\\Output\\OrderList.xlsx","ExpectedResult":"False","사유":"지정된 Input 폴더가 아닌 다른 폴더"},{"No":"19","CopyFilePath":"Data\\Temp\\TC001\\OrderList.xlsx","PasteFilePath":"Data\\Input\\OrderList.xls","ExpectedResult":"True","사유":"잘못된 파일 확장자 (.xls)"},{"No":"20","CopyFilePath":"Data\\Temp\\TC001\\OrderList.xlsx","PasteFilePath":"Data\\Input\\OrderList_new.xlsx","ExpectedResult":"True","사유":"지정된 파일명과 다른 이름"}]