[{"CopyFilePath":"C:\\RPA\\OrderList.xlsx","PasteFilePath":"Data\\Input\\OrderList.xlsx","ExpectedResult":"True"},{"CopyFilePath":"C:\\RPA\\OrderList.xlsx","PasteFilePath":"Data\\Input\\OrderList.xlsx","ExpectedResult":"True"},{"CopyFilePath":"C:\\RPA\\SalesList.xlsx","PasteFilePath":"Data\\Input\\OrderList.xlsx","ExpectedResult":"False"},{"CopyFilePath":"C:\\RPA\\OrderList.xlsx","PasteFilePath":"Data\\Output\\OrderList.xlsx","ExpectedResult":"False"},{"CopyFilePath":"C:\\RPA\\OrderList.xlsx","PasteFilePath":"Data\\Input\\OrderList.xlsx","ExpectedResult":"True"},{"CopyFilePath":"C:\\Reports\\OrderList.xlsx","PasteFilePath":"Data\\Input\\OrderList.xlsx","ExpectedResult":"False"},{"CopyFilePath":"C:\\RPA\\OrderList.xlsx","PasteFilePath":"Data\\Input\\SalesList.xlsx","ExpectedResult":"False"},{"CopyFilePath":"C:\\RPA\\OrderList.xlsx","PasteFilePath":"Data\\Input\\OrderList.xlsx","ExpectedResult":"True"},{"CopyFilePath":"C:\\RPA\\Test\\OrderList.xlsx","PasteFilePath":"Data\\Input\\OrderList.xlsx","ExpectedResult":"False"},{"CopyFilePath":"C:\\RPA\\OrderList.xlsx","PasteFilePath":"Data\\Test\\OrderList.xlsx","ExpectedResult":"False"},{"CopyFilePath":"C:\\RPA\\OrderList.xlsx","PasteFilePath":"Data\\Input\\OrderList.xlsx","ExpectedResult":"True"},{"CopyFilePath":"C:\\RPA\\OrderList_2023.xlsx","PasteFilePath":"Data\\Input\\OrderList.xlsx","ExpectedResult":"False"},{"CopyFilePath":"C:\\RPA\\OrderList.xlsx","PasteFilePath":"Data\\Input\\OrderList_2023.xlsx","ExpectedResult":"False"},{"CopyFilePath":"C:\\RPA\\OrderList.xlsx","PasteFilePath":"Data\\Input\\OrderList.xlsx","ExpectedResult":"True"},{"CopyFilePath":"C:\\Desktop\\OrderList.xlsx","PasteFilePath":"Data\\Input\\OrderList.xlsx","ExpectedResult":"False"},{"CopyFilePath":"C:\\RPA\\OrderList.xlsx","PasteFilePath":"Desktop\\Input\\OrderList.xlsx","ExpectedResult":"False"},{"CopyFilePath":"C:\\RPA\\OrderList.xlsx","PasteFilePath":"Data\\Input\\OrderList.xlsx","ExpectedResult":"True"},{"CopyFilePath":"C:\\RPA\\orderlist.xlsx","PasteFilePath":"Data\\Input\\OrderList.xlsx","ExpectedResult":"False"},{"CopyFilePath":"C:\\RPA\\OrderList.xlsx","PasteFilePath":"Data\\Input\\orderlist.xlsx","ExpectedResult":"False"},{"CopyFilePath":"C:\\RPA\\OrderList.xlsx","PasteFilePath":"Data\\Input\\OrderList.xlsx","ExpectedResult":"True"}]