[{"ID":"hjchoi@kcc.co.kr","Password":"00000000"},{"ID":"hjchoi@kcc.co.kr","Password":"0"},{"ID":"invalid-email","Password":"12345678"},{"ID":"","Password":"12345678"},{"ID":"hjchoi@kcc.co.kr","Password":""},{"ID":"","Password":""},{"ID":"user+test@kcc.co.kr","Password":"87654321"},{"ID":"verylongemailaddress@example.com","Password":"12345678"},{"ID":"hjchoi@kcc.co.kr","Password":"thisisaverylongpasswordthatshouldnotbeaccepted"},{"ID":"HJCHOI@KCC.CO.KR","Password":"00000000"},{"ID":"HjcHoi@Kcc.Co.Kr","Password":"00000000"},{"ID":"user@gmail.com","Password":"12345678"},{"ID":"employee@company.com","Password":"12345678"},{"ID":"temp@disposable.com","Password":"12345678"},{"ID":"user@sub.kcc.co.kr","Password":"12345678"}]