{"api_version": "1.2", "fields": {"date": {"boxes": [{"boundingPoly": {"vertices": [{"x": 1515, "y": 431}, {"x": 1716, "y": 431}, {"x": 1716, "y": 472}, {"x": 1515, "y": 472}]}, "description": "01/06/2021", "doc_line": 2, "line": 2, "page": 0}], "confidence": 1.0, "page": 0, "value": "2021-01-06", "value_raw": "01/06/2021"}, "invoice-no": {"boxes": [{"boundingPoly": {"vertices": [{"x": 1515, "y": 486}, {"x": 1684, "y": 486}, {"x": 1684, "y": 527}, {"x": 1515, "y": 527}]}, "description": "SCR00003", "doc_line": 3, "line": 3, "page": 0}], "confidence": 1.0, "page": 0, "value": "SCR00003", "value_raw": "SCR00003"}, "items": [{"description": {"boxes": [{"boundingPoly": {"vertices": [{"x": 422, "y": 1194}, {"x": 553, "y": 1194}, {"x": 553, "y": 1235}, {"x": 422, "y": 1235}]}, "description": "Display,", "doc_line": 12, "line": 12, "page": 0}, {"boundingPoly": {"vertices": [{"x": 562, "y": 1194}, {"x": 636, "y": 1194}, {"x": 636, "y": 1235}, {"x": 562, "y": 1235}]}, "description": "AOC", "doc_line": 12, "line": 12, "page": 0}, {"boundingPoly": {"vertices": [{"x": 645, "y": 1194}, {"x": 828, "y": 1194}, {"x": 828, "y": 1235}, {"x": 645, "y": 1235}]}, "description": "G2460VQ6", "doc_line": 12, "line": 12, "page": 0}], "confidence": 1.0, "page": 0, "value": "Display, AOC G2460VQ6", "value_raw": "Display, AOC G2460VQ6"}, "quantity": {"boxes": [{"boundingPoly": {"vertices": [{"x": 323, "y": 1194}, {"x": 344, "y": 1194}, {"x": 344, "y": 1235}, {"x": 323, "y": 1235}]}, "description": "3", "doc_line": 12, "line": 12, "page": 0}], "confidence": 1.0, "page": 0, "value": "3", "value_raw": "3"}, "unit-price": {"boxes": [{"boundingPoly": {"vertices": [{"x": 1606, "y": 1194}, {"x": 1721, "y": 1194}, {"x": 1721, "y": 1235}, {"x": 1606, "y": 1235}]}, "description": "130.00", "doc_line": 12, "line": 12, "page": 0}], "confidence": 1.0, "page": 0, "value": "130.00", "value_raw": "130.00"}}, {"description": {"boxes": [{"boundingPoly": {"vertices": [{"x": 422, "y": 1248}, {"x": 506, "y": 1248}, {"x": 506, "y": 1289}, {"x": 422, "y": 1289}]}, "description": "GPU,", "doc_line": 13, "line": 13, "page": 0}, {"boundingPoly": {"vertices": [{"x": 516, "y": 1248}, {"x": 665, "y": 1248}, {"x": 665, "y": 1289}, {"x": 516, "y": 1289}]}, "description": "Gigabyte", "doc_line": 13, "line": 13, "page": 0}, {"boundingPoly": {"vertices": [{"x": 675, "y": 1248}, {"x": 815, "y": 1248}, {"x": 815, "y": 1289}, {"x": 675, "y": 1289}]}, "description": "GeForce", "doc_line": 13, "line": 13, "page": 0}, {"boundingPoly": {"vertices": [{"x": 825, "y": 1248}, {"x": 871, "y": 1248}, {"x": 871, "y": 1289}, {"x": 825, "y": 1289}]}, "description": "GT", "doc_line": 13, "line": 13, "page": 0}, {"boundingPoly": {"vertices": [{"x": 880, "y": 1248}, {"x": 944, "y": 1248}, {"x": 944, "y": 1289}, {"x": 880, "y": 1289}]}, "description": "210", "doc_line": 13, "line": 13, "page": 0}], "confidence": 1.0, "page": 0, "value": "GPU, Gigabyte GeForce GT 210", "value_raw": "GPU, Gigabyte GeForce GT 210"}, "quantity": {"boxes": [{"boundingPoly": {"vertices": [{"x": 313, "y": 1248}, {"x": 355, "y": 1248}, {"x": 355, "y": 1289}, {"x": 313, "y": 1289}]}, "description": "15", "doc_line": 13, "line": 13, "page": 0}], "confidence": 1.0, "page": 0, "value": "15", "value_raw": "15"}, "unit-price": {"boxes": [{"boundingPoly": {"vertices": [{"x": 1627, "y": 1248}, {"x": 1721, "y": 1248}, {"x": 1721, "y": 1289}, {"x": 1627, "y": 1289}]}, "description": "44.00", "doc_line": 13, "line": 13, "page": 0}], "confidence": 1.0, "page": 0, "value": "44.00", "value_raw": "44.00"}}, {"description": {"boxes": [{"boundingPoly": {"vertices": [{"x": 422, "y": 1302}, {"x": 553, "y": 1302}, {"x": 553, "y": 1344}, {"x": 422, "y": 1344}]}, "description": "Display,", "doc_line": 14, "line": 14, "page": 0}, {"boundingPoly": {"vertices": [{"x": 562, "y": 1302}, {"x": 636, "y": 1302}, {"x": 636, "y": 1344}, {"x": 562, "y": 1344}]}, "description": "AOC", "doc_line": 14, "line": 14, "page": 0}, {"boundingPoly": {"vertices": [{"x": 645, "y": 1302}, {"x": 828, "y": 1302}, {"x": 828, "y": 1344}, {"x": 645, "y": 1344}]}, "description": "G2460VQ6", "doc_line": 14, "line": 14, "page": 0}], "confidence": 1.0, "page": 0, "value": "Display, AOC G2460VQ6", "value_raw": "Display, AOC G2460VQ6"}, "quantity": {"boxes": [{"boundingPoly": {"vertices": [{"x": 323, "y": 1302}, {"x": 344, "y": 1302}, {"x": 344, "y": 1344}, {"x": 323, "y": 1344}]}, "description": "2", "doc_line": 14, "line": 14, "page": 0}], "confidence": 1.0, "page": 0, "value": "2", "value_raw": "2"}, "unit-price": {"boxes": [{"boundingPoly": {"vertices": [{"x": 1606, "y": 1302}, {"x": 1721, "y": 1302}, {"x": 1721, "y": 1344}, {"x": 1606, "y": 1344}]}, "description": "130.00", "doc_line": 14, "line": 14, "page": 0}], "confidence": 1.0, "page": 0, "value": "130.00", "value_raw": "130.00"}}, {"description": {"boxes": [{"boundingPoly": {"vertices": [{"x": 422, "y": 1357}, {"x": 506, "y": 1357}, {"x": 506, "y": 1398}, {"x": 422, "y": 1398}]}, "description": "GPU,", "doc_line": 15, "line": 15, "page": 0}, {"boundingPoly": {"vertices": [{"x": 516, "y": 1357}, {"x": 664, "y": 1357}, {"x": 664, "y": 1398}, {"x": 516, "y": 1398}]}, "description": "Sapphire", "doc_line": 15, "line": 15, "page": 0}, {"boundingPoly": {"vertices": [{"x": 673, "y": 1357}, {"x": 802, "y": 1357}, {"x": 802, "y": 1398}, {"x": 673, "y": 1398}]}, "description": "Radeon", "doc_line": 15, "line": 15, "page": 0}, {"boundingPoly": {"vertices": [{"x": 811, "y": 1357}, {"x": 855, "y": 1357}, {"x": 855, "y": 1398}, {"x": 811, "y": 1398}]}, "description": "RX", "doc_line": 15, "line": 15, "page": 0}, {"boundingPoly": {"vertices": [{"x": 864, "y": 1357}, {"x": 928, "y": 1357}, {"x": 928, "y": 1398}, {"x": 864, "y": 1398}]}, "description": "550", "doc_line": 15, "line": 15, "page": 0}, {"boundingPoly": {"vertices": [{"x": 937, "y": 1357}, {"x": 1027, "y": 1357}, {"x": 1027, "y": 1398}, {"x": 937, "y": 1398}]}, "description": "Pulse", "doc_line": 15, "line": 15, "page": 0}], "confidence": 1.0, "page": 0, "value": "GPU, Sapphire Radeon RX 550 Pulse", "value_raw": "GPU, Sapphire Radeon RX 550 Pulse"}, "quantity": {"boxes": [{"boundingPoly": {"vertices": [{"x": 323, "y": 1357}, {"x": 344, "y": 1357}, {"x": 344, "y": 1398}, {"x": 323, "y": 1398}]}, "description": "3", "doc_line": 15, "line": 15, "page": 0}], "confidence": 1.0, "page": 0, "value": "3", "value_raw": "3"}, "unit-price": {"boxes": [{"boundingPoly": {"vertices": [{"x": 1606, "y": 1357}, {"x": 1721, "y": 1357}, {"x": 1721, "y": 1398}, {"x": 1606, "y": 1398}]}, "description": "116.00", "doc_line": 15, "line": 15, "page": 0}], "confidence": 1.0, "page": 0, "value": "116.00", "value_raw": "116.00"}}, {"description": {"boxes": [{"boundingPoly": {"vertices": [{"x": 422, "y": 1411}, {"x": 495, "y": 1411}, {"x": 495, "y": 1453}, {"x": 422, "y": 1453}]}, "description": "SSD,", "doc_line": 16, "line": 16, "page": 0}, {"boundingPoly": {"vertices": [{"x": 505, "y": 1411}, {"x": 671, "y": 1411}, {"x": 671, "y": 1453}, {"x": 505, "y": 1453}]}, "description": "Kingstone", "doc_line": 16, "line": 16, "page": 0}, {"boundingPoly": {"vertices": [{"x": 681, "y": 1411}, {"x": 799, "y": 1411}, {"x": 799, "y": 1453}, {"x": 681, "y": 1453}]}, "description": "A2000,", "doc_line": 16, "line": 16, "page": 0}, {"boundingPoly": {"vertices": [{"x": 809, "y": 1411}, {"x": 921, "y": 1411}, {"x": 921, "y": 1453}, {"x": 809, "y": 1453}]}, "description": "500GB", "doc_line": 16, "line": 16, "page": 0}], "confidence": 1.0, "page": 0, "value": "SSD, Kingstone A2000, 500GB", "value_raw": "SSD, Kingstone A2000, 500GB"}, "quantity": {"boxes": [{"boundingPoly": {"vertices": [{"x": 323, "y": 1411}, {"x": 344, "y": 1411}, {"x": 344, "y": 1453}, {"x": 323, "y": 1453}]}, "description": "1", "doc_line": 16, "line": 16, "page": 0}], "confidence": 1.0, "page": 0, "value": "1", "value_raw": "1"}, "unit-price": {"boxes": [{"boundingPoly": {"vertices": [{"x": 1627, "y": 1411}, {"x": 1721, "y": 1411}, {"x": 1721, "y": 1453}, {"x": 1627, "y": 1453}]}, "description": "70.00", "doc_line": 16, "line": 16, "page": 0}], "confidence": 1.0, "page": 0, "value": "70.00", "value_raw": "70.00"}}, {"description": {"boxes": [{"boundingPoly": {"vertices": [{"x": 422, "y": 1466}, {"x": 502, "y": 1466}, {"x": 502, "y": 1507}, {"x": 422, "y": 1507}]}, "description": "CPU,", "doc_line": 17, "line": 17, "page": 0}, {"boundingPoly": {"vertices": [{"x": 512, "y": 1466}, {"x": 596, "y": 1466}, {"x": 596, "y": 1507}, {"x": 512, "y": 1507}]}, "description": "AMD", "doc_line": 17, "line": 17, "page": 0}, {"boundingPoly": {"vertices": [{"x": 606, "y": 1466}, {"x": 706, "y": 1466}, {"x": 706, "y": 1507}, {"x": 606, "y": 1507}]}, "description": "Ryzen", "doc_line": 17, "line": 17, "page": 0}, {"boundingPoly": {"vertices": [{"x": 715, "y": 1466}, {"x": 736, "y": 1466}, {"x": 736, "y": 1507}, {"x": 715, "y": 1507}]}, "description": "5", "doc_line": 17, "line": 17, "page": 0}, {"boundingPoly": {"vertices": [{"x": 746, "y": 1466}, {"x": 852, "y": 1466}, {"x": 852, "y": 1507}, {"x": 746, "y": 1507}]}, "description": "5600X", "doc_line": 17, "line": 17, "page": 0}], "confidence": 1.0, "page": 0, "value": "CPU, AMD Ryzen 5 5600X", "value_raw": "CPU, AMD Ryzen 5 5600X"}, "quantity": {"boxes": [{"boundingPoly": {"vertices": [{"x": 313, "y": 1466}, {"x": 355, "y": 1466}, {"x": 355, "y": 1507}, {"x": 313, "y": 1507}]}, "description": "10", "doc_line": 17, "line": 17, "page": 0}], "confidence": 1.0, "page": 0, "value": "10", "value_raw": "10"}, "unit-price": {"boxes": [{"boundingPoly": {"vertices": [{"x": 1606, "y": 1466}, {"x": 1721, "y": 1466}, {"x": 1721, "y": 1507}, {"x": 1606, "y": 1507}]}, "description": "356.00", "doc_line": 17, "line": 17, "page": 0}], "confidence": 1.0, "page": 0, "value": "356.00", "value_raw": "356.00"}}, {"description": {"boxes": [{"boundingPoly": {"vertices": [{"x": 422, "y": 1520}, {"x": 495, "y": 1520}, {"x": 495, "y": 1562}, {"x": 422, "y": 1562}]}, "description": "SSD,", "doc_line": 18, "line": 18, "page": 0}, {"boundingPoly": {"vertices": [{"x": 505, "y": 1520}, {"x": 671, "y": 1520}, {"x": 671, "y": 1562}, {"x": 505, "y": 1562}]}, "description": "Kingstone", "doc_line": 18, "line": 18, "page": 0}, {"boundingPoly": {"vertices": [{"x": 681, "y": 1520}, {"x": 799, "y": 1520}, {"x": 799, "y": 1562}, {"x": 681, "y": 1562}]}, "description": "A2000,", "doc_line": 18, "line": 18, "page": 0}, {"boundingPoly": {"vertices": [{"x": 809, "y": 1520}, {"x": 921, "y": 1520}, {"x": 921, "y": 1562}, {"x": 809, "y": 1562}]}, "description": "500GB", "doc_line": 18, "line": 18, "page": 0}], "confidence": 1.0, "page": 0, "value": "SSD, Kingstone A2000, 500GB", "value_raw": "SSD, Kingstone A2000, 500GB"}, "quantity": {"boxes": [{"boundingPoly": {"vertices": [{"x": 323, "y": 1520}, {"x": 344, "y": 1520}, {"x": 344, "y": 1562}, {"x": 323, "y": 1562}]}, "description": "1", "doc_line": 18, "line": 18, "page": 0}], "confidence": 1.0, "page": 0, "value": "1", "value_raw": "1"}, "unit-price": {"boxes": [{"boundingPoly": {"vertices": [{"x": 1627, "y": 1520}, {"x": 1721, "y": 1520}, {"x": 1721, "y": 1562}, {"x": 1627, "y": 1562}]}, "description": "70.00", "doc_line": 18, "line": 18, "page": 0}], "confidence": 1.0, "page": 0, "value": "70.00", "value_raw": "70.00"}}, {"description": {"boxes": [{"boundingPoly": {"vertices": [{"x": 422, "y": 1575}, {"x": 506, "y": 1575}, {"x": 506, "y": 1616}, {"x": 422, "y": 1616}]}, "description": "GPU,", "doc_line": 19, "line": 19, "page": 0}, {"boundingPoly": {"vertices": [{"x": 516, "y": 1575}, {"x": 584, "y": 1575}, {"x": 584, "y": 1616}, {"x": 516, "y": 1616}]}, "description": "PNY", "doc_line": 19, "line": 19, "page": 0}, {"boundingPoly": {"vertices": [{"x": 593, "y": 1575}, {"x": 699, "y": 1575}, {"x": 699, "y": 1616}, {"x": 593, "y": 1616}]}, "description": "nVidia", "doc_line": 19, "line": 19, "page": 0}, {"boundingPoly": {"vertices": [{"x": 708, "y": 1575}, {"x": 835, "y": 1575}, {"x": 835, "y": 1616}, {"x": 708, "y": 1616}]}, "description": "Quadro", "doc_line": 19, "line": 19, "page": 0}, {"boundingPoly": {"vertices": [{"x": 845, "y": 1575}, {"x": 909, "y": 1575}, {"x": 909, "y": 1616}, {"x": 845, "y": 1616}]}, "description": "RTX", "doc_line": 19, "line": 19, "page": 0}, {"boundingPoly": {"vertices": [{"x": 919, "y": 1575}, {"x": 1003, "y": 1575}, {"x": 1003, "y": 1616}, {"x": 919, "y": 1616}]}, "description": "6000", "doc_line": 19, "line": 19, "page": 0}], "confidence": 1.0, "page": 0, "value": "GPU, PNY nVidia Quadro RTX 6000", "value_raw": "GPU, PNY nVidia Quadro RTX 6000"}, "quantity": {"boxes": [{"boundingPoly": {"vertices": [{"x": 323, "y": 1575}, {"x": 344, "y": 1575}, {"x": 344, "y": 1616}, {"x": 323, "y": 1616}]}, "description": "3", "doc_line": 19, "line": 19, "page": 0}], "confidence": 1.0, "page": 0, "value": "3", "value_raw": "3"}, "unit-price": {"boxes": [{"boundingPoly": {"vertices": [{"x": 1584, "y": 1575}, {"x": 1721, "y": 1575}, {"x": 1721, "y": 1616}, {"x": 1584, "y": 1616}]}, "description": "5960.00", "doc_line": 19, "line": 19, "page": 0}], "confidence": 1.0, "page": 0, "value": "5960.00", "value_raw": "5960.00"}}, {"description": {"boxes": [{"boundingPoly": {"vertices": [{"x": 422, "y": 1629}, {"x": 593, "y": 1629}, {"x": 593, "y": 1671}, {"x": 422, "y": 1671}]}, "description": "Keyboard,", "doc_line": 20, "line": 20, "page": 0}, {"boundingPoly": {"vertices": [{"x": 602, "y": 1629}, {"x": 696, "y": 1629}, {"x": 696, "y": 1671}, {"x": 602, "y": 1671}]}, "description": "Razer", "doc_line": 20, "line": 20, "page": 0}, {"boundingPoly": {"vertices": [{"x": 705, "y": 1629}, {"x": 822, "y": 1629}, {"x": 822, "y": 1671}, {"x": 705, "y": 1671}]}, "description": "Ornata", "doc_line": 20, "line": 20, "page": 0}, {"boundingPoly": {"vertices": [{"x": 832, "y": 1629}, {"x": 876, "y": 1629}, {"x": 876, "y": 1671}, {"x": 832, "y": 1671}]}, "description": "V2", "doc_line": 20, "line": 20, "page": 0}], "confidence": 1.0, "page": 0, "value": "Keyboard, Razer Ornata V2", "value_raw": "Keyboard, Razer Ornata V2"}, "quantity": {"boxes": [{"boundingPoly": {"vertices": [{"x": 323, "y": 1629}, {"x": 344, "y": 1629}, {"x": 344, "y": 1671}, {"x": 323, "y": 1671}]}, "description": "2", "doc_line": 20, "line": 20, "page": 0}], "confidence": 1.0, "page": 0, "value": "2", "value_raw": "2"}, "unit-price": {"boxes": [{"boundingPoly": {"vertices": [{"x": 1627, "y": 1629}, {"x": 1721, "y": 1629}, {"x": 1721, "y": 1671}, {"x": 1627, "y": 1671}]}, "description": "76.00", "doc_line": 20, "line": 20, "page": 0}], "confidence": 1.0, "page": 0, "value": "76.00", "value_raw": "76.00"}}, {"description": {"boxes": [{"boundingPoly": {"vertices": [{"x": 422, "y": 1684}, {"x": 548, "y": 1684}, {"x": 548, "y": 1725}, {"x": 422, "y": 1725}]}, "description": "Mouse,", "doc_line": 21, "line": 21, "page": 0}, {"boundingPoly": {"vertices": [{"x": 558, "y": 1684}, {"x": 651, "y": 1684}, {"x": 651, "y": 1725}, {"x": 558, "y": 1725}]}, "description": "Razer", "doc_line": 21, "line": 21, "page": 0}, {"boundingPoly": {"vertices": [{"x": 661, "y": 1684}, {"x": 864, "y": 1684}, {"x": 864, "y": 1725}, {"x": 661, "y": 1725}]}, "description": "DeathAdder", "doc_line": 21, "line": 21, "page": 0}, {"boundingPoly": {"vertices": [{"x": 874, "y": 1684}, {"x": 1021, "y": 1684}, {"x": 1021, "y": 1725}, {"x": 874, "y": 1725}]}, "description": "Essential", "doc_line": 21, "line": 21, "page": 0}], "confidence": 1.0, "page": 0, "value": "Mouse, Razer DeathAdder Essential", "value_raw": "Mouse, Razer DeathAdder Essential"}, "quantity": {"boxes": [{"boundingPoly": {"vertices": [{"x": 323, "y": 1684}, {"x": 344, "y": 1684}, {"x": 344, "y": 1725}, {"x": 323, "y": 1725}]}, "description": "3", "doc_line": 21, "line": 21, "page": 0}], "confidence": 1.0, "page": 0, "value": "3", "value_raw": "3"}, "unit-price": {"boxes": [{"boundingPoly": {"vertices": [{"x": 1627, "y": 1684}, {"x": 1721, "y": 1684}, {"x": 1721, "y": 1725}, {"x": 1627, "y": 1725}]}, "description": "24.00", "doc_line": 21, "line": 21, "page": 0}], "confidence": 1.0, "page": 0, "value": "24.00", "value_raw": "24.00"}}, {"description": {"boxes": [{"boundingPoly": {"vertices": [{"x": 422, "y": 1738}, {"x": 502, "y": 1738}, {"x": 502, "y": 1780}, {"x": 422, "y": 1780}]}, "description": "CPU,", "doc_line": 22, "line": 22, "page": 0}, {"boundingPoly": {"vertices": [{"x": 512, "y": 1738}, {"x": 588, "y": 1738}, {"x": 588, "y": 1780}, {"x": 512, "y": 1780}]}, "description": "Intel", "doc_line": 22, "line": 22, "page": 0}, {"boundingPoly": {"vertices": [{"x": 597, "y": 1738}, {"x": 728, "y": 1738}, {"x": 728, "y": 1780}, {"x": 597, "y": 1780}]}, "description": "Celeron", "doc_line": 22, "line": 22, "page": 0}, {"boundingPoly": {"vertices": [{"x": 737, "y": 1738}, {"x": 819, "y": 1738}, {"x": 819, "y": 1780}, {"x": 737, "y": 1780}]}, "description": "Kaby", "doc_line": 22, "line": 22, "page": 0}, {"boundingPoly": {"vertices": [{"x": 829, "y": 1738}, {"x": 906, "y": 1738}, {"x": 906, "y": 1780}, {"x": 829, "y": 1780}]}, "description": "Lake", "doc_line": 22, "line": 22, "page": 0}, {"boundingPoly": {"vertices": [{"x": 915, "y": 1738}, {"x": 1026, "y": 1738}, {"x": 1026, "y": 1780}, {"x": 915, "y": 1780}]}, "description": "G3930", "doc_line": 22, "line": 22, "page": 0}], "confidence": 1.0, "page": 0, "value": "CPU, Intel Celeron Kaby Lake G3930", "value_raw": "CPU, Intel Celeron Kaby Lake G3930"}, "quantity": {"boxes": [{"boundingPoly": {"vertices": [{"x": 313, "y": 1738}, {"x": 355, "y": 1738}, {"x": 355, "y": 1780}, {"x": 313, "y": 1780}]}, "description": "10", "doc_line": 22, "line": 22, "page": 0}], "confidence": 1.0, "page": 0, "value": "10", "value_raw": "10"}, "unit-price": {"boxes": [{"boundingPoly": {"vertices": [{"x": 1606, "y": 1738}, {"x": 1721, "y": 1738}, {"x": 1721, "y": 1780}, {"x": 1606, "y": 1780}]}, "description": "262.00", "doc_line": 22, "line": 22, "page": 0}], "confidence": 1.0, "page": 0, "value": "262.00", "value_raw": "262.00"}}], "name": {"boxes": [{"boundingPoly": {"vertices": [{"x": 838, "y": 332}, {"x": 312, "y": 340}, {"x": 310, "y": 231}, {"x": 836, "y": 222}]}, "description": "elloLDS", "doc_line": 0, "line": 0, "page": 0}, {"boundingPoly": {"vertices": [{"x": 260, "y": 475}, {"x": 447, "y": 475}, {"x": 447, "y": 542}, {"x": 260, "y": 542}]}, "description": "Scrolla", "doc_line": 3, "line": 3, "page": 0}, {"boundingPoly": {"vertices": [{"x": 462, "y": 475}, {"x": 766, "y": 475}, {"x": 766, "y": 542}, {"x": 462, "y": 542}]}, "description": "Electronics", "doc_line": 3, "line": 3, "page": 0}, {"boundingPoly": {"vertices": [{"x": 782, "y": 475}, {"x": 882, "y": 475}, {"x": 882, "y": 542}, {"x": 782, "y": 542}]}, "description": "Inc.", "doc_line": 3, "line": 3, "page": 0}], "confidence": 1.0, "page": 0, "value": "elloLDS Scrolla Electronics Inc.", "value_raw": "elloLDS Scrolla Electronics Inc."}, "page_size": [[2295, 2970]], "tax": {"boxes": [{"boundingPoly": {"vertices": [{"x": 1831, "y": 2119}, {"x": 1968, "y": 2119}, {"x": 1968, "y": 2161}, {"x": 1831, "y": 2161}]}, "description": "2608.20", "doc_line": 24, "line": 24, "page": 0}], "confidence": 1.0, "page": 0, "value": "2608.20", "value_raw": "2608.20"}, "total": {"boxes": [{"boundingPoly": {"vertices": [{"x": 1778, "y": 2194}, {"x": 1968, "y": 2194}, {"x": 1968, "y": 2235}, {"x": 1778, "y": 2235}]}, "description": "$28,690.20", "doc_line": 25, "line": 25, "page": 0}], "confidence": 1.0, "page": 0, "value": "28690.20", "value_raw": "$28,690.20"}}, "page_count": 1, "pages": [{"boxes": [[{"boundingPoly": {"vertices": [{"x": 838, "y": 332}, {"x": 312, "y": 340}, {"x": 310, "y": 231}, {"x": 836, "y": 222}]}, "description": "elloLDS", "line": 0}], [{"boundingPoly": {"vertices": [{"x": 1461, "y": 241}, {"x": 1774, "y": 241}, {"x": 1774, "y": 346}, {"x": 1461, "y": 346}]}, "confidence": 1.0, "description": "Invoice", "line": 1}], [{"boundingPoly": {"vertices": [{"x": 1263, "y": 431}, {"x": 1356, "y": 431}, {"x": 1356, "y": 472}, {"x": 1263, "y": 472}]}, "confidence": 1.0, "description": "Date:", "line": 2}, {"boundingPoly": {"vertices": [{"x": 1515, "y": 431}, {"x": 1716, "y": 431}, {"x": 1716, "y": 472}, {"x": 1515, "y": 472}]}, "confidence": 1.0, "description": "01/06/2021", "line": 2}], [{"boundingPoly": {"vertices": [{"x": 260, "y": 475}, {"x": 447, "y": 475}, {"x": 447, "y": 542}, {"x": 260, "y": 542}]}, "confidence": 1.0, "description": "Scrolla", "line": 3}, {"boundingPoly": {"vertices": [{"x": 462, "y": 475}, {"x": 766, "y": 475}, {"x": 766, "y": 542}, {"x": 462, "y": 542}]}, "confidence": 1.0, "description": "Electronics", "line": 3}, {"boundingPoly": {"vertices": [{"x": 782, "y": 475}, {"x": 882, "y": 475}, {"x": 882, "y": 542}, {"x": 782, "y": 542}]}, "confidence": 1.0, "description": "Inc.", "line": 3}, {"boundingPoly": {"vertices": [{"x": 1263, "y": 486}, {"x": 1387, "y": 486}, {"x": 1387, "y": 527}, {"x": 1263, "y": 527}]}, "confidence": 1.0, "description": "Invoice", "line": 3}, {"boundingPoly": {"vertices": [{"x": 1396, "y": 486}, {"x": 1429, "y": 486}, {"x": 1429, "y": 527}, {"x": 1396, "y": 527}]}, "confidence": 1.0, "description": "#:", "line": 3}, {"boundingPoly": {"vertices": [{"x": 1515, "y": 486}, {"x": 1684, "y": 486}, {"x": 1684, "y": 527}, {"x": 1515, "y": 527}]}, "confidence": 1.0, "description": "SCR00003", "line": 3}], [{"boundingPoly": {"vertices": [{"x": 1263, "y": 540}, {"x": 1430, "y": 540}, {"x": 1430, "y": 581}, {"x": 1263, "y": 581}]}, "confidence": 1.0, "description": "Customer", "line": 4}, {"boundingPoly": {"vertices": [{"x": 1439, "y": 540}, {"x": 1488, "y": 540}, {"x": 1488, "y": 581}, {"x": 1439, "y": 581}]}, "confidence": 1.0, "description": "ID:", "line": 4}, {"boundingPoly": {"vertices": [{"x": 1515, "y": 540}, {"x": 1657, "y": 540}, {"x": 1657, "y": 581}, {"x": 1515, "y": 581}]}, "confidence": 1.0, "description": "CID0055", "line": 4}], [{"boundingPoly": {"vertices": [{"x": 257, "y": 649}, {"x": 317, "y": 649}, {"x": 317, "y": 690}, {"x": 257, "y": 690}]}, "confidence": 1.0, "description": "TO:", "line": 5}], [{"boundingPoly": {"vertices": [{"x": 257, "y": 703}, {"x": 369, "y": 703}, {"x": 369, "y": 745}, {"x": 257, "y": 745}]}, "confidence": 1.0, "description": "Karrah", "line": 6}, {"boundingPoly": {"vertices": [{"x": 378, "y": 703}, {"x": 511, "y": 703}, {"x": 511, "y": 745}, {"x": 378, "y": 745}]}, "confidence": 1.0, "description": "Preneta", "line": 6}], [{"boundingPoly": {"vertices": [{"x": 257, "y": 758}, {"x": 379, "y": 758}, {"x": 379, "y": 799}, {"x": 257, "y": 799}]}, "confidence": 1.0, "description": "Mante,", "line": 7}, {"boundingPoly": {"vertices": [{"x": 388, "y": 758}, {"x": 479, "y": 758}, {"x": 479, "y": 799}, {"x": 388, "y": 799}]}, "confidence": 1.0, "description": "Feest", "line": 7}, {"boundingPoly": {"vertices": [{"x": 488, "y": 758}, {"x": 551, "y": 758}, {"x": 551, "y": 799}, {"x": 488, "y": 799}]}, "confidence": 1.0, "description": "and", "line": 7}, {"boundingPoly": {"vertices": [{"x": 561, "y": 758}, {"x": 737, "y": 758}, {"x": 737, "y": 799}, {"x": 561, "y": 799}]}, "confidence": 1.0, "description": "Cummings", "line": 7}], [{"boundingPoly": {"vertices": [{"x": 257, "y": 812}, {"x": 320, "y": 812}, {"x": 320, "y": 854}, {"x": 257, "y": 854}]}, "confidence": 1.0, "description": "361", "line": 8}, {"boundingPoly": {"vertices": [{"x": 330, "y": 812}, {"x": 455, "y": 812}, {"x": 455, "y": 854}, {"x": 330, "y": 854}]}, "confidence": 1.0, "description": "Milford", "line": 8}, {"boundingPoly": {"vertices": [{"x": 464, "y": 812}, {"x": 540, "y": 812}, {"x": 540, "y": 854}, {"x": 464, "y": 854}]}, "confidence": 1.0, "description": "Inlet", "line": 8}, {"boundingPoly": {"vertices": [{"x": 550, "y": 812}, {"x": 634, "y": 812}, {"x": 634, "y": 854}, {"x": 550, "y": 854}]}, "confidence": 1.0, "description": "Suite", "line": 8}, {"boundingPoly": {"vertices": [{"x": 644, "y": 812}, {"x": 707, "y": 812}, {"x": 707, "y": 854}, {"x": 644, "y": 854}]}, "confidence": 1.0, "description": "408", "line": 8}], [{"boundingPoly": {"vertices": [{"x": 257, "y": 867}, {"x": 356, "y": 867}, {"x": 356, "y": 908}, {"x": 257, "y": 908}]}, "confidence": 1.0, "description": "North", "line": 9}, {"boundingPoly": {"vertices": [{"x": 365, "y": 867}, {"x": 574, "y": 867}, {"x": 574, "y": 908}, {"x": 365, "y": 908}]}, "confidence": 1.0, "description": "Ceceliaview,", "line": 9}, {"boundingPoly": {"vertices": [{"x": 583, "y": 867}, {"x": 720, "y": 867}, {"x": 720, "y": 908}, {"x": 583, "y": 908}]}, "confidence": 1.0, "description": "Virginia,", "line": 9}, {"boundingPoly": {"vertices": [{"x": 730, "y": 867}, {"x": 835, "y": 867}, {"x": 835, "y": 908}, {"x": 730, "y": 908}]}, "confidence": 1.0, "description": "76663", "line": 9}], [{"boundingPoly": {"vertices": [{"x": 257, "y": 921}, {"x": 345, "y": 921}, {"x": 345, "y": 963}, {"x": 257, "y": 963}]}, "confidence": 1.0, "description": "(346)", "line": 10}, {"boundingPoly": {"vertices": [{"x": 355, "y": 921}, {"x": 515, "y": 921}, {"x": 515, "y": 963}, {"x": 355, "y": 963}]}, "confidence": 1.0, "description": "631-4146", "line": 10}, {"boundingPoly": {"vertices": [{"x": 525, "y": 921}, {"x": 606, "y": 921}, {"x": 606, "y": 963}, {"x": 525, "y": 963}]}, "confidence": 1.0, "description": "x046", "line": 10}], [{"boundingPoly": {"vertices": [{"x": 297, "y": 1139}, {"x": 371, "y": 1139}, {"x": 371, "y": 1181}, {"x": 297, "y": 1181}]}, "confidence": 1.0, "description": "Qty.", "line": 11}, {"boundingPoly": {"vertices": [{"x": 864, "y": 1139}, {"x": 1061, "y": 1139}, {"x": 1061, "y": 1181}, {"x": 864, "y": 1181}]}, "confidence": 1.0, "description": "Description", "line": 11}, {"boundingPoly": {"vertices": [{"x": 1536, "y": 1139}, {"x": 1609, "y": 1139}, {"x": 1609, "y": 1181}, {"x": 1536, "y": 1181}]}, "confidence": 1.0, "description": "Unit", "line": 11}, {"boundingPoly": {"vertices": [{"x": 1619, "y": 1139}, {"x": 1704, "y": 1139}, {"x": 1704, "y": 1181}, {"x": 1619, "y": 1181}]}, "confidence": 1.0, "description": "Price", "line": 11}, {"boundingPoly": {"vertices": [{"x": 1770, "y": 1139}, {"x": 1841, "y": 1139}, {"x": 1841, "y": 1181}, {"x": 1770, "y": 1181}]}, "confidence": 1.0, "description": "Line", "line": 11}, {"boundingPoly": {"vertices": [{"x": 1850, "y": 1139}, {"x": 1937, "y": 1139}, {"x": 1937, "y": 1181}, {"x": 1850, "y": 1181}]}, "confidence": 1.0, "description": "Total", "line": 11}], [{"boundingPoly": {"vertices": [{"x": 323, "y": 1194}, {"x": 344, "y": 1194}, {"x": 344, "y": 1235}, {"x": 323, "y": 1235}]}, "confidence": 1.0, "description": "3", "line": 12}, {"boundingPoly": {"vertices": [{"x": 422, "y": 1194}, {"x": 553, "y": 1194}, {"x": 553, "y": 1235}, {"x": 422, "y": 1235}]}, "confidence": 1.0, "description": "Display,", "line": 12}, {"boundingPoly": {"vertices": [{"x": 562, "y": 1194}, {"x": 636, "y": 1194}, {"x": 636, "y": 1235}, {"x": 562, "y": 1235}]}, "confidence": 1.0, "description": "AOC", "line": 12}, {"boundingPoly": {"vertices": [{"x": 645, "y": 1194}, {"x": 828, "y": 1194}, {"x": 828, "y": 1235}, {"x": 645, "y": 1235}]}, "confidence": 1.0, "description": "G2460VQ6", "line": 12}, {"boundingPoly": {"vertices": [{"x": 1606, "y": 1194}, {"x": 1721, "y": 1194}, {"x": 1721, "y": 1235}, {"x": 1606, "y": 1235}]}, "confidence": 1.0, "description": "130.00", "line": 12}, {"boundingPoly": {"vertices": [{"x": 1852, "y": 1194}, {"x": 1968, "y": 1194}, {"x": 1968, "y": 1235}, {"x": 1852, "y": 1235}]}, "confidence": 1.0, "description": "390.00", "line": 12}], [{"boundingPoly": {"vertices": [{"x": 313, "y": 1248}, {"x": 355, "y": 1248}, {"x": 355, "y": 1289}, {"x": 313, "y": 1289}]}, "confidence": 1.0, "description": "15", "line": 13}, {"boundingPoly": {"vertices": [{"x": 422, "y": 1248}, {"x": 506, "y": 1248}, {"x": 506, "y": 1289}, {"x": 422, "y": 1289}]}, "confidence": 1.0, "description": "GPU,", "line": 13}, {"boundingPoly": {"vertices": [{"x": 516, "y": 1248}, {"x": 665, "y": 1248}, {"x": 665, "y": 1289}, {"x": 516, "y": 1289}]}, "confidence": 1.0, "description": "Gigabyte", "line": 13}, {"boundingPoly": {"vertices": [{"x": 675, "y": 1248}, {"x": 815, "y": 1248}, {"x": 815, "y": 1289}, {"x": 675, "y": 1289}]}, "confidence": 1.0, "description": "GeForce", "line": 13}, {"boundingPoly": {"vertices": [{"x": 825, "y": 1248}, {"x": 871, "y": 1248}, {"x": 871, "y": 1289}, {"x": 825, "y": 1289}]}, "confidence": 1.0, "description": "GT", "line": 13}, {"boundingPoly": {"vertices": [{"x": 880, "y": 1248}, {"x": 944, "y": 1248}, {"x": 944, "y": 1289}, {"x": 880, "y": 1289}]}, "confidence": 1.0, "description": "210", "line": 13}, {"boundingPoly": {"vertices": [{"x": 1627, "y": 1248}, {"x": 1721, "y": 1248}, {"x": 1721, "y": 1289}, {"x": 1627, "y": 1289}]}, "confidence": 1.0, "description": "44.00", "line": 13}, {"boundingPoly": {"vertices": [{"x": 1852, "y": 1248}, {"x": 1968, "y": 1248}, {"x": 1968, "y": 1289}, {"x": 1852, "y": 1289}]}, "confidence": 1.0, "description": "660.00", "line": 13}], [{"boundingPoly": {"vertices": [{"x": 323, "y": 1302}, {"x": 344, "y": 1302}, {"x": 344, "y": 1344}, {"x": 323, "y": 1344}]}, "confidence": 1.0, "description": "2", "line": 14}, {"boundingPoly": {"vertices": [{"x": 422, "y": 1302}, {"x": 553, "y": 1302}, {"x": 553, "y": 1344}, {"x": 422, "y": 1344}]}, "confidence": 1.0, "description": "Display,", "line": 14}, {"boundingPoly": {"vertices": [{"x": 562, "y": 1302}, {"x": 636, "y": 1302}, {"x": 636, "y": 1344}, {"x": 562, "y": 1344}]}, "confidence": 1.0, "description": "AOC", "line": 14}, {"boundingPoly": {"vertices": [{"x": 645, "y": 1302}, {"x": 828, "y": 1302}, {"x": 828, "y": 1344}, {"x": 645, "y": 1344}]}, "confidence": 1.0, "description": "G2460VQ6", "line": 14}, {"boundingPoly": {"vertices": [{"x": 1606, "y": 1302}, {"x": 1721, "y": 1302}, {"x": 1721, "y": 1344}, {"x": 1606, "y": 1344}]}, "confidence": 1.0, "description": "130.00", "line": 14}, {"boundingPoly": {"vertices": [{"x": 1852, "y": 1302}, {"x": 1968, "y": 1302}, {"x": 1968, "y": 1344}, {"x": 1852, "y": 1344}]}, "confidence": 1.0, "description": "260.00", "line": 14}], [{"boundingPoly": {"vertices": [{"x": 323, "y": 1357}, {"x": 344, "y": 1357}, {"x": 344, "y": 1398}, {"x": 323, "y": 1398}]}, "confidence": 1.0, "description": "3", "line": 15}, {"boundingPoly": {"vertices": [{"x": 422, "y": 1357}, {"x": 506, "y": 1357}, {"x": 506, "y": 1398}, {"x": 422, "y": 1398}]}, "confidence": 1.0, "description": "GPU,", "line": 15}, {"boundingPoly": {"vertices": [{"x": 516, "y": 1357}, {"x": 664, "y": 1357}, {"x": 664, "y": 1398}, {"x": 516, "y": 1398}]}, "confidence": 1.0, "description": "Sapphire", "line": 15}, {"boundingPoly": {"vertices": [{"x": 673, "y": 1357}, {"x": 802, "y": 1357}, {"x": 802, "y": 1398}, {"x": 673, "y": 1398}]}, "confidence": 1.0, "description": "Radeon", "line": 15}, {"boundingPoly": {"vertices": [{"x": 811, "y": 1357}, {"x": 855, "y": 1357}, {"x": 855, "y": 1398}, {"x": 811, "y": 1398}]}, "confidence": 1.0, "description": "RX", "line": 15}, {"boundingPoly": {"vertices": [{"x": 864, "y": 1357}, {"x": 928, "y": 1357}, {"x": 928, "y": 1398}, {"x": 864, "y": 1398}]}, "confidence": 1.0, "description": "550", "line": 15}, {"boundingPoly": {"vertices": [{"x": 937, "y": 1357}, {"x": 1027, "y": 1357}, {"x": 1027, "y": 1398}, {"x": 937, "y": 1398}]}, "confidence": 1.0, "description": "Pulse", "line": 15}, {"boundingPoly": {"vertices": [{"x": 1606, "y": 1357}, {"x": 1721, "y": 1357}, {"x": 1721, "y": 1398}, {"x": 1606, "y": 1398}]}, "confidence": 1.0, "description": "116.00", "line": 15}, {"boundingPoly": {"vertices": [{"x": 1852, "y": 1357}, {"x": 1968, "y": 1357}, {"x": 1968, "y": 1398}, {"x": 1852, "y": 1398}]}, "confidence": 1.0, "description": "348.00", "line": 15}], [{"boundingPoly": {"vertices": [{"x": 323, "y": 1411}, {"x": 344, "y": 1411}, {"x": 344, "y": 1453}, {"x": 323, "y": 1453}]}, "confidence": 1.0, "description": "1", "line": 16}, {"boundingPoly": {"vertices": [{"x": 422, "y": 1411}, {"x": 495, "y": 1411}, {"x": 495, "y": 1453}, {"x": 422, "y": 1453}]}, "confidence": 1.0, "description": "SSD,", "line": 16}, {"boundingPoly": {"vertices": [{"x": 505, "y": 1411}, {"x": 671, "y": 1411}, {"x": 671, "y": 1453}, {"x": 505, "y": 1453}]}, "confidence": 1.0, "description": "Kingstone", "line": 16}, {"boundingPoly": {"vertices": [{"x": 681, "y": 1411}, {"x": 799, "y": 1411}, {"x": 799, "y": 1453}, {"x": 681, "y": 1453}]}, "confidence": 1.0, "description": "A2000,", "line": 16}, {"boundingPoly": {"vertices": [{"x": 809, "y": 1411}, {"x": 921, "y": 1411}, {"x": 921, "y": 1453}, {"x": 809, "y": 1453}]}, "confidence": 1.0, "description": "500GB", "line": 16}, {"boundingPoly": {"vertices": [{"x": 1627, "y": 1411}, {"x": 1721, "y": 1411}, {"x": 1721, "y": 1453}, {"x": 1627, "y": 1453}]}, "confidence": 1.0, "description": "70.00", "line": 16}, {"boundingPoly": {"vertices": [{"x": 1873, "y": 1411}, {"x": 1968, "y": 1411}, {"x": 1968, "y": 1453}, {"x": 1873, "y": 1453}]}, "confidence": 1.0, "description": "70.00", "line": 16}], [{"boundingPoly": {"vertices": [{"x": 313, "y": 1466}, {"x": 355, "y": 1466}, {"x": 355, "y": 1507}, {"x": 313, "y": 1507}]}, "confidence": 1.0, "description": "10", "line": 17}, {"boundingPoly": {"vertices": [{"x": 422, "y": 1466}, {"x": 502, "y": 1466}, {"x": 502, "y": 1507}, {"x": 422, "y": 1507}]}, "confidence": 1.0, "description": "CPU,", "line": 17}, {"boundingPoly": {"vertices": [{"x": 512, "y": 1466}, {"x": 596, "y": 1466}, {"x": 596, "y": 1507}, {"x": 512, "y": 1507}]}, "confidence": 1.0, "description": "AMD", "line": 17}, {"boundingPoly": {"vertices": [{"x": 606, "y": 1466}, {"x": 706, "y": 1466}, {"x": 706, "y": 1507}, {"x": 606, "y": 1507}]}, "confidence": 1.0, "description": "Ryzen", "line": 17}, {"boundingPoly": {"vertices": [{"x": 715, "y": 1466}, {"x": 736, "y": 1466}, {"x": 736, "y": 1507}, {"x": 715, "y": 1507}]}, "confidence": 1.0, "description": "5", "line": 17}, {"boundingPoly": {"vertices": [{"x": 746, "y": 1466}, {"x": 852, "y": 1466}, {"x": 852, "y": 1507}, {"x": 746, "y": 1507}]}, "confidence": 1.0, "description": "5600X", "line": 17}, {"boundingPoly": {"vertices": [{"x": 1606, "y": 1466}, {"x": 1721, "y": 1466}, {"x": 1721, "y": 1507}, {"x": 1606, "y": 1507}]}, "confidence": 1.0, "description": "356.00", "line": 17}, {"boundingPoly": {"vertices": [{"x": 1831, "y": 1466}, {"x": 1968, "y": 1466}, {"x": 1968, "y": 1507}, {"x": 1831, "y": 1507}]}, "confidence": 1.0, "description": "3560.00", "line": 17}], [{"boundingPoly": {"vertices": [{"x": 323, "y": 1520}, {"x": 344, "y": 1520}, {"x": 344, "y": 1562}, {"x": 323, "y": 1562}]}, "confidence": 1.0, "description": "1", "line": 18}, {"boundingPoly": {"vertices": [{"x": 422, "y": 1520}, {"x": 495, "y": 1520}, {"x": 495, "y": 1562}, {"x": 422, "y": 1562}]}, "confidence": 1.0, "description": "SSD,", "line": 18}, {"boundingPoly": {"vertices": [{"x": 505, "y": 1520}, {"x": 671, "y": 1520}, {"x": 671, "y": 1562}, {"x": 505, "y": 1562}]}, "confidence": 1.0, "description": "Kingstone", "line": 18}, {"boundingPoly": {"vertices": [{"x": 681, "y": 1520}, {"x": 799, "y": 1520}, {"x": 799, "y": 1562}, {"x": 681, "y": 1562}]}, "confidence": 1.0, "description": "A2000,", "line": 18}, {"boundingPoly": {"vertices": [{"x": 809, "y": 1520}, {"x": 921, "y": 1520}, {"x": 921, "y": 1562}, {"x": 809, "y": 1562}]}, "confidence": 1.0, "description": "500GB", "line": 18}, {"boundingPoly": {"vertices": [{"x": 1627, "y": 1520}, {"x": 1721, "y": 1520}, {"x": 1721, "y": 1562}, {"x": 1627, "y": 1562}]}, "confidence": 1.0, "description": "70.00", "line": 18}, {"boundingPoly": {"vertices": [{"x": 1873, "y": 1520}, {"x": 1968, "y": 1520}, {"x": 1968, "y": 1562}, {"x": 1873, "y": 1562}]}, "confidence": 1.0, "description": "70.00", "line": 18}], [{"boundingPoly": {"vertices": [{"x": 323, "y": 1575}, {"x": 344, "y": 1575}, {"x": 344, "y": 1616}, {"x": 323, "y": 1616}]}, "confidence": 1.0, "description": "3", "line": 19}, {"boundingPoly": {"vertices": [{"x": 422, "y": 1575}, {"x": 506, "y": 1575}, {"x": 506, "y": 1616}, {"x": 422, "y": 1616}]}, "confidence": 1.0, "description": "GPU,", "line": 19}, {"boundingPoly": {"vertices": [{"x": 516, "y": 1575}, {"x": 584, "y": 1575}, {"x": 584, "y": 1616}, {"x": 516, "y": 1616}]}, "confidence": 1.0, "description": "PNY", "line": 19}, {"boundingPoly": {"vertices": [{"x": 593, "y": 1575}, {"x": 699, "y": 1575}, {"x": 699, "y": 1616}, {"x": 593, "y": 1616}]}, "confidence": 1.0, "description": "nVidia", "line": 19}, {"boundingPoly": {"vertices": [{"x": 708, "y": 1575}, {"x": 835, "y": 1575}, {"x": 835, "y": 1616}, {"x": 708, "y": 1616}]}, "confidence": 1.0, "description": "Quadro", "line": 19}, {"boundingPoly": {"vertices": [{"x": 845, "y": 1575}, {"x": 909, "y": 1575}, {"x": 909, "y": 1616}, {"x": 845, "y": 1616}]}, "confidence": 1.0, "description": "RTX", "line": 19}, {"boundingPoly": {"vertices": [{"x": 919, "y": 1575}, {"x": 1003, "y": 1575}, {"x": 1003, "y": 1616}, {"x": 919, "y": 1616}]}, "confidence": 1.0, "description": "6000", "line": 19}, {"boundingPoly": {"vertices": [{"x": 1584, "y": 1575}, {"x": 1721, "y": 1575}, {"x": 1721, "y": 1616}, {"x": 1584, "y": 1616}]}, "confidence": 1.0, "description": "5960.00", "line": 19}, {"boundingPoly": {"vertices": [{"x": 1810, "y": 1575}, {"x": 1968, "y": 1575}, {"x": 1968, "y": 1616}, {"x": 1810, "y": 1616}]}, "confidence": 1.0, "description": "17880.00", "line": 19}], [{"boundingPoly": {"vertices": [{"x": 323, "y": 1629}, {"x": 344, "y": 1629}, {"x": 344, "y": 1671}, {"x": 323, "y": 1671}]}, "confidence": 1.0, "description": "2", "line": 20}, {"boundingPoly": {"vertices": [{"x": 422, "y": 1629}, {"x": 593, "y": 1629}, {"x": 593, "y": 1671}, {"x": 422, "y": 1671}]}, "confidence": 1.0, "description": "Keyboard,", "line": 20}, {"boundingPoly": {"vertices": [{"x": 602, "y": 1629}, {"x": 696, "y": 1629}, {"x": 696, "y": 1671}, {"x": 602, "y": 1671}]}, "confidence": 1.0, "description": "Razer", "line": 20}, {"boundingPoly": {"vertices": [{"x": 705, "y": 1629}, {"x": 822, "y": 1629}, {"x": 822, "y": 1671}, {"x": 705, "y": 1671}]}, "confidence": 1.0, "description": "Ornata", "line": 20}, {"boundingPoly": {"vertices": [{"x": 832, "y": 1629}, {"x": 876, "y": 1629}, {"x": 876, "y": 1671}, {"x": 832, "y": 1671}]}, "confidence": 1.0, "description": "V2", "line": 20}, {"boundingPoly": {"vertices": [{"x": 1627, "y": 1629}, {"x": 1721, "y": 1629}, {"x": 1721, "y": 1671}, {"x": 1627, "y": 1671}]}, "confidence": 1.0, "description": "76.00", "line": 20}, {"boundingPoly": {"vertices": [{"x": 1852, "y": 1629}, {"x": 1968, "y": 1629}, {"x": 1968, "y": 1671}, {"x": 1852, "y": 1671}]}, "confidence": 1.0, "description": "152.00", "line": 20}], [{"boundingPoly": {"vertices": [{"x": 323, "y": 1684}, {"x": 344, "y": 1684}, {"x": 344, "y": 1725}, {"x": 323, "y": 1725}]}, "confidence": 1.0, "description": "3", "line": 21}, {"boundingPoly": {"vertices": [{"x": 422, "y": 1684}, {"x": 548, "y": 1684}, {"x": 548, "y": 1725}, {"x": 422, "y": 1725}]}, "confidence": 1.0, "description": "Mouse,", "line": 21}, {"boundingPoly": {"vertices": [{"x": 558, "y": 1684}, {"x": 651, "y": 1684}, {"x": 651, "y": 1725}, {"x": 558, "y": 1725}]}, "confidence": 1.0, "description": "Razer", "line": 21}, {"boundingPoly": {"vertices": [{"x": 661, "y": 1684}, {"x": 864, "y": 1684}, {"x": 864, "y": 1725}, {"x": 661, "y": 1725}]}, "confidence": 1.0, "description": "DeathAdder", "line": 21}, {"boundingPoly": {"vertices": [{"x": 874, "y": 1684}, {"x": 1021, "y": 1684}, {"x": 1021, "y": 1725}, {"x": 874, "y": 1725}]}, "confidence": 1.0, "description": "Essential", "line": 21}, {"boundingPoly": {"vertices": [{"x": 1627, "y": 1684}, {"x": 1721, "y": 1684}, {"x": 1721, "y": 1725}, {"x": 1627, "y": 1725}]}, "confidence": 1.0, "description": "24.00", "line": 21}, {"boundingPoly": {"vertices": [{"x": 1873, "y": 1684}, {"x": 1968, "y": 1684}, {"x": 1968, "y": 1725}, {"x": 1873, "y": 1725}]}, "confidence": 1.0, "description": "72.00", "line": 21}], [{"boundingPoly": {"vertices": [{"x": 313, "y": 1738}, {"x": 355, "y": 1738}, {"x": 355, "y": 1780}, {"x": 313, "y": 1780}]}, "confidence": 1.0, "description": "10", "line": 22}, {"boundingPoly": {"vertices": [{"x": 422, "y": 1738}, {"x": 502, "y": 1738}, {"x": 502, "y": 1780}, {"x": 422, "y": 1780}]}, "confidence": 1.0, "description": "CPU,", "line": 22}, {"boundingPoly": {"vertices": [{"x": 512, "y": 1738}, {"x": 588, "y": 1738}, {"x": 588, "y": 1780}, {"x": 512, "y": 1780}]}, "confidence": 1.0, "description": "Intel", "line": 22}, {"boundingPoly": {"vertices": [{"x": 597, "y": 1738}, {"x": 728, "y": 1738}, {"x": 728, "y": 1780}, {"x": 597, "y": 1780}]}, "confidence": 1.0, "description": "Celeron", "line": 22}, {"boundingPoly": {"vertices": [{"x": 737, "y": 1738}, {"x": 819, "y": 1738}, {"x": 819, "y": 1780}, {"x": 737, "y": 1780}]}, "confidence": 1.0, "description": "Kaby", "line": 22}, {"boundingPoly": {"vertices": [{"x": 829, "y": 1738}, {"x": 906, "y": 1738}, {"x": 906, "y": 1780}, {"x": 829, "y": 1780}]}, "confidence": 1.0, "description": "Lake", "line": 22}, {"boundingPoly": {"vertices": [{"x": 915, "y": 1738}, {"x": 1026, "y": 1738}, {"x": 1026, "y": 1780}, {"x": 915, "y": 1780}]}, "confidence": 1.0, "description": "G3930", "line": 22}, {"boundingPoly": {"vertices": [{"x": 1606, "y": 1738}, {"x": 1721, "y": 1738}, {"x": 1721, "y": 1780}, {"x": 1606, "y": 1780}]}, "confidence": 1.0, "description": "262.00", "line": 22}, {"boundingPoly": {"vertices": [{"x": 1831, "y": 1738}, {"x": 1968, "y": 1738}, {"x": 1968, "y": 1780}, {"x": 1831, "y": 1780}]}, "confidence": 1.0, "description": "2620.00", "line": 22}], [{"boundingPoly": {"vertices": [{"x": 1515, "y": 2065}, {"x": 1660, "y": 2065}, {"x": 1660, "y": 2106}, {"x": 1515, "y": 2106}]}, "confidence": 1.0, "description": "Subtotal", "line": 23}, {"boundingPoly": {"vertices": [{"x": 1810, "y": 2065}, {"x": 1968, "y": 2065}, {"x": 1968, "y": 2106}, {"x": 1810, "y": 2106}]}, "confidence": 1.0, "description": "26082.00", "line": 23}], [{"boundingPoly": {"vertices": [{"x": 1515, "y": 2119}, {"x": 1602, "y": 2119}, {"x": 1602, "y": 2161}, {"x": 1515, "y": 2161}]}, "confidence": 1.0, "description": "Sales", "line": 24}, {"boundingPoly": {"vertices": [{"x": 1612, "y": 2119}, {"x": 1671, "y": 2119}, {"x": 1671, "y": 2161}, {"x": 1612, "y": 2161}]}, "confidence": 1.0, "description": "Tax", "line": 24}, {"boundingPoly": {"vertices": [{"x": 1831, "y": 2119}, {"x": 1968, "y": 2119}, {"x": 1968, "y": 2161}, {"x": 1831, "y": 2161}]}, "confidence": 1.0, "description": "2608.20", "line": 24}], [{"boundingPoly": {"vertices": [{"x": 1517, "y": 2180}, {"x": 1644, "y": 2180}, {"x": 1644, "y": 2240}, {"x": 1517, "y": 2240}]}, "confidence": 1.0, "description": "Total", "line": 25}, {"boundingPoly": {"vertices": [{"x": 1778, "y": 2194}, {"x": 1968, "y": 2194}, {"x": 1968, "y": 2235}, {"x": 1778, "y": 2235}]}, "confidence": 1.0, "description": "$28,690.20", "line": 25}]], "height": 2970, "page_rotation": 0, "width": 2295}], "tables": {"": [{"description": {"boxes": [{"boundingPoly": {"vertices": [{"x": 422, "y": 1194}, {"x": 553, "y": 1194}, {"x": 553, "y": 1235}, {"x": 422, "y": 1235}]}, "description": "Display,", "doc_line": 12, "line": 12, "page": 0}, {"boundingPoly": {"vertices": [{"x": 562, "y": 1194}, {"x": 636, "y": 1194}, {"x": 636, "y": 1235}, {"x": 562, "y": 1235}]}, "description": "AOC", "doc_line": 12, "line": 12, "page": 0}, {"boundingPoly": {"vertices": [{"x": 645, "y": 1194}, {"x": 828, "y": 1194}, {"x": 828, "y": 1235}, {"x": 645, "y": 1235}]}, "description": "G2460VQ6", "doc_line": 12, "line": 12, "page": 0}], "confidence": 1.0, "page": 0, "value": "Display, AOC G2460VQ6", "value_raw": "Display, AOC G2460VQ6"}, "quantity": {"boxes": [{"boundingPoly": {"vertices": [{"x": 323, "y": 1194}, {"x": 344, "y": 1194}, {"x": 344, "y": 1235}, {"x": 323, "y": 1235}]}, "description": "3", "doc_line": 12, "line": 12, "page": 0}], "confidence": 1.0, "page": 0, "value": "3", "value_raw": "3"}, "unit-price": {"boxes": [{"boundingPoly": {"vertices": [{"x": 1606, "y": 1194}, {"x": 1721, "y": 1194}, {"x": 1721, "y": 1235}, {"x": 1606, "y": 1235}]}, "description": "130.00", "doc_line": 12, "line": 12, "page": 0}], "confidence": 1.0, "page": 0, "value": "130.00", "value_raw": "130.00"}}, {"description": {"boxes": [{"boundingPoly": {"vertices": [{"x": 422, "y": 1248}, {"x": 506, "y": 1248}, {"x": 506, "y": 1289}, {"x": 422, "y": 1289}]}, "description": "GPU,", "doc_line": 13, "line": 13, "page": 0}, {"boundingPoly": {"vertices": [{"x": 516, "y": 1248}, {"x": 665, "y": 1248}, {"x": 665, "y": 1289}, {"x": 516, "y": 1289}]}, "description": "Gigabyte", "doc_line": 13, "line": 13, "page": 0}, {"boundingPoly": {"vertices": [{"x": 675, "y": 1248}, {"x": 815, "y": 1248}, {"x": 815, "y": 1289}, {"x": 675, "y": 1289}]}, "description": "GeForce", "doc_line": 13, "line": 13, "page": 0}, {"boundingPoly": {"vertices": [{"x": 825, "y": 1248}, {"x": 871, "y": 1248}, {"x": 871, "y": 1289}, {"x": 825, "y": 1289}]}, "description": "GT", "doc_line": 13, "line": 13, "page": 0}, {"boundingPoly": {"vertices": [{"x": 880, "y": 1248}, {"x": 944, "y": 1248}, {"x": 944, "y": 1289}, {"x": 880, "y": 1289}]}, "description": "210", "doc_line": 13, "line": 13, "page": 0}], "confidence": 1.0, "page": 0, "value": "GPU, Gigabyte GeForce GT 210", "value_raw": "GPU, Gigabyte GeForce GT 210"}, "quantity": {"boxes": [{"boundingPoly": {"vertices": [{"x": 313, "y": 1248}, {"x": 355, "y": 1248}, {"x": 355, "y": 1289}, {"x": 313, "y": 1289}]}, "description": "15", "doc_line": 13, "line": 13, "page": 0}], "confidence": 1.0, "page": 0, "value": "15", "value_raw": "15"}, "unit-price": {"boxes": [{"boundingPoly": {"vertices": [{"x": 1627, "y": 1248}, {"x": 1721, "y": 1248}, {"x": 1721, "y": 1289}, {"x": 1627, "y": 1289}]}, "description": "44.00", "doc_line": 13, "line": 13, "page": 0}], "confidence": 1.0, "page": 0, "value": "44.00", "value_raw": "44.00"}}, {"description": {"boxes": [{"boundingPoly": {"vertices": [{"x": 422, "y": 1302}, {"x": 553, "y": 1302}, {"x": 553, "y": 1344}, {"x": 422, "y": 1344}]}, "description": "Display,", "doc_line": 14, "line": 14, "page": 0}, {"boundingPoly": {"vertices": [{"x": 562, "y": 1302}, {"x": 636, "y": 1302}, {"x": 636, "y": 1344}, {"x": 562, "y": 1344}]}, "description": "AOC", "doc_line": 14, "line": 14, "page": 0}, {"boundingPoly": {"vertices": [{"x": 645, "y": 1302}, {"x": 828, "y": 1302}, {"x": 828, "y": 1344}, {"x": 645, "y": 1344}]}, "description": "G2460VQ6", "doc_line": 14, "line": 14, "page": 0}], "confidence": 1.0, "page": 0, "value": "Display, AOC G2460VQ6", "value_raw": "Display, AOC G2460VQ6"}, "quantity": {"boxes": [{"boundingPoly": {"vertices": [{"x": 323, "y": 1302}, {"x": 344, "y": 1302}, {"x": 344, "y": 1344}, {"x": 323, "y": 1344}]}, "description": "2", "doc_line": 14, "line": 14, "page": 0}], "confidence": 1.0, "page": 0, "value": "2", "value_raw": "2"}, "unit-price": {"boxes": [{"boundingPoly": {"vertices": [{"x": 1606, "y": 1302}, {"x": 1721, "y": 1302}, {"x": 1721, "y": 1344}, {"x": 1606, "y": 1344}]}, "description": "130.00", "doc_line": 14, "line": 14, "page": 0}], "confidence": 1.0, "page": 0, "value": "130.00", "value_raw": "130.00"}}, {"description": {"boxes": [{"boundingPoly": {"vertices": [{"x": 422, "y": 1357}, {"x": 506, "y": 1357}, {"x": 506, "y": 1398}, {"x": 422, "y": 1398}]}, "description": "GPU,", "doc_line": 15, "line": 15, "page": 0}, {"boundingPoly": {"vertices": [{"x": 516, "y": 1357}, {"x": 664, "y": 1357}, {"x": 664, "y": 1398}, {"x": 516, "y": 1398}]}, "description": "Sapphire", "doc_line": 15, "line": 15, "page": 0}, {"boundingPoly": {"vertices": [{"x": 673, "y": 1357}, {"x": 802, "y": 1357}, {"x": 802, "y": 1398}, {"x": 673, "y": 1398}]}, "description": "Radeon", "doc_line": 15, "line": 15, "page": 0}, {"boundingPoly": {"vertices": [{"x": 811, "y": 1357}, {"x": 855, "y": 1357}, {"x": 855, "y": 1398}, {"x": 811, "y": 1398}]}, "description": "RX", "doc_line": 15, "line": 15, "page": 0}, {"boundingPoly": {"vertices": [{"x": 864, "y": 1357}, {"x": 928, "y": 1357}, {"x": 928, "y": 1398}, {"x": 864, "y": 1398}]}, "description": "550", "doc_line": 15, "line": 15, "page": 0}, {"boundingPoly": {"vertices": [{"x": 937, "y": 1357}, {"x": 1027, "y": 1357}, {"x": 1027, "y": 1398}, {"x": 937, "y": 1398}]}, "description": "Pulse", "doc_line": 15, "line": 15, "page": 0}], "confidence": 1.0, "page": 0, "value": "GPU, Sapphire Radeon RX 550 Pulse", "value_raw": "GPU, Sapphire Radeon RX 550 Pulse"}, "quantity": {"boxes": [{"boundingPoly": {"vertices": [{"x": 323, "y": 1357}, {"x": 344, "y": 1357}, {"x": 344, "y": 1398}, {"x": 323, "y": 1398}]}, "description": "3", "doc_line": 15, "line": 15, "page": 0}], "confidence": 1.0, "page": 0, "value": "3", "value_raw": "3"}, "unit-price": {"boxes": [{"boundingPoly": {"vertices": [{"x": 1606, "y": 1357}, {"x": 1721, "y": 1357}, {"x": 1721, "y": 1398}, {"x": 1606, "y": 1398}]}, "description": "116.00", "doc_line": 15, "line": 15, "page": 0}], "confidence": 1.0, "page": 0, "value": "116.00", "value_raw": "116.00"}}, {"description": {"boxes": [{"boundingPoly": {"vertices": [{"x": 422, "y": 1411}, {"x": 495, "y": 1411}, {"x": 495, "y": 1453}, {"x": 422, "y": 1453}]}, "description": "SSD,", "doc_line": 16, "line": 16, "page": 0}, {"boundingPoly": {"vertices": [{"x": 505, "y": 1411}, {"x": 671, "y": 1411}, {"x": 671, "y": 1453}, {"x": 505, "y": 1453}]}, "description": "Kingstone", "doc_line": 16, "line": 16, "page": 0}, {"boundingPoly": {"vertices": [{"x": 681, "y": 1411}, {"x": 799, "y": 1411}, {"x": 799, "y": 1453}, {"x": 681, "y": 1453}]}, "description": "A2000,", "doc_line": 16, "line": 16, "page": 0}, {"boundingPoly": {"vertices": [{"x": 809, "y": 1411}, {"x": 921, "y": 1411}, {"x": 921, "y": 1453}, {"x": 809, "y": 1453}]}, "description": "500GB", "doc_line": 16, "line": 16, "page": 0}], "confidence": 1.0, "page": 0, "value": "SSD, Kingstone A2000, 500GB", "value_raw": "SSD, Kingstone A2000, 500GB"}, "quantity": {"boxes": [{"boundingPoly": {"vertices": [{"x": 323, "y": 1411}, {"x": 344, "y": 1411}, {"x": 344, "y": 1453}, {"x": 323, "y": 1453}]}, "description": "1", "doc_line": 16, "line": 16, "page": 0}], "confidence": 1.0, "page": 0, "value": "1", "value_raw": "1"}, "unit-price": {"boxes": [{"boundingPoly": {"vertices": [{"x": 1627, "y": 1411}, {"x": 1721, "y": 1411}, {"x": 1721, "y": 1453}, {"x": 1627, "y": 1453}]}, "description": "70.00", "doc_line": 16, "line": 16, "page": 0}], "confidence": 1.0, "page": 0, "value": "70.00", "value_raw": "70.00"}}, {"description": {"boxes": [{"boundingPoly": {"vertices": [{"x": 422, "y": 1466}, {"x": 502, "y": 1466}, {"x": 502, "y": 1507}, {"x": 422, "y": 1507}]}, "description": "CPU,", "doc_line": 17, "line": 17, "page": 0}, {"boundingPoly": {"vertices": [{"x": 512, "y": 1466}, {"x": 596, "y": 1466}, {"x": 596, "y": 1507}, {"x": 512, "y": 1507}]}, "description": "AMD", "doc_line": 17, "line": 17, "page": 0}, {"boundingPoly": {"vertices": [{"x": 606, "y": 1466}, {"x": 706, "y": 1466}, {"x": 706, "y": 1507}, {"x": 606, "y": 1507}]}, "description": "Ryzen", "doc_line": 17, "line": 17, "page": 0}, {"boundingPoly": {"vertices": [{"x": 715, "y": 1466}, {"x": 736, "y": 1466}, {"x": 736, "y": 1507}, {"x": 715, "y": 1507}]}, "description": "5", "doc_line": 17, "line": 17, "page": 0}, {"boundingPoly": {"vertices": [{"x": 746, "y": 1466}, {"x": 852, "y": 1466}, {"x": 852, "y": 1507}, {"x": 746, "y": 1507}]}, "description": "5600X", "doc_line": 17, "line": 17, "page": 0}], "confidence": 1.0, "page": 0, "value": "CPU, AMD Ryzen 5 5600X", "value_raw": "CPU, AMD Ryzen 5 5600X"}, "quantity": {"boxes": [{"boundingPoly": {"vertices": [{"x": 313, "y": 1466}, {"x": 355, "y": 1466}, {"x": 355, "y": 1507}, {"x": 313, "y": 1507}]}, "description": "10", "doc_line": 17, "line": 17, "page": 0}], "confidence": 1.0, "page": 0, "value": "10", "value_raw": "10"}, "unit-price": {"boxes": [{"boundingPoly": {"vertices": [{"x": 1606, "y": 1466}, {"x": 1721, "y": 1466}, {"x": 1721, "y": 1507}, {"x": 1606, "y": 1507}]}, "description": "356.00", "doc_line": 17, "line": 17, "page": 0}], "confidence": 1.0, "page": 0, "value": "356.00", "value_raw": "356.00"}}, {"description": {"boxes": [{"boundingPoly": {"vertices": [{"x": 422, "y": 1520}, {"x": 495, "y": 1520}, {"x": 495, "y": 1562}, {"x": 422, "y": 1562}]}, "description": "SSD,", "doc_line": 18, "line": 18, "page": 0}, {"boundingPoly": {"vertices": [{"x": 505, "y": 1520}, {"x": 671, "y": 1520}, {"x": 671, "y": 1562}, {"x": 505, "y": 1562}]}, "description": "Kingstone", "doc_line": 18, "line": 18, "page": 0}, {"boundingPoly": {"vertices": [{"x": 681, "y": 1520}, {"x": 799, "y": 1520}, {"x": 799, "y": 1562}, {"x": 681, "y": 1562}]}, "description": "A2000,", "doc_line": 18, "line": 18, "page": 0}, {"boundingPoly": {"vertices": [{"x": 809, "y": 1520}, {"x": 921, "y": 1520}, {"x": 921, "y": 1562}, {"x": 809, "y": 1562}]}, "description": "500GB", "doc_line": 18, "line": 18, "page": 0}], "confidence": 1.0, "page": 0, "value": "SSD, Kingstone A2000, 500GB", "value_raw": "SSD, Kingstone A2000, 500GB"}, "quantity": {"boxes": [{"boundingPoly": {"vertices": [{"x": 323, "y": 1520}, {"x": 344, "y": 1520}, {"x": 344, "y": 1562}, {"x": 323, "y": 1562}]}, "description": "1", "doc_line": 18, "line": 18, "page": 0}], "confidence": 1.0, "page": 0, "value": "1", "value_raw": "1"}, "unit-price": {"boxes": [{"boundingPoly": {"vertices": [{"x": 1627, "y": 1520}, {"x": 1721, "y": 1520}, {"x": 1721, "y": 1562}, {"x": 1627, "y": 1562}]}, "description": "70.00", "doc_line": 18, "line": 18, "page": 0}], "confidence": 1.0, "page": 0, "value": "70.00", "value_raw": "70.00"}}, {"description": {"boxes": [{"boundingPoly": {"vertices": [{"x": 422, "y": 1575}, {"x": 506, "y": 1575}, {"x": 506, "y": 1616}, {"x": 422, "y": 1616}]}, "description": "GPU,", "doc_line": 19, "line": 19, "page": 0}, {"boundingPoly": {"vertices": [{"x": 516, "y": 1575}, {"x": 584, "y": 1575}, {"x": 584, "y": 1616}, {"x": 516, "y": 1616}]}, "description": "PNY", "doc_line": 19, "line": 19, "page": 0}, {"boundingPoly": {"vertices": [{"x": 593, "y": 1575}, {"x": 699, "y": 1575}, {"x": 699, "y": 1616}, {"x": 593, "y": 1616}]}, "description": "nVidia", "doc_line": 19, "line": 19, "page": 0}, {"boundingPoly": {"vertices": [{"x": 708, "y": 1575}, {"x": 835, "y": 1575}, {"x": 835, "y": 1616}, {"x": 708, "y": 1616}]}, "description": "Quadro", "doc_line": 19, "line": 19, "page": 0}, {"boundingPoly": {"vertices": [{"x": 845, "y": 1575}, {"x": 909, "y": 1575}, {"x": 909, "y": 1616}, {"x": 845, "y": 1616}]}, "description": "RTX", "doc_line": 19, "line": 19, "page": 0}, {"boundingPoly": {"vertices": [{"x": 919, "y": 1575}, {"x": 1003, "y": 1575}, {"x": 1003, "y": 1616}, {"x": 919, "y": 1616}]}, "description": "6000", "doc_line": 19, "line": 19, "page": 0}], "confidence": 1.0, "page": 0, "value": "GPU, PNY nVidia Quadro RTX 6000", "value_raw": "GPU, PNY nVidia Quadro RTX 6000"}, "quantity": {"boxes": [{"boundingPoly": {"vertices": [{"x": 323, "y": 1575}, {"x": 344, "y": 1575}, {"x": 344, "y": 1616}, {"x": 323, "y": 1616}]}, "description": "3", "doc_line": 19, "line": 19, "page": 0}], "confidence": 1.0, "page": 0, "value": "3", "value_raw": "3"}, "unit-price": {"boxes": [{"boundingPoly": {"vertices": [{"x": 1584, "y": 1575}, {"x": 1721, "y": 1575}, {"x": 1721, "y": 1616}, {"x": 1584, "y": 1616}]}, "description": "5960.00", "doc_line": 19, "line": 19, "page": 0}], "confidence": 1.0, "page": 0, "value": "5960.00", "value_raw": "5960.00"}}, {"description": {"boxes": [{"boundingPoly": {"vertices": [{"x": 422, "y": 1629}, {"x": 593, "y": 1629}, {"x": 593, "y": 1671}, {"x": 422, "y": 1671}]}, "description": "Keyboard,", "doc_line": 20, "line": 20, "page": 0}, {"boundingPoly": {"vertices": [{"x": 602, "y": 1629}, {"x": 696, "y": 1629}, {"x": 696, "y": 1671}, {"x": 602, "y": 1671}]}, "description": "Razer", "doc_line": 20, "line": 20, "page": 0}, {"boundingPoly": {"vertices": [{"x": 705, "y": 1629}, {"x": 822, "y": 1629}, {"x": 822, "y": 1671}, {"x": 705, "y": 1671}]}, "description": "Ornata", "doc_line": 20, "line": 20, "page": 0}, {"boundingPoly": {"vertices": [{"x": 832, "y": 1629}, {"x": 876, "y": 1629}, {"x": 876, "y": 1671}, {"x": 832, "y": 1671}]}, "description": "V2", "doc_line": 20, "line": 20, "page": 0}], "confidence": 1.0, "page": 0, "value": "Keyboard, Razer Ornata V2", "value_raw": "Keyboard, Razer Ornata V2"}, "quantity": {"boxes": [{"boundingPoly": {"vertices": [{"x": 323, "y": 1629}, {"x": 344, "y": 1629}, {"x": 344, "y": 1671}, {"x": 323, "y": 1671}]}, "description": "2", "doc_line": 20, "line": 20, "page": 0}], "confidence": 1.0, "page": 0, "value": "2", "value_raw": "2"}, "unit-price": {"boxes": [{"boundingPoly": {"vertices": [{"x": 1627, "y": 1629}, {"x": 1721, "y": 1629}, {"x": 1721, "y": 1671}, {"x": 1627, "y": 1671}]}, "description": "76.00", "doc_line": 20, "line": 20, "page": 0}], "confidence": 1.0, "page": 0, "value": "76.00", "value_raw": "76.00"}}, {"description": {"boxes": [{"boundingPoly": {"vertices": [{"x": 422, "y": 1684}, {"x": 548, "y": 1684}, {"x": 548, "y": 1725}, {"x": 422, "y": 1725}]}, "description": "Mouse,", "doc_line": 21, "line": 21, "page": 0}, {"boundingPoly": {"vertices": [{"x": 558, "y": 1684}, {"x": 651, "y": 1684}, {"x": 651, "y": 1725}, {"x": 558, "y": 1725}]}, "description": "Razer", "doc_line": 21, "line": 21, "page": 0}, {"boundingPoly": {"vertices": [{"x": 661, "y": 1684}, {"x": 864, "y": 1684}, {"x": 864, "y": 1725}, {"x": 661, "y": 1725}]}, "description": "DeathAdder", "doc_line": 21, "line": 21, "page": 0}, {"boundingPoly": {"vertices": [{"x": 874, "y": 1684}, {"x": 1021, "y": 1684}, {"x": 1021, "y": 1725}, {"x": 874, "y": 1725}]}, "description": "Essential", "doc_line": 21, "line": 21, "page": 0}], "confidence": 1.0, "page": 0, "value": "Mouse, Razer DeathAdder Essential", "value_raw": "Mouse, Razer DeathAdder Essential"}, "quantity": {"boxes": [{"boundingPoly": {"vertices": [{"x": 323, "y": 1684}, {"x": 344, "y": 1684}, {"x": 344, "y": 1725}, {"x": 323, "y": 1725}]}, "description": "3", "doc_line": 21, "line": 21, "page": 0}], "confidence": 1.0, "page": 0, "value": "3", "value_raw": "3"}, "unit-price": {"boxes": [{"boundingPoly": {"vertices": [{"x": 1627, "y": 1684}, {"x": 1721, "y": 1684}, {"x": 1721, "y": 1725}, {"x": 1627, "y": 1725}]}, "description": "24.00", "doc_line": 21, "line": 21, "page": 0}], "confidence": 1.0, "page": 0, "value": "24.00", "value_raw": "24.00"}}, {"description": {"boxes": [{"boundingPoly": {"vertices": [{"x": 422, "y": 1738}, {"x": 502, "y": 1738}, {"x": 502, "y": 1780}, {"x": 422, "y": 1780}]}, "description": "CPU,", "doc_line": 22, "line": 22, "page": 0}, {"boundingPoly": {"vertices": [{"x": 512, "y": 1738}, {"x": 588, "y": 1738}, {"x": 588, "y": 1780}, {"x": 512, "y": 1780}]}, "description": "Intel", "doc_line": 22, "line": 22, "page": 0}, {"boundingPoly": {"vertices": [{"x": 597, "y": 1738}, {"x": 728, "y": 1738}, {"x": 728, "y": 1780}, {"x": 597, "y": 1780}]}, "description": "Celeron", "doc_line": 22, "line": 22, "page": 0}, {"boundingPoly": {"vertices": [{"x": 737, "y": 1738}, {"x": 819, "y": 1738}, {"x": 819, "y": 1780}, {"x": 737, "y": 1780}]}, "description": "Kaby", "doc_line": 22, "line": 22, "page": 0}, {"boundingPoly": {"vertices": [{"x": 829, "y": 1738}, {"x": 906, "y": 1738}, {"x": 906, "y": 1780}, {"x": 829, "y": 1780}]}, "description": "Lake", "doc_line": 22, "line": 22, "page": 0}, {"boundingPoly": {"vertices": [{"x": 915, "y": 1738}, {"x": 1026, "y": 1738}, {"x": 1026, "y": 1780}, {"x": 915, "y": 1780}]}, "description": "G3930", "doc_line": 22, "line": 22, "page": 0}], "confidence": 1.0, "page": 0, "value": "CPU, Intel Celeron Kaby Lake G3930", "value_raw": "CPU, Intel Celeron Kaby Lake G3930"}, "quantity": {"boxes": [{"boundingPoly": {"vertices": [{"x": 313, "y": 1738}, {"x": 355, "y": 1738}, {"x": 355, "y": 1780}, {"x": 313, "y": 1780}]}, "description": "10", "doc_line": 22, "line": 22, "page": 0}], "confidence": 1.0, "page": 0, "value": "10", "value_raw": "10"}, "unit-price": {"boxes": [{"boundingPoly": {"vertices": [{"x": 1606, "y": 1738}, {"x": 1721, "y": 1738}, {"x": 1721, "y": 1780}, {"x": 1606, "y": 1780}]}, "description": "262.00", "doc_line": 22, "line": 22, "page": 0}], "confidence": 1.0, "page": 0, "value": "262.00", "value_raw": "262.00"}}]}}