{"api_version": "1.2", "fields": {"date": {"boxes": [{"boundingPoly": {"vertices": [{"x": 351, "y": 854}, {"x": 541, "y": 854}, {"x": 541, "y": 897}, {"x": 351, "y": 897}]}, "description": "01/06/2021", "doc_line": 6, "line": 6, "page": 0}], "confidence": 1.0, "page": 0, "value": "2021-01-06", "value_raw": "01/06/2021"}, "invoice-no": {"boxes": [{"boundingPoly": {"vertices": [{"x": 350, "y": 756}, {"x": 518, "y": 756}, {"x": 518, "y": 787}, {"x": 350, "y": 787}]}, "description": "VEG00008", "doc_line": 4, "line": 4, "page": 0}], "confidence": 1.0, "page": 0, "value": "VEG00008", "value_raw": "VEG00008"}, "items": [{"description": {"boxes": [{"boundingPoly": {"vertices": [{"x": 432, "y": 1373}, {"x": 568, "y": 1373}, {"x": 568, "y": 1405}, {"x": 432, "y": 1405}]}, "description": "Kabocha", "doc_line": 11, "line": 11, "page": 0}, {"boundingPoly": {"vertices": [{"x": 575, "y": 1372}, {"x": 689, "y": 1372}, {"x": 689, "y": 1411}, {"x": 575, "y": 1411}]}, "description": "Squash", "doc_line": 11, "line": 11, "page": 0}], "confidence": 1.0, "page": 0, "value": "Kabocha Squash", "value_raw": "Kabocha Squash"}, "quantity": {"boxes": [{"boundingPoly": {"vertices": [{"x": 1344, "y": 1373}, {"x": 1364, "y": 1373}, {"x": 1364, "y": 1405}, {"x": 1344, "y": 1405}]}, "description": "1", "doc_line": 11, "line": 11, "page": 0}], "confidence": 1.0, "page": 0, "value": "1", "value_raw": "1"}, "unit-price": {"boxes": [{"boundingPoly": {"vertices": [{"x": 1535, "y": 1374}, {"x": 1557, "y": 1374}, {"x": 1557, "y": 1405}, {"x": 1535, "y": 1405}]}, "description": "1", "doc_line": 11, "line": 11, "page": 0}], "confidence": 1.0, "page": 0, "value": "1", "value_raw": "1"}}, {"description": {"boxes": [{"boundingPoly": {"vertices": [{"x": 433, "y": 1423}, {"x": 564, "y": 1423}, {"x": 564, "y": 1456}, {"x": 433, "y": 1456}]}, "description": "Brocooli", "doc_line": 12, "line": 12, "page": 0}, {"boundingPoly": {"vertices": [{"x": 571, "y": 1424}, {"x": 692, "y": 1424}, {"x": 692, "y": 1456}, {"x": 571, "y": 1456}]}, "description": "Crowns", "doc_line": 12, "line": 12, "page": 0}], "confidence": 1.0, "page": 0, "value": "Brocooli Crowns", "value_raw": "Brocooli Crowns"}, "quantity": {"boxes": [{"boundingPoly": {"vertices": [{"x": 1344, "y": 1425}, {"x": 1365, "y": 1425}, {"x": 1365, "y": 1456}, {"x": 1344, "y": 1456}]}, "description": "2", "doc_line": 12, "line": 12, "page": 0}], "confidence": 1.0, "page": 0, "value": "2", "value_raw": "2"}, "unit-price": {"boxes": [{"boundingPoly": {"vertices": [{"x": 1536, "y": 1425}, {"x": 1557, "y": 1425}, {"x": 1557, "y": 1457}, {"x": 1536, "y": 1457}]}, "description": "2", "doc_line": 12, "line": 12, "page": 0}], "confidence": 1.0, "page": 0, "value": "2", "value_raw": "2"}}, {"description": {"boxes": [{"boundingPoly": {"vertices": [{"x": 432, "y": 1474}, {"x": 556, "y": 1474}, {"x": 556, "y": 1515}, {"x": 432, "y": 1515}]}, "description": "Organic", "doc_line": 13, "line": 13, "page": 0}, {"boundingPoly": {"vertices": [{"x": 562, "y": 1474}, {"x": 676, "y": 1474}, {"x": 676, "y": 1509}, {"x": 562, "y": 1509}]}, "description": "Collard", "doc_line": 13, "line": 13, "page": 0}, {"boundingPoly": {"vertices": [{"x": 681, "y": 1475}, {"x": 781, "y": 1475}, {"x": 781, "y": 1508}, {"x": 681, "y": 1508}]}, "description": "Green", "doc_line": 13, "line": 13, "page": 0}], "confidence": 1.0, "page": 0, "value": "Organic Collard Green", "value_raw": "Organic Collard Green"}, "quantity": {"boxes": [{"boundingPoly": {"vertices": [{"x": 1335, "y": 1475}, {"x": 1376, "y": 1475}, {"x": 1376, "y": 1508}, {"x": 1335, "y": 1508}]}, "description": "10", "doc_line": 13, "line": 13, "page": 0}], "confidence": 1.0, "page": 0, "value": "10", "value_raw": "10"}, "unit-price": {"boxes": [{"boundingPoly": {"vertices": [{"x": 1536, "y": 1476}, {"x": 1557, "y": 1476}, {"x": 1557, "y": 1508}, {"x": 1536, "y": 1508}]}, "description": "3", "doc_line": 13, "line": 13, "page": 0}], "confidence": 1.0, "page": 0, "value": "3", "value_raw": "3"}}, {"description": {"boxes": [{"boundingPoly": {"vertices": [{"x": 433, "y": 1525}, {"x": 560, "y": 1525}, {"x": 560, "y": 1558}, {"x": 433, "y": 1558}]}, "description": "Broccoli", "doc_line": 14, "line": 14, "page": 0}, {"boundingPoly": {"vertices": [{"x": 568, "y": 1527}, {"x": 635, "y": 1527}, {"x": 635, "y": 1559}, {"x": 568, "y": 1559}]}, "description": "Rice", "doc_line": 14, "line": 14, "page": 0}], "confidence": 1.0, "page": 0, "value": "Broccoli Rice", "value_raw": "Broccoli Rice"}, "quantity": {"boxes": [{"boundingPoly": {"vertices": [{"x": 1335, "y": 1528}, {"x": 1375, "y": 1528}, {"x": 1375, "y": 1558}, {"x": 1335, "y": 1558}]}, "description": "15", "doc_line": 14, "line": 14, "page": 0}], "confidence": 1.0, "page": 0, "value": "15", "value_raw": "15"}, "unit-price": {"boxes": [{"boundingPoly": {"vertices": [{"x": 1536, "y": 1527}, {"x": 1557, "y": 1527}, {"x": 1557, "y": 1559}, {"x": 1536, "y": 1559}]}, "description": "5", "doc_line": 14, "line": 14, "page": 0}], "confidence": 1.0, "page": 0, "value": "5", "value_raw": "5"}}], "name": {"boxes": [], "confidence": 0.0, "page": 0, "value": "", "value_raw": ""}, "page_size": [[2234, 3157]], "tax": {"boxes": [{"boundingPoly": {"vertices": [{"x": 1793, "y": 2298}, {"x": 1883, "y": 2298}, {"x": 1883, "y": 2331}, {"x": 1793, "y": 2331}]}, "description": "22.00", "doc_line": 17, "line": 17, "page": 0}], "confidence": 1.0, "page": 0, "value": "22.00", "value_raw": "22.00"}, "total": {"boxes": [{"boundingPoly": {"vertices": [{"x": 1752, "y": 2418}, {"x": 1884, "y": 2418}, {"x": 1884, "y": 2458}, {"x": 1752, "y": 2458}]}, "description": "$132.02", "doc_line": 18, "line": 18, "page": 0}], "confidence": 1.0, "page": 0, "value": "132.02", "value_raw": "$132.02"}}, "page_count": 1, "pages": [{"boxes": [[{"boundingPoly": {"vertices": [{"x": 1436, "y": 503}, {"x": 1519, "y": 503}, {"x": 1519, "y": 534}, {"x": 1436, "y": 534}]}, "confidence": 0.98999995, "description": "4738", "line": 0}, {"boundingPoly": {"vertices": [{"x": 1526, "y": 502}, {"x": 1598, "y": 502}, {"x": 1598, "y": 535}, {"x": 1526, "y": 535}]}, "confidence": 0.98999995, "description": "Rafe", "line": 0}, {"boundingPoly": {"vertices": [{"x": 1605, "y": 504}, {"x": 1681, "y": 504}, {"x": 1681, "y": 535}, {"x": 1605, "y": 535}]}, "confidence": 0.98999995, "description": "Lane", "line": 0}], [{"boundingPoly": {"vertices": [{"x": 599, "y": 531}, {"x": 891, "y": 531}, {"x": 891, "y": 608}, {"x": 599, "y": 608}]}, "confidence": 0.97999996, "description": "Invoice", "line": 1}, {"boundingPoly": {"vertices": [{"x": 1437, "y": 555}, {"x": 1635, "y": 555}, {"x": 1635, "y": 593}, {"x": 1437, "y": 593}]}, "confidence": 0.98999995, "description": "Greenwood,", "line": 1}, {"boundingPoly": {"vertices": [{"x": 1643, "y": 555}, {"x": 1704, "y": 555}, {"x": 1704, "y": 593}, {"x": 1643, "y": 593}]}, "confidence": 0.98999995, "description": "MS,", "line": 1}, {"boundingPoly": {"vertices": [{"x": 1712, "y": 555}, {"x": 1813, "y": 555}, {"x": 1813, "y": 589}, {"x": 1712, "y": 589}]}, "confidence": 0.97999996, "description": "38930", "line": 1}], [{"boundingPoly": {"vertices": [{"x": 1437, "y": 608}, {"x": 1661, "y": 608}, {"x": 1661, "y": 639}, {"x": 1437, "y": 639}]}, "confidence": 0.98999995, "description": "662-689-7469", "line": 2}], [{"boundingPoly": {"vertices": [{"x": 353, "y": 705}, {"x": 489, "y": 705}, {"x": 489, "y": 737}, {"x": 353, "y": 737}]}, "confidence": 0.96999997, "description": "INVOICE", "line": 3}, {"boundingPoly": {"vertices": [{"x": 495, "y": 706}, {"x": 655, "y": 706}, {"x": 655, "y": 736}, {"x": 495, "y": 736}]}, "confidence": 0.98999995, "description": "NUMBER:", "line": 3}, {"boundingPoly": {"vertices": [{"x": 1437, "y": 708}, {"x": 1506, "y": 708}, {"x": 1506, "y": 738}, {"x": 1437, "y": 738}]}, "confidence": 0.98999995, "description": "BILL", "line": 3}, {"boundingPoly": {"vertices": [{"x": 1511, "y": 708}, {"x": 1570, "y": 708}, {"x": 1570, "y": 738}, {"x": 1511, "y": 738}]}, "confidence": 0.98999995, "description": "TO:", "line": 3}], [{"boundingPoly": {"vertices": [{"x": 350, "y": 756}, {"x": 518, "y": 756}, {"x": 518, "y": 787}, {"x": 350, "y": 787}]}, "confidence": 0.98999995, "description": "VEG00008", "line": 4}, {"boundingPoly": {"vertices": [{"x": 1436, "y": 756}, {"x": 1548, "y": 756}, {"x": 1548, "y": 795}, {"x": 1436, "y": 795}]}, "confidence": 0.96999997, "description": "Jakoby", "line": 4}, {"boundingPoly": {"vertices": [{"x": 1553, "y": 756}, {"x": 1708, "y": 756}, {"x": 1708, "y": 788}, {"x": 1553, "y": 788}]}, "confidence": 0.96999997, "description": "Netzband", "line": 4}], [{"boundingPoly": {"vertices": [{"x": 353, "y": 807}, {"x": 450, "y": 807}, {"x": 450, "y": 840}, {"x": 353, "y": 840}]}, "confidence": 0.96999997, "description": "DATE:", "line": 5}, {"boundingPoly": {"vertices": [{"x": 1437, "y": 807}, {"x": 1675, "y": 807}, {"x": 1675, "y": 847}, {"x": 1437, "y": 847}]}, "confidence": 0.96999997, "description": "Lynch-Franecki", "line": 5}], [{"boundingPoly": {"vertices": [{"x": 351, "y": 854}, {"x": 541, "y": 854}, {"x": 541, "y": 897}, {"x": 351, "y": 897}]}, "confidence": 0.98999995, "description": "01/06/2021", "line": 6}, {"boundingPoly": {"vertices": [{"x": 1438, "y": 860}, {"x": 1520, "y": 860}, {"x": 1520, "y": 893}, {"x": 1438, "y": 893}]}, "confidence": 0.98999995, "description": "1394", "line": 6}, {"boundingPoly": {"vertices": [{"x": 1525, "y": 859}, {"x": 1665, "y": 859}, {"x": 1665, "y": 893}, {"x": 1525, "y": 893}]}, "confidence": 0.96999997, "description": "Schuster", "line": 6}, {"boundingPoly": {"vertices": [{"x": 1672, "y": 859}, {"x": 1773, "y": 859}, {"x": 1773, "y": 900}, {"x": 1672, "y": 900}]}, "confidence": 0.98999995, "description": "Bridge", "line": 6}, {"boundingPoly": {"vertices": [{"x": 1778, "y": 860}, {"x": 1846, "y": 860}, {"x": 1846, "y": 900}, {"x": 1778, "y": 900}]}, "confidence": 0.98999995, "description": "Apt.", "line": 6}], [{"boundingPoly": {"vertices": [{"x": 1437, "y": 912}, {"x": 1524, "y": 912}, {"x": 1524, "y": 944}, {"x": 1437, "y": 944}]}, "confidence": 0.98999995, "description": "West", "line": 7}, {"boundingPoly": {"vertices": [{"x": 1529, "y": 912}, {"x": 1670, "y": 912}, {"x": 1670, "y": 950}, {"x": 1529, "y": 950}]}, "confidence": 0.96999997, "description": "Margret,", "line": 7}, {"boundingPoly": {"vertices": [{"x": 1678, "y": 910}, {"x": 1792, "y": 910}, {"x": 1792, "y": 944}, {"x": 1678, "y": 944}]}, "confidence": 0.97999996, "description": "District", "line": 7}, {"boundingPoly": {"vertices": [{"x": 1799, "y": 910}, {"x": 1835, "y": 910}, {"x": 1835, "y": 945}, {"x": 1799, "y": 945}]}, "confidence": 0.98999995, "description": "of", "line": 7}], [{"boundingPoly": {"vertices": [{"x": 1438, "y": 961}, {"x": 1523, "y": 961}, {"x": 1523, "y": 1003}, {"x": 1438, "y": 1003}]}, "confidence": 0.98999995, "description": "(435)", "line": 8}, {"boundingPoly": {"vertices": [{"x": 1528, "y": 963}, {"x": 1684, "y": 963}, {"x": 1684, "y": 997}, {"x": 1528, "y": 997}]}, "confidence": 0.98999995, "description": "577-5256", "line": 8}], [{"boundingPoly": {"vertices": [{"x": 1013, "y": 1140}, {"x": 1436, "y": 1140}, {"x": 1436, "y": 1238}, {"x": 1013, "y": 1238}]}, "confidence": 0.97999996, "description": "vegspot", "line": 9}], [{"boundingPoly": {"vertices": [{"x": 360, "y": 1322}, {"x": 417, "y": 1322}, {"x": 417, "y": 1354}, {"x": 360, "y": 1354}]}, "confidence": 0.98999995, "description": "No.", "line": 10}, {"boundingPoly": {"vertices": [{"x": 759, "y": 1322}, {"x": 945, "y": 1322}, {"x": 945, "y": 1361}, {"x": 759, "y": 1361}]}, "confidence": 0.96999997, "description": "Description", "line": 10}, {"boundingPoly": {"vertices": [{"x": 1319, "y": 1323}, {"x": 1389, "y": 1323}, {"x": 1389, "y": 1362}, {"x": 1319, "y": 1362}]}, "confidence": 0.97999996, "description": "Qty.", "line": 10}, {"boundingPoly": {"vertices": [{"x": 1466, "y": 1322}, {"x": 1538, "y": 1322}, {"x": 1538, "y": 1355}, {"x": 1466, "y": 1355}]}, "confidence": 0.98999995, "description": "Unit", "line": 10}, {"boundingPoly": {"vertices": [{"x": 1544, "y": 1321}, {"x": 1625, "y": 1321}, {"x": 1625, "y": 1355}, {"x": 1544, "y": 1355}]}, "confidence": 0.98999995, "description": "Price", "line": 10}, {"boundingPoly": {"vertices": [{"x": 1705, "y": 1322}, {"x": 1839, "y": 1322}, {"x": 1839, "y": 1355}, {"x": 1705, "y": 1355}]}, "confidence": 0.96999997, "description": "Amount", "line": 10}], [{"boundingPoly": {"vertices": [{"x": 379, "y": 1374}, {"x": 399, "y": 1374}, {"x": 399, "y": 1405}, {"x": 379, "y": 1405}]}, "confidence": 0.98999995, "description": "1", "line": 11}, {"boundingPoly": {"vertices": [{"x": 432, "y": 1373}, {"x": 568, "y": 1373}, {"x": 568, "y": 1405}, {"x": 432, "y": 1405}]}, "confidence": 0.96999997, "description": "Kabocha", "line": 11}, {"boundingPoly": {"vertices": [{"x": 575, "y": 1372}, {"x": 689, "y": 1372}, {"x": 689, "y": 1411}, {"x": 575, "y": 1411}]}, "confidence": 0.96999997, "description": "Squash", "line": 11}, {"boundingPoly": {"vertices": [{"x": 1344, "y": 1373}, {"x": 1364, "y": 1373}, {"x": 1364, "y": 1405}, {"x": 1344, "y": 1405}]}, "confidence": 0.98999995, "description": "1", "line": 11}, {"boundingPoly": {"vertices": [{"x": 1535, "y": 1374}, {"x": 1557, "y": 1374}, {"x": 1557, "y": 1405}, {"x": 1535, "y": 1405}]}, "confidence": 0.98999995, "description": "1", "line": 11}, {"boundingPoly": {"vertices": [{"x": 1811, "y": 1372}, {"x": 1880, "y": 1372}, {"x": 1880, "y": 1405}, {"x": 1811, "y": 1405}]}, "confidence": 0.98999995, "description": "1.29", "line": 11}], [{"boundingPoly": {"vertices": [{"x": 378, "y": 1425}, {"x": 399, "y": 1425}, {"x": 399, "y": 1456}, {"x": 378, "y": 1456}]}, "confidence": 0.98999995, "description": "2", "line": 12}, {"boundingPoly": {"vertices": [{"x": 433, "y": 1423}, {"x": 564, "y": 1423}, {"x": 564, "y": 1456}, {"x": 433, "y": 1456}]}, "confidence": 0.96999997, "description": "Brocooli", "line": 12}, {"boundingPoly": {"vertices": [{"x": 571, "y": 1424}, {"x": 692, "y": 1424}, {"x": 692, "y": 1456}, {"x": 571, "y": 1456}]}, "confidence": 0.96999997, "description": "Crowns", "line": 12}, {"boundingPoly": {"vertices": [{"x": 1344, "y": 1425}, {"x": 1365, "y": 1425}, {"x": 1365, "y": 1456}, {"x": 1344, "y": 1456}]}, "confidence": 0.98999995, "description": "2", "line": 12}, {"boundingPoly": {"vertices": [{"x": 1536, "y": 1425}, {"x": 1557, "y": 1425}, {"x": 1557, "y": 1457}, {"x": 1536, "y": 1457}]}, "confidence": 0.98999995, "description": "2", "line": 12}, {"boundingPoly": {"vertices": [{"x": 1810, "y": 1424}, {"x": 1881, "y": 1424}, {"x": 1881, "y": 1456}, {"x": 1810, "y": 1456}]}, "confidence": 0.98999995, "description": "3.98", "line": 12}], [{"boundingPoly": {"vertices": [{"x": 378, "y": 1476}, {"x": 400, "y": 1476}, {"x": 400, "y": 1508}, {"x": 378, "y": 1508}]}, "confidence": 0.98999995, "description": "3", "line": 13}, {"boundingPoly": {"vertices": [{"x": 432, "y": 1474}, {"x": 556, "y": 1474}, {"x": 556, "y": 1515}, {"x": 432, "y": 1515}]}, "confidence": 0.96999997, "description": "Organic", "line": 13}, {"boundingPoly": {"vertices": [{"x": 562, "y": 1474}, {"x": 676, "y": 1474}, {"x": 676, "y": 1509}, {"x": 562, "y": 1509}]}, "confidence": 0.96999997, "description": "Collard", "line": 13}, {"boundingPoly": {"vertices": [{"x": 681, "y": 1475}, {"x": 781, "y": 1475}, {"x": 781, "y": 1508}, {"x": 681, "y": 1508}]}, "confidence": 0.96999997, "description": "Green", "line": 13}, {"boundingPoly": {"vertices": [{"x": 1335, "y": 1475}, {"x": 1376, "y": 1475}, {"x": 1376, "y": 1508}, {"x": 1335, "y": 1508}]}, "confidence": 0.98999995, "description": "10", "line": 13}, {"boundingPoly": {"vertices": [{"x": 1536, "y": 1476}, {"x": 1557, "y": 1476}, {"x": 1557, "y": 1508}, {"x": 1536, "y": 1508}]}, "confidence": 0.98999995, "description": "3", "line": 13}, {"boundingPoly": {"vertices": [{"x": 1790, "y": 1475}, {"x": 1880, "y": 1475}, {"x": 1880, "y": 1508}, {"x": 1790, "y": 1508}]}, "confidence": 0.98999995, "description": "29.90", "line": 13}], [{"boundingPoly": {"vertices": [{"x": 377, "y": 1528}, {"x": 400, "y": 1528}, {"x": 400, "y": 1558}, {"x": 377, "y": 1558}]}, "confidence": 0.98999995, "description": "4", "line": 14}, {"boundingPoly": {"vertices": [{"x": 433, "y": 1525}, {"x": 560, "y": 1525}, {"x": 560, "y": 1558}, {"x": 433, "y": 1558}]}, "confidence": 0.96999997, "description": "Broccoli", "line": 14}, {"boundingPoly": {"vertices": [{"x": 568, "y": 1527}, {"x": 635, "y": 1527}, {"x": 635, "y": 1559}, {"x": 568, "y": 1559}]}, "confidence": 0.98999995, "description": "Rice", "line": 14}, {"boundingPoly": {"vertices": [{"x": 1335, "y": 1528}, {"x": 1375, "y": 1528}, {"x": 1375, "y": 1558}, {"x": 1335, "y": 1558}]}, "confidence": 0.98999995, "description": "15", "line": 14}, {"boundingPoly": {"vertices": [{"x": 1536, "y": 1527}, {"x": 1557, "y": 1527}, {"x": 1557, "y": 1559}, {"x": 1536, "y": 1559}]}, "confidence": 0.98999995, "description": "5", "line": 14}, {"boundingPoly": {"vertices": [{"x": 1790, "y": 1527}, {"x": 1880, "y": 1527}, {"x": 1880, "y": 1559}, {"x": 1790, "y": 1559}]}, "confidence": 0.98999995, "description": "74.85", "line": 14}], [{"boundingPoly": {"vertices": [{"x": 1441, "y": 2198}, {"x": 1617, "y": 2198}, {"x": 1617, "y": 2231}, {"x": 1441, "y": 2231}]}, "confidence": 0.97999996, "description": "SUBTOTAL", "line": 15}, {"boundingPoly": {"vertices": [{"x": 1773, "y": 2197}, {"x": 1883, "y": 2197}, {"x": 1883, "y": 2229}, {"x": 1773, "y": 2229}]}, "confidence": 0.97999996, "description": "110.02", "line": 15}], [{"boundingPoly": {"vertices": [{"x": 1440, "y": 2251}, {"x": 1509, "y": 2251}, {"x": 1509, "y": 2281}, {"x": 1440, "y": 2281}]}, "confidence": 0.98999995, "description": "TAX", "line": 16}, {"boundingPoly": {"vertices": [{"x": 1516, "y": 2251}, {"x": 1602, "y": 2251}, {"x": 1602, "y": 2281}, {"x": 1516, "y": 2281}]}, "confidence": 0.98999995, "description": "RATE", "line": 16}, {"boundingPoly": {"vertices": [{"x": 1764, "y": 2250}, {"x": 1883, "y": 2250}, {"x": 1883, "y": 2282}, {"x": 1764, "y": 2282}]}, "confidence": 0.97999996, "description": "20.00%", "line": 16}], [{"boundingPoly": {"vertices": [{"x": 1440, "y": 2298}, {"x": 1509, "y": 2298}, {"x": 1509, "y": 2331}, {"x": 1440, "y": 2331}]}, "confidence": 0.98999995, "description": "TAX", "line": 17}, {"boundingPoly": {"vertices": [{"x": 1793, "y": 2298}, {"x": 1883, "y": 2298}, {"x": 1883, "y": 2331}, {"x": 1793, "y": 2331}]}, "confidence": 0.98999995, "description": "22.00", "line": 17}], [{"boundingPoly": {"vertices": [{"x": 1443, "y": 2410}, {"x": 1601, "y": 2410}, {"x": 1601, "y": 2454}, {"x": 1443, "y": 2454}]}, "confidence": 0.97999996, "description": "TOTAL", "line": 18}, {"boundingPoly": {"vertices": [{"x": 1752, "y": 2418}, {"x": 1884, "y": 2418}, {"x": 1884, "y": 2458}, {"x": 1752, "y": 2458}]}, "confidence": 0.97999996, "description": "$132.02", "line": 18}]], "height": 3157, "page_rotation": 0, "width": 2234}], "tables": {"": [{"description": {"boxes": [{"boundingPoly": {"vertices": [{"x": 432, "y": 1373}, {"x": 568, "y": 1373}, {"x": 568, "y": 1405}, {"x": 432, "y": 1405}]}, "description": "Kabocha", "doc_line": 11, "line": 11, "page": 0}, {"boundingPoly": {"vertices": [{"x": 575, "y": 1372}, {"x": 689, "y": 1372}, {"x": 689, "y": 1411}, {"x": 575, "y": 1411}]}, "description": "Squash", "doc_line": 11, "line": 11, "page": 0}], "confidence": 1.0, "page": 0, "value": "Kabocha Squash", "value_raw": "Kabocha Squash"}, "quantity": {"boxes": [{"boundingPoly": {"vertices": [{"x": 1344, "y": 1373}, {"x": 1364, "y": 1373}, {"x": 1364, "y": 1405}, {"x": 1344, "y": 1405}]}, "description": "1", "doc_line": 11, "line": 11, "page": 0}], "confidence": 1.0, "page": 0, "value": "1", "value_raw": "1"}, "unit-price": {"boxes": [{"boundingPoly": {"vertices": [{"x": 1535, "y": 1374}, {"x": 1557, "y": 1374}, {"x": 1557, "y": 1405}, {"x": 1535, "y": 1405}]}, "description": "1", "doc_line": 11, "line": 11, "page": 0}], "confidence": 1.0, "page": 0, "value": "1", "value_raw": "1"}}, {"description": {"boxes": [{"boundingPoly": {"vertices": [{"x": 433, "y": 1423}, {"x": 564, "y": 1423}, {"x": 564, "y": 1456}, {"x": 433, "y": 1456}]}, "description": "Brocooli", "doc_line": 12, "line": 12, "page": 0}, {"boundingPoly": {"vertices": [{"x": 571, "y": 1424}, {"x": 692, "y": 1424}, {"x": 692, "y": 1456}, {"x": 571, "y": 1456}]}, "description": "Crowns", "doc_line": 12, "line": 12, "page": 0}], "confidence": 1.0, "page": 0, "value": "Brocooli Crowns", "value_raw": "Brocooli Crowns"}, "quantity": {"boxes": [{"boundingPoly": {"vertices": [{"x": 1344, "y": 1425}, {"x": 1365, "y": 1425}, {"x": 1365, "y": 1456}, {"x": 1344, "y": 1456}]}, "description": "2", "doc_line": 12, "line": 12, "page": 0}], "confidence": 1.0, "page": 0, "value": "2", "value_raw": "2"}, "unit-price": {"boxes": [{"boundingPoly": {"vertices": [{"x": 1536, "y": 1425}, {"x": 1557, "y": 1425}, {"x": 1557, "y": 1457}, {"x": 1536, "y": 1457}]}, "description": "2", "doc_line": 12, "line": 12, "page": 0}], "confidence": 1.0, "page": 0, "value": "2", "value_raw": "2"}}, {"description": {"boxes": [{"boundingPoly": {"vertices": [{"x": 432, "y": 1474}, {"x": 556, "y": 1474}, {"x": 556, "y": 1515}, {"x": 432, "y": 1515}]}, "description": "Organic", "doc_line": 13, "line": 13, "page": 0}, {"boundingPoly": {"vertices": [{"x": 562, "y": 1474}, {"x": 676, "y": 1474}, {"x": 676, "y": 1509}, {"x": 562, "y": 1509}]}, "description": "Collard", "doc_line": 13, "line": 13, "page": 0}, {"boundingPoly": {"vertices": [{"x": 681, "y": 1475}, {"x": 781, "y": 1475}, {"x": 781, "y": 1508}, {"x": 681, "y": 1508}]}, "description": "Green", "doc_line": 13, "line": 13, "page": 0}], "confidence": 1.0, "page": 0, "value": "Organic Collard Green", "value_raw": "Organic Collard Green"}, "quantity": {"boxes": [{"boundingPoly": {"vertices": [{"x": 1335, "y": 1475}, {"x": 1376, "y": 1475}, {"x": 1376, "y": 1508}, {"x": 1335, "y": 1508}]}, "description": "10", "doc_line": 13, "line": 13, "page": 0}], "confidence": 1.0, "page": 0, "value": "10", "value_raw": "10"}, "unit-price": {"boxes": [{"boundingPoly": {"vertices": [{"x": 1536, "y": 1476}, {"x": 1557, "y": 1476}, {"x": 1557, "y": 1508}, {"x": 1536, "y": 1508}]}, "description": "3", "doc_line": 13, "line": 13, "page": 0}], "confidence": 1.0, "page": 0, "value": "3", "value_raw": "3"}}, {"description": {"boxes": [{"boundingPoly": {"vertices": [{"x": 433, "y": 1525}, {"x": 560, "y": 1525}, {"x": 560, "y": 1558}, {"x": 433, "y": 1558}]}, "description": "Broccoli", "doc_line": 14, "line": 14, "page": 0}, {"boundingPoly": {"vertices": [{"x": 568, "y": 1527}, {"x": 635, "y": 1527}, {"x": 635, "y": 1559}, {"x": 568, "y": 1559}]}, "description": "Rice", "doc_line": 14, "line": 14, "page": 0}], "confidence": 1.0, "page": 0, "value": "Broccoli Rice", "value_raw": "Broccoli Rice"}, "quantity": {"boxes": [{"boundingPoly": {"vertices": [{"x": 1335, "y": 1528}, {"x": 1375, "y": 1528}, {"x": 1375, "y": 1558}, {"x": 1335, "y": 1558}]}, "description": "15", "doc_line": 14, "line": 14, "page": 0}], "confidence": 1.0, "page": 0, "value": "15", "value_raw": "15"}, "unit-price": {"boxes": [{"boundingPoly": {"vertices": [{"x": 1536, "y": 1527}, {"x": 1557, "y": 1527}, {"x": 1557, "y": 1559}, {"x": 1536, "y": 1559}]}, "description": "5", "doc_line": 14, "line": 14, "page": 0}], "confidence": 1.0, "page": 0, "value": "5", "value_raw": "5"}}]}}