{"api_version":"1.0","fname":"20250423100707_00003_2025-06-04-15-06-055.jpg","original_fname":"20250423100707_00003.jpg","fields":{"sent":"부산광역시 동래 구청자가유골차","date":"2025-04-03 16:27","number":"149 허 5127","place":"온천동 1486","content":"주민신고","enddate":"2025.04.25","payment":"32,000","paymentnumber":"2626022561115682306"},"multi_valued_fields":{},"items":[],"pages":[{"page_rotation":0,"page_no":0,"width":2480.0,"height":3507.0,"words":[{"description":"☎이곳을천천히개봉하여주십시오.","boundingPoly":{"vertices":[{"x":95.7,"y":5.86},{"x":644.53,"y":3.91},{"x":642.58,"y":42.97},{"x":97.66,"y":42.97}]},"line":0,"tag":""},{"description":"보내는사람","boundingPoly":{"vertices":[{"x":132.81,"y":60.55},{"x":310.55,"y":58.59},{"x":310.55,"y":101.56},{"x":132.81,"y":101.56}]},"line":1,"tag":""},{"description":"기초생활수급자,","boundingPoly":{"vertices":[{"x":820.31,"y":101.56},{"x":1013.67,"y":101.56},{"x":1013.67,"y":132.81},{"x":822.27,"y":132.81}]},"line":2,"tag":""},{"description":"한부모가족보호대상자,","boundingPoly":{"vertices":[{"x":1023.44,"y":101.56},{"x":1294.92,"y":101.56},{"x":1294.92,"y":132.81},{"x":1025.39,"y":132.81}]},"line":2,"tag":""},{"description":"장애인","boundingPoly":{"vertices":[{"x":1300.78,"y":101.56},{"x":1371.09,"y":101.56},{"x":1371.09,"y":132.81},{"x":1300.78,"y":132.81}]},"line":2,"tag":""},{"description":"(장애의정도가심한장애인)","boundingPoly":{"vertices":[{"x":1371.09,"y":101.56},{"x":1708.98,"y":99.61},{"x":1710.94,"y":134.77},{"x":1371.09,"y":132.81}]},"line":2,"tag":""},{"description":"과국","boundingPoly":{"vertices":[{"x":1708.98,"y":99.61},{"x":1765.63,"y":99.61},{"x":1765.63,"y":134.77},{"x":1710.94,"y":134.77}]},"line":2,"tag":""},{"description":"부산광역시","boundingPoly":{"vertices":[{"x":173.83,"y":123.05},{"x":437.5,"y":125.0},{"x":439.45,"y":183.59},{"x":175.78,"y":193.36}]},"line":3,"tag":"sent"},{"description":"동래","boundingPoly":{"vertices":[{"x":535.16,"y":125.0},{"x":615.23,"y":125.0},{"x":617.19,"y":179.69},{"x":537.11,"y":181.64}]},"line":3,"tag":"sent"},{"description":"구청자가유골차","boundingPoly":{"vertices":[{"x":660.16,"y":125.0},{"x":914.06,"y":126.95},{"x":916.02,"y":171.88},{"x":662.11,"y":177.73}]},"line":3,"tag":"sent"},{"description":"(상이등급","boundingPoly":{"vertices":[{"x":914.06,"y":126.95},{"x":1042.97,"y":126.95},{"x":1042.97,"y":167.97},{"x":916.02,"y":171.88}]},"line":3,"tag":""},{"description":"3","boundingPoly":{"vertices":[{"x":1044.92,"y":126.95},{"x":1068.36,"y":126.95},{"x":1070.31,"y":167.97},{"x":1046.88,"y":167.97}]},"line":3,"tag":""},{"description":"급이상","boundingPoly":{"vertices":[{"x":1068.36,"y":126.95},{"x":1132.81,"y":128.91},{"x":1134.77,"y":166.02},{"x":1070.31,"y":167.97}]},"line":3,"tag":""},{"description":"),","boundingPoly":{"vertices":[{"x":1134.77,"y":128.91},{"x":1169.92,"y":128.91},{"x":1169.92,"y":166.02},{"x":1134.77,"y":166.02}]},"line":3,"tag":""},{"description":"미성년자는의견제출기간에시행령제","boundingPoly":{"vertices":[{"x":1169.92,"y":128.91},{"x":1605.47,"y":130.86},{"x":1607.42,"y":158.2},{"x":1171.88,"y":166.02}]},"line":3,"tag":""},{"description":"2","boundingPoly":{"vertices":[{"x":1609.38,"y":130.86},{"x":1625.0,"y":130.86},{"x":1626.95,"y":158.2},{"x":1609.38,"y":158.2}]},"line":3,"tag":""},{"description":"조의","boundingPoly":{"vertices":[{"x":1626.95,"y":130.86},{"x":1673.83,"y":130.86},{"x":1673.83,"y":158.2},{"x":1626.95,"y":158.2}]},"line":3,"tag":""},{"description":"2","boundingPoly":{"vertices":[{"x":1673.83,"y":130.86},{"x":1691.41,"y":130.86},{"x":1691.41,"y":158.2},{"x":1673.83,"y":158.2}]},"line":3,"tag":""},{"description":"에따른","boundingPoly":{"vertices":[{"x":1691.41,"y":130.86},{"x":1779.3,"y":132.81},{"x":1779.3,"y":156.25},{"x":1693.36,"y":158.2}]},"line":3,"tag":""},{"description":"과태료감경을위한자료를제출할수있습니다.","boundingPoly":{"vertices":[{"x":822.27,"y":148.44},{"x":1365.23,"y":156.25},{"x":1365.23,"y":189.45},{"x":822.27,"y":189.45}]},"line":4,"tag":""},{"description":"부산광역시동래구충렬대로","boundingPoly":{"vertices":[{"x":164.06,"y":185.55},{"x":542.97,"y":185.55},{"x":542.97,"y":232.42},{"x":166.02,"y":230.47}]},"line":5,"tag":""},{"description":"237","boundingPoly":{"vertices":[{"x":542.97,"y":185.55},{"x":613.28,"y":185.55},{"x":613.28,"y":232.42},{"x":542.97,"y":232.42}]},"line":5,"tag":""},{"description":"번길","boundingPoly":{"vertices":[{"x":617.19,"y":185.55},{"x":671.88,"y":185.55},{"x":669.92,"y":232.42},{"x":617.19,"y":232.42}]},"line":5,"tag":""},{"description":"93(복천동)","boundingPoly":{"vertices":[{"x":671.88,"y":185.55},{"x":830.08,"y":185.55},{"x":828.13,"y":232.42},{"x":671.87,"y":232.42}]},"line":5,"tag":""},{"description":"사직","boundingPoly":{"vertices":[{"x":1996.09,"y":216.8},{"x":2060.55,"y":214.84},{"x":2060.55,"y":259.77},{"x":1996.09,"y":259.77}]},"line":6,"tag":""},{"description":"1","boundingPoly":{"vertices":[{"x":2062.5,"y":214.84},{"x":2087.89,"y":214.84},{"x":2087.89,"y":259.77},{"x":2062.5,"y":259.77}]},"line":6,"tag":""},{"description":"우편","boundingPoly":{"vertices":[{"x":2089.84,"y":214.84},{"x":2148.44,"y":214.84},{"x":2148.44,"y":259.77},{"x":2089.84,"y":259.77}]},"line":6,"tag":""},{"description":"(취)","boundingPoly":{"vertices":[{"x":2148.44,"y":214.84},{"x":2210.94,"y":216.8},{"x":2210.94,"y":261.72},{"x":2148.44,"y":259.77}]},"line":6,"tag":""},{"description":"동래구청교통과","boundingPoly":{"vertices":[{"x":164.06,"y":234.38},{"x":498.05,"y":234.37},{"x":500.0,"y":287.11},{"x":166.02,"y":287.11}]},"line":7,"tag":""},{"description":"(주차지도담당)","boundingPoly":{"vertices":[{"x":501.95,"y":234.38},{"x":830.08,"y":236.33},{"x":830.08,"y":289.06},{"x":501.95,"y":287.11}]},"line":7,"tag":""},{"description":"TEL:","boundingPoly":{"vertices":[{"x":158.2,"y":287.11},{"x":255.86,"y":287.11},{"x":257.81,"y":328.12},{"x":158.2,"y":328.13}]},"line":8,"tag":""},{"description":"(051)550-4561~6","boundingPoly":{"vertices":[{"x":259.77,"y":287.11},{"x":587.89,"y":289.06},{"x":587.89,"y":328.13},{"x":259.77,"y":328.13}]},"line":8,"tag":""},{"description":"FAX:","boundingPoly":{"vertices":[{"x":158.2,"y":333.98},{"x":255.86,"y":333.98},{"x":257.81,"y":371.09},{"x":160.16,"y":371.09}]},"line":10,"tag":""},{"description":"(051)550-4559","boundingPoly":{"vertices":[{"x":259.77,"y":333.98},{"x":548.83,"y":332.03},{"x":548.83,"y":373.05},{"x":259.77,"y":371.09}]},"line":10,"tag":""},{"description":"4","boundingPoly":{"vertices":[{"x":167.97,"y":382.81},{"x":187.5,"y":382.81},{"x":189.45,"y":425.78},{"x":167.97,"y":425.78}]},"line":11,"tag":""},{"description":"7","boundingPoly":{"vertices":[{"x":218.75,"y":384.77},{"x":242.19,"y":384.77},{"x":242.19,"y":425.78},{"x":218.75,"y":425.78}]},"line":11,"tag":""},{"description":"808","boundingPoly":{"vertices":[{"x":261.72,"y":384.77},{"x":388.67,"y":382.81},{"x":388.67,"y":425.78},{"x":261.72,"y":425.78}]},"line":11,"tag":""},{"description":"요금후납","boundingPoly":{"vertices":[{"x":1998.05,"y":300.78},{"x":2212.89,"y":300.78},{"x":2212.89,"y":357.42},{"x":1998.05,"y":353.52}]},"line":9,"tag":""},{"description":"환부불필요","boundingPoly":{"vertices":[{"x":2017.58,"y":460.94},{"x":2193.36,"y":460.94},{"x":2193.36,"y":503.91},{"x":2019.53,"y":501.95}]},"line":12,"tag":""},{"description":"받는사람:","boundingPoly":{"vertices":[{"x":1179.69,"y":515.63},{"x":1388.67,"y":519.53},{"x":1388.67,"y":574.22},{"x":1179.69,"y":570.31}]},"line":13,"tag":""},{"description":"경상남도함안군가야읍함안대로","boundingPoly":{"vertices":[{"x":1390.63,"y":521.48},{"x":1943.36,"y":529.3},{"x":1941.41,"y":576.17},{"x":1390.63,"y":574.22}]},"line":13,"tag":""},{"description":"735","boundingPoly":{"vertices":[{"x":1947.27,"y":529.3},{"x":2019.53,"y":531.25},{"x":2017.58,"y":576.17},{"x":1945.31,"y":576.17}]},"line":13,"tag":""},{"description":"2","boundingPoly":{"vertices":[{"x":1382.81,"y":609.38},{"x":1406.25,"y":609.38},{"x":1406.25,"y":656.25},{"x":1382.81,"y":656.25}]},"line":14,"tag":""},{"description":"층제나동호","boundingPoly":{"vertices":[{"x":1408.2,"y":609.38},{"x":1599.61,"y":607.42},{"x":1599.61,"y":656.25},{"x":1410.16,"y":656.25}]},"line":14,"tag":""},{"description":"주식회사쏘카귀하","boundingPoly":{"vertices":[{"x":2019.53,"y":675.78},{"x":2335.94,"y":679.69},{"x":2335.94,"y":724.61},{"x":2019.53,"y":724.61}]},"line":15,"tag":""},{"description":"5","boundingPoly":{"vertices":[{"x":1986.33,"y":757.81},{"x":2001.95,"y":757.81},{"x":2001.95,"y":787.11},{"x":1986.33,"y":787.11}]},"line":16,"tag":""},{"description":"2","boundingPoly":{"vertices":[{"x":2044.92,"y":757.81},{"x":2062.5,"y":757.81},{"x":2062.5,"y":787.11},{"x":2044.92,"y":787.11}]},"line":16,"tag":""},{"description":"0","boundingPoly":{"vertices":[{"x":2105.47,"y":755.86},{"x":2123.05,"y":755.86},{"x":2123.05,"y":787.11},{"x":2105.47,"y":787.11}]},"line":16,"tag":""},{"description":"3","boundingPoly":{"vertices":[{"x":2173.83,"y":755.86},{"x":2191.41,"y":757.81},{"x":2193.36,"y":789.06},{"x":2173.83,"y":787.11}]},"line":16,"tag":""},{"description":"4","boundingPoly":{"vertices":[{"x":2238.28,"y":757.81},{"x":2257.81,"y":757.81},{"x":2257.81,"y":789.06},{"x":2240.23,"y":789.06}]},"line":16,"tag":""},{"description":"주·정차단속사전문자알림서비스신청방법","boundingPoly":{"vertices":[{"x":70.31,"y":912.11},{"x":888.67,"y":914.06},{"x":888.67,"y":962.89},{"x":72.27,"y":960.94}]},"line":17,"tag":""},{"description":"스마","boundingPoly":{"vertices":[{"x":269.53,"y":970.7},{"x":320.31,"y":970.7},{"x":320.31,"y":1003.91},{"x":269.53,"y":1003.91}]},"line":18,"tag":""},{"description":"트","boundingPoly":{"vertices":[{"x":351.56,"y":970.7},{"x":369.14,"y":968.75},{"x":369.14,"y":1001.95},{"x":351.56,"y":1001.95}]},"line":18,"tag":""},{"description":"포","boundingPoly":{"vertices":[{"x":392.58,"y":968.75},{"x":410.16,"y":968.75},{"x":410.16,"y":1001.95},{"x":392.58,"y":1001.95}]},"line":18,"tag":""},{"description":"액","boundingPoly":{"vertices":[{"x":437.5,"y":968.75},{"x":455.08,"y":968.75},{"x":455.08,"y":1001.95},{"x":437.5,"y":1001.95}]},"line":18,"tag":""},{"description":"'히","boundingPoly":{"vertices":[{"x":482.42,"y":970.7},{"x":525.39,"y":970.7},{"x":525.39,"y":1001.95},{"x":482.42,"y":1001.95}]},"line":18,"tag":""},{"description":"스'무","boundingPoly":{"vertices":[{"x":552.73,"y":970.7},{"x":636.72,"y":970.7},{"x":636.72,"y":1000.0},{"x":552.73,"y":1000.0}]},"line":18,"tag":""},{"description":"느","boundingPoly":{"vertices":[{"x":660.16,"y":970.7},{"x":677.73,"y":972.66},{"x":677.73,"y":1000.0},{"x":660.16,"y":1000.0}]},"line":18,"tag":""},{"description":"질서위반행위규제법제","boundingPoly":{"vertices":[{"x":207.03,"y":998.05},{"x":503.91,"y":996.09},{"x":503.91,"y":1033.2},{"x":207.03,"y":1029.3}]},"line":19,"tag":""},{"description":"15","boundingPoly":{"vertices":[{"x":507.81,"y":996.09},{"x":544.92,"y":996.09},{"x":544.92,"y":1033.2},{"x":505.86,"y":1033.2}]},"line":19,"tag":""},{"description":"조제","boundingPoly":{"vertices":[{"x":552.73,"y":996.09},{"x":605.47,"y":996.09},{"x":603.52,"y":1033.2},{"x":550.78,"y":1033.2}]},"line":19,"tag":""},{"description":"1","boundingPoly":{"vertices":[{"x":607.42,"y":996.09},{"x":628.91,"y":996.09},{"x":628.91,"y":1033.2},{"x":607.42,"y":1033.2}]},"line":19,"tag":""},{"description":"항의규정에의하여우리기관이하고자하는처분의내용을통지하오","boundingPoly":{"vertices":[{"x":632.81,"y":996.09},{"x":1548.83,"y":998.05},{"x":1550.78,"y":1037.11},{"x":630.86,"y":1033.2}]},"line":19,"tag":""},{"description":"꾸의견을제출하여주시기바랍니다","boundingPoly":{"vertices":[{"x":201.17,"y":1027.34},{"x":673.83,"y":1025.39},{"x":673.83,"y":1066.41},{"x":201.17,"y":1066.41}]},"line":20,"tag":""},{"description":".70)","boundingPoly":{"vertices":[{"x":673.83,"y":1025.39},{"x":759.77,"y":1021.48},{"x":759.77,"y":1066.41},{"x":673.83,"y":1066.41}]},"line":20,"tag":""},{"description":"감경된과태료를납부한경우부과및징수절차가종료되어의견제출및이의제기를할수없습니다.","boundingPoly":{"vertices":[{"x":203.13,"y":1095.7},{"x":1517.58,"y":1097.66},{"x":1517.58,"y":1140.63},{"x":203.13,"y":1136.72}]},"line":21,"tag":""},{"description":"부산광역시동래구","boundingPoly":{"vertices":[{"x":183.59,"y":1224.61},{"x":376.95,"y":1224.61},{"x":378.91,"y":1265.63},{"x":185.55,"y":1265.63}]},"line":23,"tag":""},{"description":"과태료","boundingPoly":{"vertices":[{"x":533.2,"y":1207.03},{"x":605.47,"y":1207.03},{"x":605.47,"y":1240.23},{"x":533.2,"y":1240.23}]},"line":22,"tag":""},{"description":"영수증","boundingPoly":{"vertices":[{"x":490.23,"y":1244.14},{"x":560.55,"y":1244.14},{"x":560.55,"y":1277.34},{"x":490.23,"y":1277.34}]},"line":24,"tag":""},{"description":"(납부자보관용)","boundingPoly":{"vertices":[{"x":570.31,"y":1246.09},{"x":701.17,"y":1248.05},{"x":701.17,"y":1277.34},{"x":570.31,"y":1277.34}]},"line":24,"tag":""},{"description":"전자","boundingPoly":{"vertices":[{"x":890.63,"y":1306.64},{"x":962.89,"y":1306.64},{"x":962.89,"y":1343.75},{"x":890.63,"y":1345.7}]},"line":25,"tag":""},{"description":"납","boundingPoly":{"vertices":[{"x":994.14,"y":1306.64},{"x":1015.63,"y":1306.64},{"x":1017.58,"y":1343.75},{"x":994.14,"y":1343.75}]},"line":25,"tag":""},{"description":"부","boundingPoly":{"vertices":[{"x":1048.83,"y":1306.64},{"x":1070.31,"y":1306.64},{"x":1070.31,"y":1343.75},{"x":1048.83,"y":1343.75}]},"line":25,"tag":""},{"description":"번호","boundingPoly":{"vertices":[{"x":1097.66,"y":1306.64},{"x":1164.06,"y":1306.64},{"x":1166.02,"y":1341.8},{"x":1097.66,"y":1343.75}]},"line":25,"tag":""},{"description":"2626022561115682306","boundingPoly":{"vertices":[{"x":861.33,"y":1365.23},{"x":1226.56,"y":1365.23},{"x":1226.56,"y":1400.39},{"x":861.33,"y":1400.39}]},"line":27,"tag":"paymentnumber"},{"description":"화이일","boundingPoly":{"vertices":[{"x":1392.58,"y":1417.97},{"x":1439.45,"y":1417.97},{"x":1439.45,"y":1433.59},{"x":1392.58,"y":1431.64}]},"line":28,"tag":""},{"description":"시:2025/04/03","boundingPoly":{"vertices":[{"x":1451.17,"y":1417.97},{"x":1576.17,"y":1417.97},{"x":1576.17,"y":1433.59},{"x":1451.17,"y":1433.59}]},"line":28,"tag":""},{"description":"16:26:41(7","boundingPoly":{"vertices":[{"x":1585.94,"y":1417.97},{"x":1685.55,"y":1417.97},{"x":1685.55,"y":1433.59},{"x":1585.94,"y":1433.59}]},"line":28,"tag":""},{"description":"845-2)","boundingPoly":{"vertices":[{"x":1701.17,"y":1417.97},{"x":1783.2,"y":1417.97},{"x":1783.2,"y":1431.64},{"x":1701.17,"y":1433.59}]},"line":28,"tag":""},{"description":"합","boundingPoly":{"vertices":[{"x":1851.56,"y":1417.97},{"x":1861.33,"y":1417.97},{"x":1861.33,"y":1433.59},{"x":1851.56,"y":1433.59}]},"line":28,"tag":""},{"description":"성인","boundingPoly":{"vertices":[{"x":1876.95,"y":1417.97},{"x":1902.34,"y":1417.97},{"x":1902.34,"y":1433.59},{"x":1876.95,"y":1433.59}]},"line":28,"tag":""},{"description":"A:2025/04/03","boundingPoly":{"vertices":[{"x":1912.11,"y":1417.97},{"x":2039.06,"y":1417.97},{"x":2039.06,"y":1433.59},{"x":1912.11,"y":1433.59}]},"line":28,"tag":""},{"description":"16:27:58(만","boundingPoly":{"vertices":[{"x":2048.83,"y":1417.97},{"x":2152.34,"y":1417.97},{"x":2152.34,"y":1433.59},{"x":2048.83,"y":1433.59}]},"line":28,"tag":""},{"description":"전","boundingPoly":{"vertices":[{"x":2164.06,"y":1417.97},{"x":2171.88,"y":1417.97},{"x":2171.88,"y":1433.59},{"x":2164.06,"y":1433.59}]},"line":28,"tag":""},{"description":"신","boundingPoly":{"vertices":[{"x":2183.59,"y":1417.97},{"x":2193.36,"y":1417.97},{"x":2193.36,"y":1433.59},{"x":2183.59,"y":1433.59}]},"line":28,"tag":""},{"description":"인","boundingPoly":{"vertices":[{"x":2205.08,"y":1417.97},{"x":2212.89,"y":1417.97},{"x":2212.89,"y":1433.59},{"x":2205.08,"y":1433.59}]},"line":28,"tag":""},{"description":"75)","boundingPoly":{"vertices":[{"x":2216.8,"y":1417.97},{"x":2244.14,"y":1417.97},{"x":2244.14,"y":1433.59},{"x":2216.8,"y":1433.59}]},"line":28,"tag":""},{"description":"부과내역","boundingPoly":{"vertices":[{"x":353.52,"y":1337.89},{"x":462.89,"y":1337.89},{"x":462.89,"y":1375.0},{"x":353.52,"y":1376.95}]},"line":26,"tag":""},{"description":"[특별회계]","boundingPoly":{"vertices":[{"x":210.94,"y":1386.72},{"x":378.91,"y":1386.72},{"x":378.91,"y":1427.73},{"x":210.94,"y":1427.73}]},"line":28,"tag":""},{"description":"주정차위반과태료","boundingPoly":{"vertices":[{"x":380.86,"y":1386.72},{"x":638.67,"y":1386.72},{"x":638.67,"y":1427.73},{"x":380.86,"y":1427.73}]},"line":28,"tag":""},{"description":"부과대상:","boundingPoly":{"vertices":[{"x":158.2,"y":1433.59},{"x":291.02,"y":1433.59},{"x":291.02,"y":1468.75},{"x":160.16,"y":1470.7}]},"line":29,"tag":""},{"description":"149","boundingPoly":{"vertices":[{"x":306.64,"y":1433.59},{"x":365.23,"y":1433.59},{"x":365.23,"y":1468.75},{"x":306.64,"y":1468.75}]},"line":29,"tag":"number"},{"description":"허","boundingPoly":{"vertices":[{"x":367.19,"y":1433.59},{"x":388.67,"y":1435.55},{"x":388.67,"y":1468.75},{"x":367.19,"y":1468.75}]},"line":29,"tag":"number"},{"description":"5127","boundingPoly":{"vertices":[{"x":396.48,"y":1435.55},{"x":472.66,"y":1435.55},{"x":470.7,"y":1468.75},{"x":394.53,"y":1468.75}]},"line":29,"tag":"number"},{"description":"단속일시:","boundingPoly":{"vertices":[{"x":152.34,"y":1478.52},{"x":289.06,"y":1478.52},{"x":289.06,"y":1511.72},{"x":154.3,"y":1513.67}]},"line":30,"tag":""},{"description":"2025-04-03","boundingPoly":{"vertices":[{"x":304.69,"y":1478.52},{"x":482.42,"y":1478.52},{"x":482.42,"y":1511.72},{"x":304.69,"y":1511.72}]},"line":30,"tag":"date"},{"description":"16:27","boundingPoly":{"vertices":[{"x":490.23,"y":1478.52},{"x":578.13,"y":1478.52},{"x":578.13,"y":1511.72},{"x":490.23,"y":1511.72}]},"line":30,"tag":"date"},{"description":"단속장소:","boundingPoly":{"vertices":[{"x":154.3,"y":1519.53},{"x":291.02,"y":1519.53},{"x":292.97,"y":1554.69},{"x":154.3,"y":1554.69}]},"line":31,"tag":""},{"description":"온천동","boundingPoly":{"vertices":[{"x":316.41,"y":1519.53},{"x":398.44,"y":1519.53},{"x":398.44,"y":1554.69},{"x":318.36,"y":1554.69}]},"line":31,"tag":"place"},{"description":"1486","boundingPoly":{"vertices":[{"x":406.25,"y":1519.53},{"x":482.42,"y":1519.53},{"x":482.42,"y":1556.64},{"x":406.25,"y":1554.69}]},"line":31,"tag":"place"},{"description":"근거법규:","boundingPoly":{"vertices":[{"x":156.25,"y":1560.55},{"x":287.11,"y":1562.5},{"x":289.06,"y":1597.66},{"x":158.2,"y":1597.66}]},"line":33,"tag":""},{"description":"도로교통법제","boundingPoly":{"vertices":[{"x":312.5,"y":1562.5},{"x":464.84,"y":1564.45},{"x":466.8,"y":1595.7},{"x":312.5,"y":1597.66}]},"line":33,"tag":""},{"description":"32~34","boundingPoly":{"vertices":[{"x":468.75,"y":1564.45},{"x":558.59,"y":1564.45},{"x":560.55,"y":1595.7},{"x":468.75,"y":1595.7}]},"line":33,"tag":""},{"description":"조,","boundingPoly":{"vertices":[{"x":560.55,"y":1564.45},{"x":591.8,"y":1564.45},{"x":591.8,"y":1595.7},{"x":562.5,"y":1595.7}]},"line":33,"tag":""},{"description":"제","boundingPoly":{"vertices":[{"x":591.8,"y":1564.45},{"x":613.28,"y":1564.45},{"x":613.28,"y":1595.7},{"x":593.75,"y":1595.7}]},"line":33,"tag":""},{"description":"161","boundingPoly":{"vertices":[{"x":619.14,"y":1564.45},{"x":669.92,"y":1564.45},{"x":671.88,"y":1595.7},{"x":619.14,"y":1595.7}]},"line":33,"tag":""},{"description":"조","boundingPoly":{"vertices":[{"x":671.87,"y":1564.45},{"x":693.36,"y":1564.45},{"x":693.36,"y":1595.7},{"x":673.83,"y":1595.7}]},"line":33,"tag":""},{"description":"위반사항:","boundingPoly":{"vertices":[{"x":152.34,"y":1603.52},{"x":289.06,"y":1603.52},{"x":289.06,"y":1640.63},{"x":152.34,"y":1642.58}]},"line":35,"tag":""},{"description":"주민신고","boundingPoly":{"vertices":[{"x":316.41,"y":1603.52},{"x":423.83,"y":1603.52},{"x":423.83,"y":1642.58},{"x":316.41,"y":1640.63}]},"line":35,"tag":"content"},{"description":"의견제출:","boundingPoly":{"vertices":[{"x":154.3,"y":1646.48},{"x":291.02,"y":1648.44},{"x":291.02,"y":1683.59},{"x":156.25,"y":1685.55}]},"line":37,"tag":""},{"description":"2025-04-25","boundingPoly":{"vertices":[{"x":302.73,"y":1648.44},{"x":480.47,"y":1648.44},{"x":482.42,"y":1683.59},{"x":302.73,"y":1683.59}]},"line":37,"tag":""},{"description":"까지","boundingPoly":{"vertices":[{"x":494.14,"y":1648.44},{"x":548.83,"y":1648.44},{"x":548.83,"y":1685.55},{"x":494.14,"y":1683.59}]},"line":37,"tag":""},{"description":"납부자:","boundingPoly":{"vertices":[{"x":156.25,"y":1689.45},{"x":285.16,"y":1689.45},{"x":285.16,"y":1726.56},{"x":158.2,"y":1726.56}]},"line":39,"tag":""},{"description":"주식회사쏘카","boundingPoly":{"vertices":[{"x":314.45,"y":1689.45},{"x":490.23,"y":1691.41},{"x":490.23,"y":1724.61},{"x":316.41,"y":1726.56}]},"line":39,"tag":""},{"description":"14905127","boundingPoly":{"vertices":[{"x":1867.19,"y":1746.09},{"x":2304.69,"y":1810.55},{"x":2283.2,"y":1998.05},{"x":1837.89,"y":1921.88}]},"line":41,"tag":""},{"description":"Galaxy","boundingPoly":{"vertices":[{"x":1416.02,"y":1701.17},{"x":1458.98,"y":1701.17},{"x":1460.94,"y":1712.89},{"x":1417.97,"y":1710.94}]},"line":39,"tag":""},{"description":"Z","boundingPoly":{"vertices":[{"x":1462.89,"y":1701.17},{"x":1470.7,"y":1701.17},{"x":1470.7,"y":1712.89},{"x":1464.84,"y":1712.89}]},"line":39,"tag":""},{"description":"Flipti","boundingPoly":{"vertices":[{"x":1476.56,"y":1701.17},{"x":1509.77,"y":1701.17},{"x":1511.72,"y":1712.89},{"x":1476.56,"y":1712.89}]},"line":39,"tag":""},{"description":"가","boundingPoly":{"vertices":[{"x":886.72,"y":1439.45},{"x":908.2,"y":1439.45},{"x":910.16,"y":1476.56},{"x":888.67,"y":1476.56}]},"line":29,"tag":""},{"description":"상","boundingPoly":{"vertices":[{"x":943.36,"y":1441.41},{"x":964.84,"y":1441.41},{"x":964.84,"y":1476.56},{"x":945.31,"y":1476.56}]},"line":29,"tag":""},{"description":"계","boundingPoly":{"vertices":[{"x":990.23,"y":1441.41},{"x":1009.77,"y":1441.41},{"x":1011.72,"y":1476.56},{"x":990.23,"y":1476.56}]},"line":29,"tag":""},{"description":"좌","boundingPoly":{"vertices":[{"x":1041.02,"y":1441.41},{"x":1062.5,"y":1441.41},{"x":1062.5,"y":1476.56},{"x":1041.02,"y":1476.56}]},"line":29,"tag":""},{"description":"번","boundingPoly":{"vertices":[{"x":1095.7,"y":1441.41},{"x":1117.19,"y":1441.41},{"x":1117.19,"y":1476.56},{"x":1097.66,"y":1476.56}]},"line":29,"tag":""},{"description":"호","boundingPoly":{"vertices":[{"x":1142.58,"y":1441.41},{"x":1164.06,"y":1441.41},{"x":1164.06,"y":1476.56},{"x":1142.58,"y":1476.56}]},"line":29,"tag":""},{"description":"부산은행","boundingPoly":{"vertices":[{"x":849.61,"y":1482.42},{"x":960.94,"y":1484.38},{"x":960.94,"y":1521.48},{"x":849.61,"y":1521.48}]},"line":30,"tag":""},{"description":"69481-91-430930","boundingPoly":{"vertices":[{"x":966.8,"y":1484.38},{"x":1244.14,"y":1486.33},{"x":1242.19,"y":1519.53},{"x":968.75,"y":1521.48}]},"line":30,"tag":""},{"description":"국민은행","boundingPoly":{"vertices":[{"x":837.89,"y":1533.2},{"x":949.22,"y":1535.16},{"x":949.22,"y":1570.31},{"x":839.84,"y":1572.27}]},"line":32,"tag":""},{"description":"044892-60-196991","boundingPoly":{"vertices":[{"x":957.03,"y":1535.16},{"x":1251.95,"y":1535.16},{"x":1251.95,"y":1570.31},{"x":957.03,"y":1570.31}]},"line":32,"tag":""},{"description":"하나은행","boundingPoly":{"vertices":[{"x":833.98,"y":1582.03},{"x":951.17,"y":1583.98},{"x":951.17,"y":1621.09},{"x":833.98,"y":1621.09}]},"line":34,"tag":""},{"description":"619158-71-702137","boundingPoly":{"vertices":[{"x":957.03,"y":1583.98},{"x":1251.95,"y":1585.94},{"x":1251.95,"y":1619.14},{"x":957.03,"y":1621.09}]},"line":34,"tag":""},{"description":"신한은행","boundingPoly":{"vertices":[{"x":835.94,"y":1632.81},{"x":951.17,"y":1632.81},{"x":951.17,"y":1669.92},{"x":835.94,"y":1669.92}]},"line":36,"tag":""},{"description":"562212-24-153238","boundingPoly":{"vertices":[{"x":958.98,"y":1632.81},{"x":1251.95,"y":1636.72},{"x":1253.91,"y":1669.92},{"x":958.98,"y":1669.92}]},"line":36,"tag":""},{"description":"수협","boundingPoly":{"vertices":[{"x":867.19,"y":1683.59},{"x":919.92,"y":1683.59},{"x":919.92,"y":1718.75},{"x":867.19,"y":1718.75}]},"line":38,"tag":""},{"description":"491015-17-347870","boundingPoly":{"vertices":[{"x":931.64,"y":1683.59},{"x":1224.61,"y":1683.59},{"x":1224.61,"y":1718.75},{"x":931.64,"y":1718.75}]},"line":38,"tag":""},{"description":"우리은행","boundingPoly":{"vertices":[{"x":837.89,"y":1730.47},{"x":949.22,"y":1732.42},{"x":949.22,"y":1769.53},{"x":837.89,"y":1767.58}]},"line":40,"tag":""},{"description":"702833-86-692328","boundingPoly":{"vertices":[{"x":955.08,"y":1732.42},{"x":1250.0,"y":1734.38},{"x":1251.95,"y":1767.58},{"x":957.03,"y":1769.53}]},"line":40,"tag":""},{"description":"농협","boundingPoly":{"vertices":[{"x":865.23,"y":1783.2},{"x":917.97,"y":1783.2},{"x":919.92,"y":1818.36},{"x":867.19,"y":1818.36}]},"line":41,"tag":""},{"description":"790298-65-699733","boundingPoly":{"vertices":[{"x":929.69,"y":1783.2},{"x":1224.61,"y":1785.16},{"x":1224.61,"y":1818.36},{"x":931.64,"y":1818.36}]},"line":41,"tag":""},{"description":"납부기한","boundingPoly":{"vertices":[{"x":140.63,"y":1818.36},{"x":289.06,"y":1818.36},{"x":289.06,"y":1857.42},{"x":140.63,"y":1857.42}]},"line":41,"tag":""},{"description":"2025.04.25","boundingPoly":{"vertices":[{"x":382.81,"y":1810.55},{"x":558.59,"y":1812.5},{"x":558.59,"y":1843.75},{"x":382.81,"y":1843.75}]},"line":41,"tag":"enddate"},{"description":"까지","boundingPoly":{"vertices":[{"x":638.67,"y":1826.17},{"x":683.59,"y":1826.17},{"x":683.59,"y":1855.47},{"x":638.67,"y":1853.52}]},"line":41,"tag":""},{"description":"40,000","boundingPoly":{"vertices":[{"x":525.39,"y":1863.28},{"x":626.95,"y":1863.28},{"x":626.95,"y":1894.53},{"x":525.39,"y":1892.58}]},"line":41,"tag":""},{"description":"과태료금액","boundingPoly":{"vertices":[{"x":136.72,"y":1878.91},{"x":283.2,"y":1876.95},{"x":285.16,"y":1916.02},{"x":138.67,"y":1916.02}]},"line":42,"tag":""},{"description":"0","boundingPoly":{"vertices":[{"x":1707.03,"y":1878.91},{"x":1714.84,"y":1878.91},{"x":1714.84,"y":1894.53},{"x":1705.08,"y":1894.53}]},"line":42,"tag":""},{"description":"8,000","boundingPoly":{"vertices":[{"x":544.92,"y":1914.06},{"x":625.0,"y":1914.06},{"x":625.0,"y":1945.31},{"x":544.92,"y":1945.31}]},"line":43,"tag":""},{"description":"감경금액","boundingPoly":{"vertices":[{"x":140.63,"y":1931.64},{"x":289.06,"y":1933.59},{"x":287.11,"y":1972.66},{"x":138.67,"y":1970.7}]},"line":44,"tag":""},{"description":"32,000","boundingPoly":{"vertices":[{"x":525.39,"y":1966.8},{"x":623.05,"y":1968.75},{"x":623.05,"y":2000.0},{"x":525.39,"y":1998.05}]},"line":45,"tag":"payment"},{"description":"납부금액","boundingPoly":{"vertices":[{"x":136.72,"y":1990.23},{"x":285.16,"y":1990.23},{"x":285.16,"y":2031.25},{"x":138.67,"y":2031.25}]},"line":46,"tag":""},{"description":"납부기한이후수납불가","boundingPoly":{"vertices":[{"x":253.91,"y":2080.08},{"x":554.69,"y":2080.08},{"x":554.69,"y":2121.09},{"x":253.91,"y":2119.14}]},"line":49,"tag":""},{"description":"위의금액을영수합니다.","boundingPoly":{"vertices":[{"x":103.52,"y":2140.63},{"x":365.23,"y":2142.58},{"x":365.23,"y":2175.78},{"x":103.52,"y":2173.83}]},"line":51,"tag":""},{"description":"수납인","boundingPoly":{"vertices":[{"x":591.8,"y":2210.94},{"x":656.25,"y":2210.94},{"x":656.25,"y":2242.19},{"x":591.8,"y":2242.19}]},"line":53,"tag":""},{"description":"부산광역시동래구청장","boundingPoly":{"vertices":[{"x":218.75,"y":2232.42},{"x":488.28,"y":2236.33},{"x":486.33,"y":2277.34},{"x":216.8,"y":2281.25}]},"line":54,"tag":""},{"description":"부산광역시동래구","boundingPoly":{"vertices":[{"x":173.83,"y":2396.48},{"x":369.14,"y":2398.44},{"x":367.19,"y":2447.27},{"x":171.88,"y":2447.27}]},"line":56,"tag":""},{"description":"과태료","boundingPoly":{"vertices":[{"x":501.95,"y":2386.72},{"x":572.27,"y":2386.72},{"x":572.27,"y":2416.02},{"x":500.0,"y":2414.06}]},"line":55,"tag":""},{"description":"수납의뢰서","boundingPoly":{"vertices":[{"x":449.22,"y":2423.83},{"x":568.36,"y":2421.88},{"x":570.31,"y":2455.08},{"x":449.22,"y":2455.08}]},"line":56,"tag":""},{"description":"(보관용","boundingPoly":{"vertices":[{"x":580.08,"y":2421.88},{"x":677.73,"y":2425.78},{"x":679.69,"y":2457.03},{"x":580.08,"y":2455.08}]},"line":56,"tag":""},{"description":"33001200159","boundingPoly":{"vertices":[{"x":251.95,"y":2503.91},{"x":419.92,"y":2505.86},{"x":417.97,"y":2531.25},{"x":251.95,"y":2531.25}]},"line":57,"tag":""},{"description":"2025","boundingPoly":{"vertices":[{"x":457.03,"y":2503.91},{"x":517.58,"y":2503.91},{"x":517.58,"y":2531.25},{"x":457.03,"y":2529.3}]},"line":57,"tag":""},{"description":"61","boundingPoly":{"vertices":[{"x":572.27,"y":2503.91},{"x":599.61,"y":2503.91},{"x":599.61,"y":2533.2},{"x":572.27,"y":2533.2}]},"line":57,"tag":""},{"description":"납","boundingPoly":{"vertices":[{"x":126.95,"y":2521.48},{"x":148.44,"y":2521.48},{"x":148.44,"y":2556.64},{"x":126.95,"y":2556.64}]},"line":58,"tag":""},{"description":"부","boundingPoly":{"vertices":[{"x":193.36,"y":2521.48},{"x":210.94,"y":2521.48},{"x":208.98,"y":2556.64},{"x":191.41,"y":2556.64}]},"line":58,"tag":""},{"description":"번","boundingPoly":{"vertices":[{"x":126.95,"y":2560.55},{"x":146.48,"y":2560.55},{"x":146.48,"y":2593.75},{"x":126.95,"y":2593.75}]},"line":59,"tag":""},{"description":"호","boundingPoly":{"vertices":[{"x":187.5,"y":2560.55},{"x":208.98,"y":2560.55},{"x":208.98,"y":2593.75},{"x":189.45,"y":2593.75}]},"line":59,"tag":""},{"description":"234006","boundingPoly":{"vertices":[{"x":251.95,"y":2556.64},{"x":339.84,"y":2556.64},{"x":339.84,"y":2583.98},{"x":251.95,"y":2582.03}]},"line":59,"tag":""},{"description":"01976900","boundingPoly":{"vertices":[{"x":351.56,"y":2556.64},{"x":474.61,"y":2556.64},{"x":474.61,"y":2583.98},{"x":351.56,"y":2583.98}]},"line":59,"tag":""},{"description":"4","boundingPoly":{"vertices":[{"x":507.81,"y":2556.64},{"x":521.48,"y":2556.64},{"x":521.48,"y":2582.03},{"x":507.81,"y":2582.03}]},"line":59,"tag":""},{"description":"납부자:","boundingPoly":{"vertices":[{"x":103.52,"y":2664.06},{"x":210.94,"y":2662.11},{"x":212.89,"y":2699.22},{"x":105.47,"y":2699.22}]},"line":61,"tag":""},{"description":"주식회사쏘카","boundingPoly":{"vertices":[{"x":242.19,"y":2662.11},{"x":416.02,"y":2662.11},{"x":416.02,"y":2697.27},{"x":242.19,"y":2697.27}]},"line":61,"tag":""},{"description":"부과대상:","boundingPoly":{"vertices":[{"x":103.52,"y":2718.75},{"x":210.94,"y":2714.84},{"x":210.94,"y":2750.0},{"x":105.47,"y":2753.91}]},"line":62,"tag":""},{"description":"149","boundingPoly":{"vertices":[{"x":226.56,"y":2714.84},{"x":289.06,"y":2712.89},{"x":289.06,"y":2748.05},{"x":228.52,"y":2750.0}]},"line":62,"tag":""},{"description":"허","boundingPoly":{"vertices":[{"x":291.02,"y":2712.89},{"x":312.5,"y":2712.89},{"x":312.5,"y":2748.05},{"x":291.02,"y":2748.05}]},"line":62,"tag":""},{"description":"5127","boundingPoly":{"vertices":[{"x":318.36,"y":2712.89},{"x":394.53,"y":2712.89},{"x":394.53,"y":2746.09},{"x":318.36,"y":2746.09}]},"line":62,"tag":""},{"description":"납부기","boundingPoly":{"vertices":[{"x":136.72,"y":2804.69},{"x":234.38,"y":2804.69},{"x":234.38,"y":2843.75},{"x":136.72,"y":2843.75}]},"line":64,"tag":""},{"description":"한","boundingPoly":{"vertices":[{"x":267.58,"y":2804.69},{"x":287.11,"y":2804.69},{"x":287.11,"y":2843.75},{"x":267.58,"y":2843.75}]},"line":64,"tag":""},{"description":"2025.04.25","boundingPoly":{"vertices":[{"x":410.16,"y":2810.55},{"x":583.98,"y":2810.55},{"x":583.98,"y":2841.8},{"x":412.11,"y":2841.8}]},"line":64,"tag":""},{"description":"까지","boundingPoly":{"vertices":[{"x":615.23,"y":2810.55},{"x":664.06,"y":2808.59},{"x":664.06,"y":2841.8},{"x":615.23,"y":2841.8}]},"line":64,"tag":""},{"description":"과태료금액","boundingPoly":{"vertices":[{"x":132.81,"y":2865.23},{"x":281.25,"y":2865.23},{"x":281.25,"y":2902.34},{"x":132.81,"y":2900.39}]},"line":67,"tag":""},{"description":"감경금액","boundingPoly":{"vertices":[{"x":136.72,"y":2919.92},{"x":283.2,"y":2919.92},{"x":283.2,"y":2958.98},{"x":136.72,"y":2958.98}]},"line":69,"tag":""},{"description":"납부금액","boundingPoly":{"vertices":[{"x":134.77,"y":2976.56},{"x":289.06,"y":2976.56},{"x":289.06,"y":3017.58},{"x":136.72,"y":3017.58}]},"line":71,"tag":""},{"description":"납부기한이후수납불가","boundingPoly":{"vertices":[{"x":244.14,"y":3076.17},{"x":544.92,"y":3078.12},{"x":544.92,"y":3115.23},{"x":246.09,"y":3117.19}]},"line":74,"tag":""},{"description":"전자","boundingPoly":{"vertices":[{"x":259.77,"y":3166.02},{"x":324.22,"y":3167.97},{"x":324.22,"y":3205.08},{"x":261.72,"y":3205.08}]},"line":76,"tag":""},{"description":"납","boundingPoly":{"vertices":[{"x":359.38,"y":3167.97},{"x":380.86,"y":3167.97},{"x":380.86,"y":3203.13},{"x":361.33,"y":3205.08}]},"line":76,"tag":""},{"description":"부","boundingPoly":{"vertices":[{"x":412.11,"y":3167.97},{"x":433.59,"y":3167.97},{"x":433.59,"y":3203.12},{"x":412.11,"y":3203.12}]},"line":76,"tag":""},{"description":"번","boundingPoly":{"vertices":[{"x":458.98,"y":3167.97},{"x":480.47,"y":3167.97},{"x":480.47,"y":3203.13},{"x":458.98,"y":3203.13}]},"line":76,"tag":""},{"description":"호","boundingPoly":{"vertices":[{"x":505.86,"y":3167.97},{"x":527.34,"y":3167.97},{"x":527.34,"y":3203.12},{"x":505.86,"y":3203.12}]},"line":76,"tag":""},{"description":"40,000","boundingPoly":{"vertices":[{"x":570.31,"y":2861.33},{"x":673.83,"y":2861.33},{"x":673.83,"y":2892.58},{"x":572.27,"y":2890.63}]},"line":67,"tag":""},{"description":"8,000","boundingPoly":{"vertices":[{"x":587.89,"y":2912.11},{"x":673.83,"y":2912.11},{"x":673.83,"y":2943.36},{"x":587.89,"y":2943.36}]},"line":68,"tag":""},{"description":"32,000","boundingPoly":{"vertices":[{"x":572.27,"y":2968.75},{"x":671.88,"y":2966.8},{"x":671.88,"y":2996.09},{"x":572.27,"y":2998.05}]},"line":70,"tag":""},{"description":"회계과","boundingPoly":{"vertices":[{"x":886.72,"y":2990.23},{"x":1003.91,"y":2990.23},{"x":1003.91,"y":3027.34},{"x":888.67,"y":3027.34}]},"line":72,"tag":""},{"description":"목","boundingPoly":{"vertices":[{"x":1035.16,"y":2992.19},{"x":1056.64,"y":2992.19},{"x":1056.64,"y":3027.34},{"x":1035.16,"y":3027.34}]},"line":72,"tag":""},{"description":"납기내금액","boundingPoly":{"vertices":[{"x":1267.58,"y":2992.19},{"x":1455.08,"y":2990.23},{"x":1455.08,"y":3027.34},{"x":1267.58,"y":3031.25}]},"line":72,"tag":""},{"description":"[특별회계]","boundingPoly":{"vertices":[{"x":796.88,"y":3023.44},{"x":945.31,"y":3025.39},{"x":947.27,"y":3062.5},{"x":796.88,"y":3062.5}]},"line":73,"tag":""},{"description":"주정차위반과태료","boundingPoly":{"vertices":[{"x":947.27,"y":3025.39},{"x":1179.69,"y":3025.39},{"x":1179.69,"y":3060.55},{"x":949.22,"y":3062.5}]},"line":73,"tag":""},{"description":"32000","boundingPoly":{"vertices":[{"x":1392.58,"y":3027.34},{"x":1496.09,"y":3027.34},{"x":1498.05,"y":3060.55},{"x":1392.58,"y":3058.59}]},"line":73,"tag":""},{"description":"2025.04.09","boundingPoly":{"vertices":[{"x":886.72,"y":3205.08},{"x":1058.59,"y":3205.08},{"x":1058.59,"y":3236.33},{"x":886.72,"y":3236.33}]},"line":77,"tag":""},{"description":" ","boundingPoly":{"vertices":[{"x":0.0,"y":0.0},{"x":0.0,"y":0.0},{"x":0.0,"y":0.0},{"x":0.0,"y":0.0}]},"line":-1,"tag":""},{"description":"2626022561115682306","boundingPoly":{"vertices":[{"x":214.84,"y":3218.75},{"x":580.08,"y":3218.75},{"x":580.08,"y":3251.95},{"x":214.84,"y":3251.95}]},"line":78,"tag":""},{"description":"위의금액을수납하여주시기바랍니다.","boundingPoly":{"vertices":[{"x":95.7,"y":3287.11},{"x":507.81,"y":3289.06},{"x":507.81,"y":3322.27},{"x":97.66,"y":3322.27}]},"line":80,"tag":""},{"description":"수납인","boundingPoly":{"vertices":[{"x":582.03,"y":3351.56},{"x":646.48,"y":3351.56},{"x":648.44,"y":3382.81},{"x":583.98,"y":3382.81}]},"line":82,"tag":""},{"description":"부산광역시동래구청장區","boundingPoly":{"vertices":[{"x":212.89,"y":3382.81},{"x":507.81,"y":3384.77},{"x":507.81,"y":3421.87},{"x":212.89,"y":3425.78}]},"line":83,"tag":""},{"description":"아하대운하파크","boundingPoly":{"vertices":[{"x":1568.36,"y":2011.72},{"x":1679.69,"y":2007.81},{"x":1679.69,"y":2025.39},{"x":1568.36,"y":2029.3}]},"line":46,"tag":""},{"description":"LLA","boundingPoly":{"vertices":[{"x":2060.55,"y":1996.09},{"x":2097.66,"y":1996.09},{"x":2097.66,"y":2019.53},{"x":2060.55,"y":2017.58}]},"line":46,"tag":""},{"description":"kakadD","boundingPoly":{"vertices":[{"x":1394.53,"y":2019.53},{"x":1453.13,"y":2019.53},{"x":1453.13,"y":2033.2},{"x":1396.48,"y":2033.2}]},"line":46,"tag":""},{"description":".9","boundingPoly":{"vertices":[{"x":1503.91,"y":2019.53},{"x":1523.44,"y":2019.53},{"x":1523.44,"y":2033.2},{"x":1503.91,"y":2035.16}]},"line":46,"tag":""},{"description":"귀하께서의견제출기한내에의견제출없이과태료를납부하고자하는경우에는아래의과태료","boundingPoly":{"vertices":[{"x":1355.47,"y":2042.97},{"x":2289.06,"y":2039.06},{"x":2289.06,"y":2070.31},{"x":1355.47,"y":2066.41}]},"line":47,"tag":""},{"description":"근거법규","boundingPoly":{"vertices":[{"x":964.84,"y":2066.41},{"x":1085.94,"y":2068.36},{"x":1085.94,"y":2105.47},{"x":964.84,"y":2105.47}]},"line":48,"tag":""},{"description":"부고지서를이용하여납부하실수있습니","boundingPoly":{"vertices":[{"x":1376.95,"y":2064.45},{"x":1769.53,"y":2066.41},{"x":1767.58,"y":2089.84},{"x":1376.95,"y":2087.89}]},"line":48,"tag":""},{"description":"기한내에자진납부하는때에는과태료가","boundingPoly":{"vertices":[{"x":1353.52,"y":2085.94},{"x":1748.05,"y":2087.89},{"x":1748.05,"y":2115.23},{"x":1355.47,"y":2113.28}]},"line":49,"tag":""},{"description":"20%","boundingPoly":{"vertices":[{"x":1757.81,"y":2087.89},{"x":1802.73,"y":2087.89},{"x":1802.73,"y":2115.23},{"x":1757.81,"y":2115.23}]},"line":49,"tag":""},{"description":"감경됩니다.","boundingPoly":{"vertices":[{"x":1824.22,"y":2087.89},{"x":1939.45,"y":2087.89},{"x":1939.45,"y":2117.19},{"x":1824.22,"y":2115.23}]},"line":49,"tag":""},{"description":"(의견진술은자동종료되며자진납부","boundingPoly":{"vertices":[{"x":1939.45,"y":2087.89},{"x":2304.69,"y":2083.98},{"x":2304.69,"y":2119.14},{"x":1939.45,"y":2117.19}]},"line":49,"tag":""},{"description":"를하신경우이","boundingPoly":{"vertices":[{"x":1355.47,"y":2115.23},{"x":1500.0,"y":2111.33},{"x":1500.0,"y":2138.67},{"x":1357.42,"y":2138.67}]},"line":50,"tag":""},{"description":"통지서를폐기하시기바랍니다","boundingPoly":{"vertices":[{"x":1519.53,"y":2111.33},{"x":1814.45,"y":2113.28},{"x":1814.45,"y":2140.62},{"x":1521.48,"y":2138.67}]},"line":50,"tag":""},{"description":".)","boundingPoly":{"vertices":[{"x":1816.41,"y":2113.28},{"x":1835.94,"y":2113.28},{"x":1835.94,"y":2140.62},{"x":1816.41,"y":2140.62}]},"line":50,"tag":""},{"description":"도로교통법제","boundingPoly":{"vertices":[{"x":826.17,"y":2162.11},{"x":1039.06,"y":2166.02},{"x":1039.06,"y":2210.94},{"x":826.17,"y":2210.94}]},"line":52,"tag":""},{"description":"32","boundingPoly":{"vertices":[{"x":1048.83,"y":2166.02},{"x":1099.61,"y":2166.02},{"x":1099.61,"y":2210.94},{"x":1048.83,"y":2210.94}]},"line":52,"tag":""},{"description":"~","boundingPoly":{"vertices":[{"x":1101.56,"y":2166.02},{"x":1128.91,"y":2166.02},{"x":1128.91,"y":2210.94},{"x":1101.56,"y":2210.94}]},"line":52,"tag":""},{"description":"34","boundingPoly":{"vertices":[{"x":1138.67,"y":2166.02},{"x":1189.45,"y":2166.02},{"x":1189.45,"y":2210.94},{"x":1138.67,"y":2210.94}]},"line":52,"tag":""},{"description":"조","boundingPoly":{"vertices":[{"x":1197.27,"y":2166.02},{"x":1224.61,"y":2166.02},{"x":1224.61,"y":2210.94},{"x":1197.27,"y":2210.94}]},"line":52,"tag":""},{"description":"부산광역시동래구","boundingPoly":{"vertices":[{"x":828.13,"y":2398.44},{"x":1023.44,"y":2400.39},{"x":1025.39,"y":2449.22},{"x":826.17,"y":2449.22}]},"line":56,"tag":""},{"description":"과태료영수필통지서","boundingPoly":{"vertices":[{"x":1158.2,"y":2400.39},{"x":1412.11,"y":2402.34},{"x":1412.11,"y":2435.55},{"x":1158.2,"y":2435.55}]},"line":56,"tag":""},{"description":"납","boundingPoly":{"vertices":[{"x":785.16,"y":2521.48},{"x":804.69,"y":2521.48},{"x":804.69,"y":2554.69},{"x":785.16,"y":2554.69}]},"line":57,"tag":""},{"description":"부","boundingPoly":{"vertices":[{"x":847.66,"y":2521.48},{"x":867.19,"y":2521.48},{"x":867.19,"y":2554.69},{"x":847.66,"y":2554.69}]},"line":57,"tag":""},{"description":"기관부서코드","boundingPoly":{"vertices":[{"x":949.22,"y":2513.67},{"x":1121.09,"y":2511.72},{"x":1121.09,"y":2548.83},{"x":949.22,"y":2548.83}]},"line":57,"tag":""},{"description":"연도","boundingPoly":{"vertices":[{"x":1216.8,"y":2513.67},{"x":1267.58,"y":2513.67},{"x":1267.58,"y":2546.88},{"x":1216.8,"y":2546.88}]},"line":57,"tag":""},{"description":"회계","boundingPoly":{"vertices":[{"x":1318.36,"y":2513.67},{"x":1369.14,"y":2513.67},{"x":1369.14,"y":2546.88},{"x":1318.36,"y":2546.88}]},"line":57,"tag":""},{"description":"과목","boundingPoly":{"vertices":[{"x":1458.98,"y":2513.67},{"x":1513.67,"y":2513.67},{"x":1511.72,"y":2548.83},{"x":1458.98,"y":2548.83}]},"line":57,"tag":""},{"description":"고지번호","boundingPoly":{"vertices":[{"x":1609.38,"y":2515.63},{"x":1720.7,"y":2513.67},{"x":1720.7,"y":2548.83},{"x":1609.38,"y":2546.88}]},"line":57,"tag":""},{"description":"검","boundingPoly":{"vertices":[{"x":1783.2,"y":2511.72},{"x":1800.78,"y":2511.72},{"x":1800.78,"y":2548.83},{"x":1781.25,"y":2548.83}]},"line":57,"tag":""},{"description":"번","boundingPoly":{"vertices":[{"x":783.2,"y":2564.45},{"x":802.73,"y":2564.45},{"x":802.73,"y":2595.7},{"x":785.16,"y":2595.7}]},"line":59,"tag":""},{"description":"호","boundingPoly":{"vertices":[{"x":839.84,"y":2564.45},{"x":857.42,"y":2562.5},{"x":859.38,"y":2593.75},{"x":839.84,"y":2593.75}]},"line":59,"tag":""},{"description":"33001200159","boundingPoly":{"vertices":[{"x":923.83,"y":2599.61},{"x":1091.8,"y":2597.66},{"x":1091.8,"y":2626.95},{"x":923.83,"y":2626.95}]},"line":60,"tag":""},{"description":"2025","boundingPoly":{"vertices":[{"x":1177.73,"y":2601.56},{"x":1236.33,"y":2599.61},{"x":1236.33,"y":2626.95},{"x":1179.69,"y":2625.0}]},"line":60,"tag":""},{"description":"61","boundingPoly":{"vertices":[{"x":1283.2,"y":2601.56},{"x":1314.45,"y":2601.56},{"x":1314.45,"y":2626.95},{"x":1285.16,"y":2628.91}]},"line":60,"tag":""},{"description":"284006","boundingPoly":{"vertices":[{"x":1375.0,"y":2601.56},{"x":1462.89,"y":2601.56},{"x":1464.84,"y":2628.91},{"x":1375.0,"y":2626.95}]},"line":60,"tag":""},{"description":"01976900","boundingPoly":{"vertices":[{"x":1537.11,"y":2601.56},{"x":1658.2,"y":2601.56},{"x":1660.16,"y":2626.95},{"x":1537.11,"y":2628.91}]},"line":60,"tag":""},{"description":"4","boundingPoly":{"vertices":[{"x":1710.94,"y":2601.56},{"x":1722.66,"y":2601.56},{"x":1724.61,"y":2626.95},{"x":1710.94,"y":2626.95}]},"line":60,"tag":""},{"description":"납부자:","boundingPoly":{"vertices":[{"x":755.86,"y":2662.11},{"x":861.33,"y":2662.11},{"x":861.33,"y":2695.31},{"x":755.86,"y":2695.31}]},"line":61,"tag":""},{"description":"주식회사","boundingPoly":{"vertices":[{"x":906.25,"y":2666.02},{"x":1009.77,"y":2667.97},{"x":1009.77,"y":2703.12},{"x":906.25,"y":2703.12}]},"line":61,"tag":""},{"description":"쏘카","boundingPoly":{"vertices":[{"x":1035.16,"y":2667.97},{"x":1085.94,"y":2667.97},{"x":1087.89,"y":2705.08},{"x":1037.11,"y":2703.13}]},"line":61,"tag":""},{"description":"주민등록번호","boundingPoly":{"vertices":[{"x":1310.55,"y":2662.11},{"x":1443.36,"y":2664.06},{"x":1443.36,"y":2699.22},{"x":1310.55,"y":2695.31}]},"line":61,"tag":""},{"description":":220111-0","boundingPoly":{"vertices":[{"x":1445.31,"y":2664.06},{"x":1595.7,"y":2667.97},{"x":1595.7,"y":2701.17},{"x":1445.31,"y":2699.22}]},"line":61,"tag":""},{"description":"******","boundingPoly":{"vertices":[{"x":1603.52,"y":2667.97},{"x":1716.8,"y":2671.87},{"x":1714.84,"y":2697.27},{"x":1601.56,"y":2701.17}]},"line":61,"tag":""},{"description":"주","boundingPoly":{"vertices":[{"x":753.91,"y":2722.66},{"x":771.48,"y":2722.66},{"x":771.48,"y":2751.95},{"x":753.91,"y":2750.0}]},"line":62,"tag":""},{"description":"소:","boundingPoly":{"vertices":[{"x":828.13,"y":2722.66},{"x":861.33,"y":2722.66},{"x":861.33,"y":2751.95},{"x":828.13,"y":2751.95}]},"line":62,"tag":""},{"description":"경상남도함안군가야읍함안대로","boundingPoly":{"vertices":[{"x":902.34,"y":2716.8},{"x":1343.75,"y":2716.8},{"x":1343.75,"y":2755.86},{"x":902.34,"y":2753.91}]},"line":62,"tag":""},{"description":"735,","boundingPoly":{"vertices":[{"x":1351.56,"y":2716.8},{"x":1425.78,"y":2716.8},{"x":1425.78,"y":2755.86},{"x":1351.56,"y":2755.86}]},"line":62,"tag":""},{"description":"2","boundingPoly":{"vertices":[{"x":1427.73,"y":2716.8},{"x":1451.17,"y":2716.8},{"x":1451.17,"y":2755.86},{"x":1427.73,"y":2755.86}]},"line":62,"tag":""},{"description":"층제나동호","boundingPoly":{"vertices":[{"x":1458.98,"y":2716.8},{"x":1609.38,"y":2718.75},{"x":1609.38,"y":2755.86},{"x":1458.98,"y":2755.86}]},"line":62,"tag":""},{"description":"부과대상:","boundingPoly":{"vertices":[{"x":755.86,"y":2783.2},{"x":861.33,"y":2783.2},{"x":861.33,"y":2818.36},{"x":755.86,"y":2816.41}]},"line":63,"tag":""},{"description":"149","boundingPoly":{"vertices":[{"x":900.39,"y":2777.34},{"x":953.13,"y":2777.34},{"x":953.13,"y":2810.55},{"x":902.34,"y":2810.55}]},"line":63,"tag":""},{"description":"허","boundingPoly":{"vertices":[{"x":958.98,"y":2777.34},{"x":980.47,"y":2775.39},{"x":980.47,"y":2810.55},{"x":960.94,"y":2810.55}]},"line":63,"tag":""},{"description":"5127","boundingPoly":{"vertices":[{"x":986.33,"y":2775.39},{"x":1064.45,"y":2777.34},{"x":1064.45,"y":2810.55},{"x":986.33,"y":2810.55}]},"line":63,"tag":""},{"description":"단속장소:","boundingPoly":{"vertices":[{"x":750.0,"y":2839.84},{"x":859.38,"y":2839.84},{"x":859.38,"y":2871.09},{"x":750.0,"y":2873.05}]},"line":66,"tag":""},{"description":"온천동","boundingPoly":{"vertices":[{"x":900.39,"y":2826.17},{"x":986.33,"y":2826.17},{"x":986.33,"y":2863.28},{"x":902.34,"y":2863.28}]},"line":65,"tag":""},{"description":"1486","boundingPoly":{"vertices":[{"x":994.14,"y":2826.17},{"x":1068.36,"y":2826.17},{"x":1068.36,"y":2863.28},{"x":994.14,"y":2863.28}]},"line":65,"tag":""},{"description":"발행일자:","boundingPoly":{"vertices":[{"x":751.95,"y":3251.95},{"x":892.58,"y":3253.91},{"x":892.58,"y":3287.11},{"x":751.95,"y":3285.16}]},"line":79,"tag":""},{"description":"0000000088","boundingPoly":{"vertices":[{"x":865.23,"y":3337.89},{"x":1060.55,"y":3339.84},{"x":1060.55,"y":3371.09},{"x":865.23,"y":3369.14}]},"line":81,"tag":""},{"description":"단속일시","boundingPoly":{"vertices":[{"x":1306.64,"y":2783.2},{"x":1433.59,"y":2779.3},{"x":1433.59,"y":2818.36},{"x":1306.64,"y":2820.31}]},"line":63,"tag":""},{"description":":2025-04-03","boundingPoly":{"vertices":[{"x":1441.41,"y":2779.3},{"x":1636.72,"y":2777.34},{"x":1636.72,"y":2812.5},{"x":1441.41,"y":2818.36}]},"line":63,"tag":""},{"description":"16:27:58","boundingPoly":{"vertices":[{"x":1642.58,"y":2777.34},{"x":1775.39,"y":2777.34},{"x":1775.39,"y":2808.59},{"x":1644.53,"y":2812.5}]},"line":63,"tag":""},{"description":"납부기","boundingPoly":{"vertices":[{"x":1601.56,"y":2994.14},{"x":1697.27,"y":2994.14},{"x":1699.22,"y":3027.34},{"x":1601.56,"y":3027.34}]},"line":72,"tag":""},{"description":"한","boundingPoly":{"vertices":[{"x":1726.56,"y":2994.14},{"x":1748.05,"y":2992.19},{"x":1748.05,"y":3027.34},{"x":1728.52,"y":3027.34}]},"line":72,"tag":""},{"description":"20250425","boundingPoly":{"vertices":[{"x":1597.66,"y":3027.34},{"x":1769.53,"y":3027.34},{"x":1769.53,"y":3060.55},{"x":1597.66,"y":3058.59}]},"line":73,"tag":""},{"description":"위의금액을영수하였음을통보합니다.","boundingPoly":{"vertices":[{"x":1439.45,"y":3251.95},{"x":1826.17,"y":3251.95},{"x":1826.17,"y":3287.11},{"x":1439.45,"y":3287.11}]},"line":79,"tag":""},{"description":"부산광역시동래구청장귀하","boundingPoly":{"vertices":[{"x":1419.92,"y":3357.42},{"x":1816.41,"y":3359.37},{"x":1816.41,"y":3404.3},{"x":1421.88,"y":3404.3}]},"line":82,"tag":""},{"description":"(징수기관보관용)","boundingPoly":{"vertices":[{"x":1880.86,"y":2408.2},{"x":2031.25,"y":2408.2},{"x":2031.25,"y":2435.55},{"x":1880.86,"y":2435.55}]},"line":56,"tag":""},{"description":"세외수입","boundingPoly":{"vertices":[{"x":2183.59,"y":2398.44},{"x":2318.36,"y":2398.44},{"x":2318.36,"y":2441.41},{"x":2183.59,"y":2439.45}]},"line":56,"tag":""},{"description":"동래","boundingPoly":{"vertices":[{"x":2220.7,"y":2515.63},{"x":2281.25,"y":2515.63},{"x":2281.25,"y":2550.78},{"x":2220.7,"y":2550.78}]},"line":57,"tag":""},{"description":"구","boundingPoly":{"vertices":[{"x":2306.64,"y":2515.63},{"x":2326.17,"y":2515.63},{"x":2326.17,"y":2550.78},{"x":2306.64,"y":2550.78}]},"line":57,"tag":""},{"description":"전자","boundingPoly":{"vertices":[{"x":1976.56,"y":3083.98},{"x":2039.06,"y":3083.98},{"x":2041.02,"y":3121.09},{"x":1976.56,"y":3121.09}]},"line":74,"tag":""},{"description":"납","boundingPoly":{"vertices":[{"x":2076.17,"y":3083.98},{"x":2097.66,"y":3083.98},{"x":2097.66,"y":3121.09},{"x":2076.17,"y":3121.09}]},"line":74,"tag":""},{"description":"부","boundingPoly":{"vertices":[{"x":2126.95,"y":3083.98},{"x":2148.44,"y":3083.98},{"x":2148.44,"y":3119.14},{"x":2128.91,"y":3121.09}]},"line":74,"tag":""},{"description":"번호","boundingPoly":{"vertices":[{"x":2175.78,"y":3083.98},{"x":2240.23,"y":3083.98},{"x":2240.23,"y":3119.14},{"x":2175.78,"y":3119.14}]},"line":74,"tag":""},{"description":"2626022561115682306","boundingPoly":{"vertices":[{"x":1882.81,"y":3132.81},{"x":2246.09,"y":3130.86},{"x":2246.09,"y":3164.06},{"x":1882.81,"y":3164.06}]},"line":75,"tag":""},{"description":"납부기한이후수납불가","boundingPoly":{"vertices":[{"x":1960.94,"y":3220.7},{"x":2263.67,"y":3220.7},{"x":2263.67,"y":3257.81},{"x":1962.89,"y":3257.81}]},"line":78,"tag":""},{"description":"년","boundingPoly":{"vertices":[{"x":1972.66,"y":3355.47},{"x":1992.19,"y":3355.47},{"x":1992.19,"y":3386.72},{"x":1974.61,"y":3386.72}]},"line":82,"tag":""},{"description":"월","boundingPoly":{"vertices":[{"x":2064.45,"y":3355.47},{"x":2082.03,"y":3355.47},{"x":2082.03,"y":3386.72},{"x":2064.45,"y":3386.72}]},"line":82,"tag":""},{"description":"일","boundingPoly":{"vertices":[{"x":2158.2,"y":3355.47},{"x":2175.78,"y":3355.47},{"x":2175.78,"y":3386.72},{"x":2158.2,"y":3386.72}]},"line":82,"tag":""},{"description":"수납인","boundingPoly":{"vertices":[{"x":2253.91,"y":3351.56},{"x":2318.36,"y":3351.56},{"x":2318.36,"y":3384.77},{"x":2253.91,"y":3384.77}]},"line":82,"tag":""}]}]}