﻿{
  "DataContractVersion": "1.1",
  "DocumentTypes": [
    {
      "DocumentTypeId": "IRS.Forms.Form1040x",
      "Group": "IRS",
      "Category": "Forms",
      "Name": "Form1040x",
      "OptionalUniqueIdentifier": "",
      "TypeField": {
        "FieldId": "IRS.Forms.Form1040x.DocumentType",
        "FieldName": "Document Type"
      },
      "Fields": [
        {
          "FieldId": "IRS.Forms.Form1040x.Return2019",
          "FieldName": "Return2019",
          "IsMultiValue": false,
          "Type": "Boolean",
          "DeriveFieldsFormat": "",
          "Components": [],
          "SetValues": [],
          "Metadata": [
            {
              "Key": "Color",
              "Value": "#038a18"
            },
            {
              "Key": "Hotkey",
              "Value": "r"
            }
          ],
          "RuleSet": null
        },
        {
          "FieldId": "IRS.Forms.Form1040x.Return2018",
          "FieldName": "Return2018",
          "IsMultiValue": false,
          "Type": "Boolean",
          "DeriveFieldsFormat": "",
          "Components": [],
          "SetValues": [],
          "Metadata": [
            {
              "Key": "Color",
              "Value": "#fa6616"
            },
            {
              "Key": "Hotkey",
              "Value": "e"
            }
          ],
          "RuleSet": null
        },
        {
          "FieldId": "IRS.Forms.Form1040x.Return2017",
          "FieldName": "Return2017",
          "IsMultiValue": false,
          "Type": "Boolean",
          "DeriveFieldsFormat": "",
          "Components": [],
          "SetValues": [],
          "Metadata": [
            {
              "Key": "Color",
              "Value": "#8a97a0"
            },
            {
              "Key": "Hotkey",
              "Value": "2"
            }
          ],
          "RuleSet": null
        },
        {
          "FieldId": "IRS.Forms.Form1040x.Return2016",
          "FieldName": "Return2016",
          "IsMultiValue": false,
          "Type": "Boolean",
          "DeriveFieldsFormat": "",
          "Components": [],
          "SetValues": [],
          "Metadata": [
            {
              "Key": "Color",
              "Value": "#6eb84a"
            },
            {
              "Key": "Hotkey",
              "Value": "1"
            }
          ],
          "RuleSet": null
        },
        {
          "FieldId": "IRS.Forms.Form1040x.FirstName",
          "FieldName": "First Name",
          "IsMultiValue": false,
          "Type": "Text",
          "DeriveFieldsFormat": "",
          "Components": [],
          "SetValues": [],
          "Metadata": [
            {
              "Key": "Color",
              "Value": "#2b6dff"
            },
            {
              "Key": "Hotkey",
              "Value": "a"
            }
          ],
          "RuleSet": null
        },
        {
          "FieldId": "IRS.Forms.Form1040x.LastName",
          "FieldName": "Last Name",
          "IsMultiValue": false,
          "Type": "Text",
          "DeriveFieldsFormat": "",
          "Components": [],
          "SetValues": [],
          "Metadata": [
            {
              "Key": "Color",
              "Value": "#dd976d"
            },
            {
              "Key": "Hotkey",
              "Value": "l"
            }
          ],
          "RuleSet": null
        },
        {
          "FieldId": "IRS.Forms.Form1040x.AddressLine1",
          "FieldName": "Address Line 1",
          "IsMultiValue": false,
          "Type": "Text",
          "DeriveFieldsFormat": "",
          "Components": [],
          "SetValues": [],
          "Metadata": [
            {
              "Key": "Color",
              "Value": "#8dc0e2"
            },
            {
              "Key": "Hotkey",
              "Value": "q"
            }
          ],
          "RuleSet": null
        },
        {
          "FieldId": "IRS.Forms.Form1040x.PhoneNumber",
          "FieldName": "Phone Number",
          "IsMultiValue": false,
          "Type": "Text",
          "DeriveFieldsFormat": "",
          "Components": [],
          "SetValues": [],
          "Metadata": [
            {
              "Key": "Color",
              "Value": "#fca027"
            },
            {
              "Key": "Hotkey",
              "Value": "h"
            }
          ],
          "RuleSet": null
        },
        {
          "FieldId": "IRS.Forms.Form1040x.CityTownZip",
          "FieldName": "City Town Zip",
          "IsMultiValue": false,
          "Type": "Text",
          "DeriveFieldsFormat": "",
          "Components": [],
          "SetValues": [],
          "Metadata": [
            {
              "Key": "Color",
              "Value": "#9ead42"
            },
            {
              "Key": "Hotkey",
              "Value": "c"
            }
          ],
          "RuleSet": null
        },
        {
          "FieldId": "IRS.Forms.Form1040x.Signature",
          "FieldName": "Signature",
          "IsMultiValue": false,
          "Type": "Boolean",
          "DeriveFieldsFormat": "",
          "Components": [],
          "SetValues": [],
          "Metadata": [
            {
              "Key": "Color",
              "Value": "#a83838"
            },
            {
              "Key": "Hotkey",
              "Value": "g"
            }
          ],
          "RuleSet": null
        },
        {
          "FieldId": "IRS.Forms.Form1040x.SpousesSignature",
          "FieldName": "Spouses Signature",
          "IsMultiValue": false,
          "Type": "Boolean",
          "DeriveFieldsFormat": "",
          "Components": [],
          "SetValues": [],
          "Metadata": [
            {
              "Key": "Color",
              "Value": "#54c07c"
            },
            {
              "Key": "Hotkey",
              "Value": "w"
            }
          ],
          "RuleSet": null
        }
      ]
    },
    {
      "DocumentTypeId": "Insurance.Report.VehicleDamageReport",
      "Group": "Insurance",
      "Category": "Report",
      "Name": "Vehicle Damage Report",
      "OptionalUniqueIdentifier": "",
      "TypeField": {
        "FieldId": "Insurance.Report.VehicleDamageReport.DocumentType",
        "FieldName": "Document Type"
      },
      "Fields": [
        {
          "FieldId": "Insurance.Report.VehicleDamageReport.RegistrationNumber",
          "FieldName": "Registration Number",
          "IsMultiValue": false,
          "Type": "Text",
          "DeriveFieldsFormat": "",
          "Components": [],
          "SetValues": [],
          "Metadata": [
            {
              "Key": "Color",
              "Value": "#038a18"
            },
            {
              "Key": "Hotkey",
              "Value": "r"
            }
          ],
          "RuleSet": null
        },
        {
          "FieldId": "Insurance.Report.VehicleDamageReport.InspectorName",
          "FieldName": "Driver Name",
          "IsMultiValue": false,
          "Type": "Name",
          "DeriveFieldsFormat": "",
          "Components": [],
          "SetValues": [],
          "Metadata": [
            {
              "Key": "Color",
              "Value": "#fa6616"
            },
            {
              "Key": "Hotkey",
              "Value": "e"
            }
          ],
          "RuleSet": null
        },
        {
          "FieldId": "Insurance.Report.VehicleDamageReport.VehicleLicenseNumber",
          "FieldName": "Vehicle License Number",
          "IsMultiValue": false,
          "Type": "Text",
          "DeriveFieldsFormat": "",
          "Components": [],
          "SetValues": [],
          "Metadata": [
            {
              "Key": "Color",
              "Value": "#8a97a0"
            },
            {
              "Key": "Hotkey",
              "Value": "v"
            }
          ],
          "RuleSet": null
        },
        {
          "FieldId": "Insurance.Report.VehicleDamageReport.CostOfDamage",
          "FieldName": "Cost Of Damage",
          "IsMultiValue": false,
          "Type": "Text",
          "DeriveFieldsFormat": "",
          "Components": [],
          "SetValues": [],
          "Metadata": [
            {
              "Key": "Color",
              "Value": "#d2d550"
            },
            {
              "Key": "Hotkey",
              "Value": "c"
            }
          ],
          "RuleSet": null
        }
      ]
    },
    {
      "DocumentTypeId": "Finance.Bills.Invoice",
      "Group": "Finance",
      "Category": "Bills",
      "Name": "Invoice",
      "OptionalUniqueIdentifier": "",
      "TypeField": {
        "FieldId": "Finance.Bills.Invoice.DocumentType",
        "FieldName": "Document Type"
      },
      "Fields": [
        {
          "FieldId": "Finance.Bills.Invoice.InvoiceNumber",
          "FieldName": "Invoice Number",
          "IsMultiValue": false,
          "Type": "Text",
          "DeriveFieldsFormat": "",
          "Components": [],
          "SetValues": [],
          "Metadata": [
            {
              "Key": "Color",
              "Value": "#038a18"
            },
            {
              "Key": "Hotkey",
              "Value": "v"
            }
          ],
          "RuleSet": null
        },
        {
          "FieldId": "Finance.Bills.Invoice.InvoiceDate",
          "FieldName": "Invoice Date",
          "IsMultiValue": false,
          "Type": "Date",
          "DeriveFieldsFormat": "",
          "Components": [],
          "SetValues": [],
          "Metadata": [
            {
              "Key": "Color",
              "Value": "#fa6616"
            },
            {
              "Key": "Hotkey",
              "Value": "c"
            }
          ],
          "RuleSet": null
        },
        {
          "FieldId": "Finance.Bills.Invoice.Total",
          "FieldName": "Total",
          "IsMultiValue": false,
          "Type": "Text",
          "DeriveFieldsFormat": "",
          "Components": [],
          "SetValues": [],
          "Metadata": [
            {
              "Key": "Color",
              "Value": "#8a97a0"
            },
            {
              "Key": "Hotkey",
              "Value": "a"
            }
          ],
          "RuleSet": null
        },
        {
          "FieldId": "Finance.Bills.Invoice.Billingphone",
          "FieldName": "Billing Phone",
          "IsMultiValue": false,
          "Type": "Text",
          "DeriveFieldsFormat": "",
          "Components": [],
          "SetValues": [],
          "Metadata": [
            {
              "Key": "Color",
              "Value": "#6eb84a"
            },
            {
              "Key": "Hotkey",
              "Value": "l"
            }
          ],
          "RuleSet": null
        }
      ]
    }
  ],
  "Groups": [
    {
      "Name": "IRS",
      "Categories": [
        "Forms"
      ]
    },
    {
      "Name": "Insurance",
      "Categories": [
        "Report"
      ]
    },
    {
      "Name": "Finance",
      "Categories": [
        "Bills"
      ]
    }
  ],
  "SupportedLanguages": [
    {
      "Name": "Undetermined Language",
      "Code": "und"
    },
    {
      "Name": "Bulgarian",
      "Code": "bul"
    },
    {
      "Name": "Cantonese",
      "Code": "yue"
    },
    {
      "Name": "Danish",
      "Code": "dan"
    },
    {
      "Name": "Dutch",
      "Code": "nld"
    },
    {
      "Name": "English",
      "Code": "eng"
    },
    {
      "Name": "French",
      "Code": "fra"
    },
    {
      "Name": "Georgian",
      "Code": "kat"
    },
    {
      "Name": "German",
      "Code": "deu"
    },
    {
      "Name": "Greek",
      "Code": "ell"
    },
    {
      "Name": "Hebrew",
      "Code": "heb"
    },
    {
      "Name": "Hindi",
      "Code": "hin"
    },
    {
      "Name": "Italian",
      "Code": "ita"
    },
    {
      "Name": "Japanese",
      "Code": "jpn"
    },
    {
      "Name": "Korean",
      "Code": "kor"
    },
    {
      "Name": "Macedonian",
      "Code": "mkd"
    },
    {
      "Name": "Mandarin",
      "Code": "zho"
    },
    {
      "Name": "Marathi",
      "Code": "mar"
    },
    {
      "Name": "Norwegian",
      "Code": "nor"
    },
    {
      "Name": "Polish",
      "Code": "pol"
    },
    {
      "Name": "Portuguese",
      "Code": "por"
    },
    {
      "Name": "Romanian",
      "Code": "ron"
    },
    {
      "Name": "Russian",
      "Code": "rus"
    },
    {
      "Name": "Serbian",
      "Code": "srp"
    },
    {
      "Name": "Spanish",
      "Code": "spa"
    },
    {
      "Name": "Swedish",
      "Code": "swe"
    },
    {
      "Name": "Telugu",
      "Code": "tel"
    },
    {
      "Name": "Turkish",
      "Code": "tur"
    }
  ]
}