{
  "Workflows": [
    {
      "Path": null,
      "SortBy": 0,
      "VariablesSectionElementsOrder": [],
      "ArgumentsSectionElementsOrder": null,
      "ConstantsSectionElementsOrder": [],
      "AddedNamespaces": null
    },
    {
      "Path": "Main.xaml",
      "SortBy": 0,
      "VariablesSectionElementsOrder": [],
      "ArgumentsSectionElementsOrder": [],
      "ConstantsSectionElementsOrder": [],
      "AddedNamespaces": null
    },
    {
      "Path": "Excel/UiPath.Excel.Activities(2.23.4).xaml",
      "SortBy": 0,
      "VariablesSectionElementsOrder": [
        "CellColor&Sequence_150",
        "SampleRow&Sequence_147",
        "Ary_Row&Sequence_147",
        "SampleRow&Sequence_145",
        "Ary_Row&Sequence_145",
        "DT_Employee&Sequence_137",
        "Gender&Sequence_138",
        "DT_Employee&Sequence_131",
        "DTtoText&Sequence_131",
        "Col&Sequence_129",
        "CellValue&Sequence_124",
        "CellFormula&Sequence_119",
        "MatchNum&Sequence_110",
        "Result&Sequence_105",
        "RangeTxt&Sequence_84",
        "RangeTxt&Sequence_81",
        "NewTable&Sequence_31",
        "FindCell&Sequence_59",
        "StartNum&Sequence_56",
        "EndNum&Sequence_56",
        "DT_New&Sequence_1"
      ],
      "ArgumentsSectionElementsOrder": [],
      "ConstantsSectionElementsOrder": [],
      "AddedNamespaces": null
    },
    {
      "Path": "Mail/UiPath.Mail.Activities(1.23.10).xaml",
      "SortBy": 0,
      "VariablesSectionElementsOrder": [],
      "ArgumentsSectionElementsOrder": [],
      "ConstantsSectionElementsOrder": [],
      "AddedNamespaces": null
    },
    {
      "Path": "System/UiPath.SystemActivities(24.10.3).xaml",
      "SortBy": 0,
      "VariablesSectionElementsOrder": [
        "IsFile&Sequence_70",
        "IsFolder&Sequence_70",
        "UnZipFolder&Sequence_71",
        "NewCollection&Sequence_37",
        "Is_True&Sequence_37",
        "Collecion_Number&Sequence_37",
        "log&Sequence_41",
        "NewQueue&Sequence_43",
        "NewFolder&Sequence_65",
        "NewFIle&Sequence_72",
        "OutputData&Sequence_66",
        "NewList&Sequence_44",
        "NewFIle&Sequence_45",
        "NewFolder&Sequence_45",
        "Result&Sequence_32",
        "New_List&Sequence_31",
        "DT_Sample&Sequence_31",
        "OutputText&Sequence_31",
        "DT_Sample&Sequence_30",
        "OutputText&Sequence_30",
        "Result&Sequence_26",
        "New_Date&Sequence_26",
        "DT_Sample&Sequence_25",
        "New_List&Sequence_23",
        "folderPath&Sequence_22",
        "filePath&Sequence_21",
        "New_List&Sequence_11",
        "TransactionItem&Sequence_10",
        "DT_Sample&Sequence_8",
        "DT_Sample&Sequence_6",
        "NowDateTime&Sequence_4",
        "New_Array&Sequence_2",
        "New_DataRow&Sequence_2",
        "DT_Sample&Sequence_2",
        "OutputText&Sequence_2",
        "OutputText&Sequence_1",
        "DT_Sample&Sequence_1"
      ],
      "ArgumentsSectionElementsOrder": [],
      "ConstantsSectionElementsOrder": [],
      "AddedNamespaces": null
    }
  ]
}