{"api_version": "1.2", "fields": {"page_size": [[2480, 3507]], "sent": {"value": "", "value_raw": "", "confidence": 0.0, "boxes": [], "page": 0}, "date": {"value": "2025-04-03 16:27", "value_raw": "2025-04-03 16:27", "confidence": 0.967326819896698, "boxes": [{"description": "2025-04-03", "boundingPoly": {"vertices": [{"x": 305, "y": 1479}, {"x": 482, "y": 1479}, {"x": 482, "y": 1512}, {"x": 305, "y": 1512}]}, "doc_line": 31, "page": 0, "line": 31}, {"description": "16:27", "boundingPoly": {"vertices": [{"x": 490, "y": 1479}, {"x": 578, "y": 1479}, {"x": 578, "y": 1512}, {"x": 490, "y": 1512}]}, "doc_line": 31, "page": 0, "line": 31}], "page": 0}, "number": {"value": "149 \ud5c8", "value_raw": "149 \ud5c8", "confidence": 0.9969455599784851, "boxes": [{"description": "149", "boundingPoly": {"vertices": [{"x": 307, "y": 1434}, {"x": 365, "y": 1434}, {"x": 365, "y": 1469}, {"x": 307, "y": 1469}]}, "doc_line": 30, "page": 0, "line": 30}, {"description": "\ud5c8", "boundingPoly": {"vertices": [{"x": 367, "y": 1434}, {"x": 389, "y": 1436}, {"x": 389, "y": 1469}, {"x": 367, "y": 1469}]}, "doc_line": 30, "page": 0, "line": 30}], "page": 0}, "place": {"value": "\uc628\ucc9c\ub3d9 1486", "value_raw": "\uc628\ucc9c\ub3d9 1486", "confidence": 0.9911338686943054, "boxes": [{"description": "\uc628\ucc9c\ub3d9", "boundingPoly": {"vertices": [{"x": 316, "y": 1520}, {"x": 398, "y": 1520}, {"x": 398, "y": 1555}, {"x": 318, "y": 1555}]}, "doc_line": 32, "page": 0, "line": 32}, {"description": "1486", "boundingPoly": {"vertices": [{"x": 406, "y": 1520}, {"x": 482, "y": 1520}, {"x": 482, "y": 1557}, {"x": 406, "y": 1555}]}, "doc_line": 32, "page": 0, "line": 32}], "page": 0}, "content": {"value": "", "value_raw": "", "confidence": 0.0, "boxes": [], "page": 0}, "enddate": {"value": "2025.04.25", "value_raw": "2025.04.25", "confidence": 0.9574418067932129, "boxes": [{"description": "2025.04.25", "boundingPoly": {"vertices": [{"x": 383, "y": 1811}, {"x": 559, "y": 1812}, {"x": 559, "y": 1844}, {"x": 383, "y": 1844}]}, "doc_line": 44, "page": 0, "line": 44}], "page": 0}, "payment": {"value": "32,000", "value_raw": "32,000", "confidence": 0.9934351444244385, "boxes": [{"description": "32,000", "boundingPoly": {"vertices": [{"x": 525, "y": 1967}, {"x": 623, "y": 1969}, {"x": 623, "y": 2000}, {"x": 525, "y": 1998}]}, "doc_line": 51, "page": 0, "line": 51}], "page": 0}, "paymentnumber": {"value": "2626022561115682306", "value_raw": "2626022561115682306", "confidence": 0.9975500702857971, "boxes": [{"description": "2626022561115682306", "boundingPoly": {"vertices": [{"x": 861, "y": 1365}, {"x": 1227, "y": 1365}, {"x": 1227, "y": 1400}, {"x": 861, "y": 1400}]}, "doc_line": 27, "page": 0, "line": 27}], "page": 0}, "items": []}, "pages": [{"page_rotation": 0, "boxes": [[{"confidence": 0.089999996, "description": "\u260e\uc774\uacf3\uc744\ucc9c\ucc9c\ud788\uac1c\ubd09\ud558\uc5ec\uc8fc\uc2ed\uc2dc\uc624.", "boundingPoly": {"vertices": [{"x": 96, "y": 6}, {"x": 645, "y": 4}, {"x": 643, "y": 43}, {"x": 98, "y": 43}]}, "line": 0}], [{"confidence": 0.98999995, "description": "\ubcf4\ub0b4\ub294\uc0ac\ub78c", "boundingPoly": {"vertices": [{"x": 133, "y": 61}, {"x": 311, "y": 59}, {"x": 311, "y": 102}, {"x": 133, "y": 102}]}, "line": 1}], [{"confidence": 0.95, "description": "\uae30\ucd08\uc0dd\ud65c\uc218\uae09\uc790,", "boundingPoly": {"vertices": [{"x": 820, "y": 102}, {"x": 1014, "y": 102}, {"x": 1014, "y": 133}, {"x": 822, "y": 133}]}, "line": 2}, {"confidence": 0.97999996, "description": "\ud55c\ubd80\ubaa8\uac00\uc871\ubcf4\ud638\ub300\uc0c1\uc790,", "boundingPoly": {"vertices": [{"x": 1023, "y": 102}, {"x": 1295, "y": 102}, {"x": 1295, "y": 133}, {"x": 1025, "y": 133}]}, "line": 2}, {"confidence": 0.98999995, "description": "\uc7a5\uc560\uc778", "boundingPoly": {"vertices": [{"x": 1301, "y": 102}, {"x": 1371, "y": 102}, {"x": 1371, "y": 133}, {"x": 1301, "y": 133}]}, "line": 2}, {"confidence": 0.96999997, "description": "(\uc7a5\uc560\uc758\uc815\ub3c4\uac00\uc2ec\ud55c\uc7a5\uc560\uc778)", "boundingPoly": {"vertices": [{"x": 1371, "y": 102}, {"x": 1709, "y": 100}, {"x": 1711, "y": 135}, {"x": 1371, "y": 133}]}, "line": 2}, {"confidence": 0.98999995, "description": "\uacfc\uad6d", "boundingPoly": {"vertices": [{"x": 1709, "y": 100}, {"x": 1766, "y": 100}, {"x": 1766, "y": 135}, {"x": 1711, "y": 135}]}, "line": 2}], [{"confidence": 0.98999995, "description": "\ubd80\uc0b0\uad11\uc5ed\uc2dc", "boundingPoly": {"vertices": [{"x": 174, "y": 123}, {"x": 438, "y": 125}, {"x": 439, "y": 184}, {"x": 176, "y": 193}]}, "line": 3}, {"confidence": 0.98999995, "description": "\ub3d9\ub798", "boundingPoly": {"vertices": [{"x": 535, "y": 125}, {"x": 615, "y": 125}, {"x": 617, "y": 180}, {"x": 537, "y": 182}]}, "line": 3}, {"confidence": 0.42, "description": "\uad6c\uccad\uc790\uac00\uc720\uace8\ucc28", "boundingPoly": {"vertices": [{"x": 660, "y": 125}, {"x": 914, "y": 127}, {"x": 916, "y": 172}, {"x": 662, "y": 178}]}, "line": 3}, {"confidence": 0.76, "description": "(\uc0c1\uc774\ub4f1\uae09", "boundingPoly": {"vertices": [{"x": 914, "y": 127}, {"x": 1043, "y": 127}, {"x": 1043, "y": 168}, {"x": 916, "y": 172}]}, "line": 3}, {"confidence": 0.98999995, "description": "3", "boundingPoly": {"vertices": [{"x": 1045, "y": 127}, {"x": 1068, "y": 127}, {"x": 1070, "y": 168}, {"x": 1047, "y": 168}]}, "line": 3}, {"confidence": 0.95, "description": "\uae09\uc774\uc0c1", "boundingPoly": {"vertices": [{"x": 1068, "y": 127}, {"x": 1133, "y": 129}, {"x": 1135, "y": 166}, {"x": 1070, "y": 168}]}, "line": 3}, {"confidence": 0.95, "description": "),", "boundingPoly": {"vertices": [{"x": 1135, "y": 129}, {"x": 1170, "y": 129}, {"x": 1170, "y": 166}, {"x": 1135, "y": 166}]}, "line": 3}, {"confidence": 0.98999995, "description": "\ubbf8\uc131\ub144\uc790\ub294\uc758\uacac\uc81c\ucd9c\uae30\uac04\uc5d0\uc2dc\ud589\ub839\uc81c", "boundingPoly": {"vertices": [{"x": 1170, "y": 129}, {"x": 1605, "y": 131}, {"x": 1607, "y": 158}, {"x": 1172, "y": 166}]}, "line": 3}, {"confidence": 0.98999995, "description": "2", "boundingPoly": {"vertices": [{"x": 1609, "y": 131}, {"x": 1625, "y": 131}, {"x": 1627, "y": 158}, {"x": 1609, "y": 158}]}, "line": 3}, {"confidence": 0.98999995, "description": "\uc870\uc758", "boundingPoly": {"vertices": [{"x": 1627, "y": 131}, {"x": 1674, "y": 131}, {"x": 1674, "y": 158}, {"x": 1627, "y": 158}]}, "line": 3}, {"confidence": 0.98999995, "description": "2", "boundingPoly": {"vertices": [{"x": 1674, "y": 131}, {"x": 1691, "y": 131}, {"x": 1691, "y": 158}, {"x": 1674, "y": 158}]}, "line": 3}, {"confidence": 0.98999995, "description": "\uc5d0\ub530\ub978", "boundingPoly": {"vertices": [{"x": 1691, "y": 131}, {"x": 1779, "y": 133}, {"x": 1779, "y": 156}, {"x": 1693, "y": 158}]}, "line": 3}], [{"confidence": 0.96, "description": "\uacfc\ud0dc\ub8cc\uac10\uacbd\uc744\uc704\ud55c\uc790\ub8cc\ub97c\uc81c\ucd9c\ud560\uc218\uc788\uc2b5\ub2c8\ub2e4.", "boundingPoly": {"vertices": [{"x": 822, "y": 148}, {"x": 1365, "y": 156}, {"x": 1365, "y": 189}, {"x": 822, "y": 189}]}, "line": 4}], [{"confidence": 0.98999995, "description": "\ubd80\uc0b0\uad11\uc5ed\uc2dc\ub3d9\ub798\uad6c\ucda9\ub82c\ub300\ub85c", "boundingPoly": {"vertices": [{"x": 164, "y": 186}, {"x": 543, "y": 186}, {"x": 543, "y": 232}, {"x": 166, "y": 230}]}, "line": 5}, {"confidence": 0.98999995, "description": "237", "boundingPoly": {"vertices": [{"x": 543, "y": 186}, {"x": 613, "y": 186}, {"x": 613, "y": 232}, {"x": 543, "y": 232}]}, "line": 5}, {"confidence": 0.98999995, "description": "\ubc88\uae38", "boundingPoly": {"vertices": [{"x": 617, "y": 186}, {"x": 672, "y": 186}, {"x": 670, "y": 232}, {"x": 617, "y": 232}]}, "line": 5}, {"confidence": 0.97999996, "description": "93(\ubcf5\ucc9c\ub3d9)", "boundingPoly": {"vertices": [{"x": 672, "y": 186}, {"x": 830, "y": 186}, {"x": 828, "y": 232}, {"x": 672, "y": 232}]}, "line": 5}], [{"confidence": 0.98999995, "description": "\uc0ac\uc9c1", "boundingPoly": {"vertices": [{"x": 1996, "y": 217}, {"x": 2061, "y": 215}, {"x": 2061, "y": 260}, {"x": 1996, "y": 260}]}, "line": 6}, {"confidence": 0.98999995, "description": "1", "boundingPoly": {"vertices": [{"x": 2062, "y": 215}, {"x": 2088, "y": 215}, {"x": 2088, "y": 260}, {"x": 2062, "y": 260}]}, "line": 6}, {"confidence": 0.98999995, "description": "\uc6b0\ud3b8", "boundingPoly": {"vertices": [{"x": 2090, "y": 215}, {"x": 2148, "y": 215}, {"x": 2148, "y": 260}, {"x": 2090, "y": 260}]}, "line": 6}, {"confidence": 0.98999995, "description": "(\ucde8)", "boundingPoly": {"vertices": [{"x": 2148, "y": 215}, {"x": 2211, "y": 217}, {"x": 2211, "y": 262}, {"x": 2148, "y": 260}]}, "line": 6}], [{"confidence": 0.98999995, "description": "\ub3d9\ub798\uad6c\uccad\uad50\ud1b5\uacfc", "boundingPoly": {"vertices": [{"x": 164, "y": 234}, {"x": 498, "y": 234}, {"x": 500, "y": 287}, {"x": 166, "y": 287}]}, "line": 7}, {"confidence": 0.98999995, "description": "(\uc8fc\ucc28\uc9c0\ub3c4\ub2f4\ub2f9)", "boundingPoly": {"vertices": [{"x": 502, "y": 234}, {"x": 830, "y": 236}, {"x": 830, "y": 289}, {"x": 502, "y": 287}]}, "line": 7}], [{"confidence": 0.98999995, "description": "TEL:", "boundingPoly": {"vertices": [{"x": 158, "y": 287}, {"x": 256, "y": 287}, {"x": 258, "y": 328}, {"x": 158, "y": 328}]}, "line": 8}, {"confidence": 0.94, "description": "(051)550-4561~6", "boundingPoly": {"vertices": [{"x": 260, "y": 287}, {"x": 588, "y": 289}, {"x": 588, "y": 328}, {"x": 260, "y": 328}]}, "line": 8}], [{"confidence": 0.98999995, "description": "\uc694\uae08\ud6c4\ub0a9", "boundingPoly": {"vertices": [{"x": 1998, "y": 301}, {"x": 2213, "y": 301}, {"x": 2213, "y": 357}, {"x": 1998, "y": 354}]}, "line": 9}], [{"confidence": 0.98999995, "description": "FAX:", "boundingPoly": {"vertices": [{"x": 158, "y": 334}, {"x": 256, "y": 334}, {"x": 258, "y": 371}, {"x": 160, "y": 371}]}, "line": 10}, {"confidence": 0.95, "description": "(051)550-4559", "boundingPoly": {"vertices": [{"x": 260, "y": 334}, {"x": 549, "y": 332}, {"x": 549, "y": 373}, {"x": 260, "y": 371}]}, "line": 10}], [{"confidence": 0.97999996, "description": "4", "boundingPoly": {"vertices": [{"x": 168, "y": 383}, {"x": 188, "y": 383}, {"x": 189, "y": 426}, {"x": 168, "y": 426}]}, "line": 11}, {"confidence": 0.97999996, "description": "7", "boundingPoly": {"vertices": [{"x": 219, "y": 385}, {"x": 242, "y": 385}, {"x": 242, "y": 426}, {"x": 219, "y": 426}]}, "line": 11}, {"confidence": 0.9, "description": "808", "boundingPoly": {"vertices": [{"x": 262, "y": 385}, {"x": 389, "y": 383}, {"x": 389, "y": 426}, {"x": 262, "y": 426}]}, "line": 11}], [{"confidence": 0.98999995, "description": "\ud658\ubd80\ubd88\ud544\uc694", "boundingPoly": {"vertices": [{"x": 2018, "y": 461}, {"x": 2193, "y": 461}, {"x": 2193, "y": 504}, {"x": 2020, "y": 502}]}, "line": 12}], [{"confidence": 0.96999997, "description": "\ubc1b\ub294\uc0ac\ub78c:", "boundingPoly": {"vertices": [{"x": 1180, "y": 516}, {"x": 1389, "y": 520}, {"x": 1389, "y": 574}, {"x": 1180, "y": 570}]}, "line": 13}, {"confidence": 0.97999996, "description": "\uacbd\uc0c1\ub0a8\ub3c4\ud568\uc548\uad70\uac00\uc57c\uc74d\ud568\uc548\ub300\ub85c", "boundingPoly": {"vertices": [{"x": 1391, "y": 521}, {"x": 1943, "y": 529}, {"x": 1941, "y": 576}, {"x": 1391, "y": 574}]}, "line": 13}, {"confidence": 0.97999996, "description": "735", "boundingPoly": {"vertices": [{"x": 1947, "y": 529}, {"x": 2020, "y": 531}, {"x": 2018, "y": 576}, {"x": 1945, "y": 576}]}, "line": 13}], [{"confidence": 0.98999995, "description": "2", "boundingPoly": {"vertices": [{"x": 1383, "y": 609}, {"x": 1406, "y": 609}, {"x": 1406, "y": 656}, {"x": 1383, "y": 656}]}, "line": 14}, {"confidence": 0.98999995, "description": "\uce35\uc81c\ub098\ub3d9\ud638", "boundingPoly": {"vertices": [{"x": 1408, "y": 609}, {"x": 1600, "y": 607}, {"x": 1600, "y": 656}, {"x": 1410, "y": 656}]}, "line": 14}], [{"confidence": 0.96, "description": "\uc8fc\uc2dd\ud68c\uc0ac\uc3d8\uce74\uadc0\ud558", "boundingPoly": {"vertices": [{"x": 2020, "y": 676}, {"x": 2336, "y": 680}, {"x": 2336, "y": 725}, {"x": 2020, "y": 725}]}, "line": 15}], [{"confidence": 0.98999995, "description": "5", "boundingPoly": {"vertices": [{"x": 1986, "y": 758}, {"x": 2002, "y": 758}, {"x": 2002, "y": 787}, {"x": 1986, "y": 787}]}, "line": 16}, {"confidence": 0.98999995, "description": "2", "boundingPoly": {"vertices": [{"x": 2045, "y": 758}, {"x": 2062, "y": 758}, {"x": 2062, "y": 787}, {"x": 2045, "y": 787}]}, "line": 16}, {"confidence": 0.98999995, "description": "0", "boundingPoly": {"vertices": [{"x": 2105, "y": 756}, {"x": 2123, "y": 756}, {"x": 2123, "y": 787}, {"x": 2105, "y": 787}]}, "line": 16}, {"confidence": 0.98999995, "description": "3", "boundingPoly": {"vertices": [{"x": 2174, "y": 756}, {"x": 2191, "y": 758}, {"x": 2193, "y": 789}, {"x": 2174, "y": 787}]}, "line": 16}, {"confidence": 0.98999995, "description": "4", "boundingPoly": {"vertices": [{"x": 2238, "y": 758}, {"x": 2258, "y": 758}, {"x": 2258, "y": 789}, {"x": 2240, "y": 789}]}, "line": 16}], [{"confidence": 0.75, "description": "\uc8fc\u00b7\uc815\ucc28\ub2e8\uc18d\uc0ac\uc804\ubb38\uc790\uc54c\ub9bc\uc11c\ube44\uc2a4\uc2e0\uccad\ubc29\ubc95", "boundingPoly": {"vertices": [{"x": 70, "y": 912}, {"x": 889, "y": 914}, {"x": 889, "y": 963}, {"x": 72, "y": 961}]}, "line": 17}], [{"confidence": 0.9, "description": "\uc2a4\ub9c8", "boundingPoly": {"vertices": [{"x": 270, "y": 971}, {"x": 320, "y": 971}, {"x": 320, "y": 1004}, {"x": 270, "y": 1004}]}, "line": 18}, {"confidence": 0.97999996, "description": "\ud2b8", "boundingPoly": {"vertices": [{"x": 352, "y": 971}, {"x": 369, "y": 969}, {"x": 369, "y": 1002}, {"x": 352, "y": 1002}]}, "line": 18}, {"confidence": 0.98999995, "description": "\ud3ec", "boundingPoly": {"vertices": [{"x": 393, "y": 969}, {"x": 410, "y": 969}, {"x": 410, "y": 1002}, {"x": 393, "y": 1002}]}, "line": 18}, {"confidence": 0.47, "description": "\uc561", "boundingPoly": {"vertices": [{"x": 438, "y": 969}, {"x": 455, "y": 969}, {"x": 455, "y": 1002}, {"x": 438, "y": 1002}]}, "line": 18}, {"confidence": 0.56, "description": "'\ud788", "boundingPoly": {"vertices": [{"x": 482, "y": 971}, {"x": 525, "y": 971}, {"x": 525, "y": 1002}, {"x": 482, "y": 1002}]}, "line": 18}, {"confidence": 0.14999999, "description": "\uc2a4'\ubb34", "boundingPoly": {"vertices": [{"x": 553, "y": 971}, {"x": 637, "y": 971}, {"x": 637, "y": 1000}, {"x": 553, "y": 1000}]}, "line": 18}, {"confidence": 0.78999996, "description": "\ub290", "boundingPoly": {"vertices": [{"x": 660, "y": 971}, {"x": 678, "y": 973}, {"x": 678, "y": 1000}, {"x": 660, "y": 1000}]}, "line": 18}], [{"confidence": 0.28, "description": "\uc9c8\uc11c\uc704\ubc18\ud589\uc704\uaddc\uc81c\ubc95\uc81c", "boundingPoly": {"vertices": [{"x": 207, "y": 998}, {"x": 504, "y": 996}, {"x": 504, "y": 1033}, {"x": 207, "y": 1029}]}, "line": 19}, {"confidence": 0.45, "description": "15", "boundingPoly": {"vertices": [{"x": 508, "y": 996}, {"x": 545, "y": 996}, {"x": 545, "y": 1033}, {"x": 506, "y": 1033}]}, "line": 19}, {"confidence": 0.98999995, "description": "\uc870\uc81c", "boundingPoly": {"vertices": [{"x": 553, "y": 996}, {"x": 605, "y": 996}, {"x": 604, "y": 1033}, {"x": 551, "y": 1033}]}, "line": 19}, {"confidence": 0.97999996, "description": "1", "boundingPoly": {"vertices": [{"x": 607, "y": 996}, {"x": 629, "y": 996}, {"x": 629, "y": 1033}, {"x": 607, "y": 1033}]}, "line": 19}, {"confidence": 0.84, "description": "\ud56d\uc758\uaddc\uc815\uc5d0\uc758\ud558\uc5ec\uc6b0\ub9ac\uae30\uad00\uc774\ud558\uace0\uc790\ud558\ub294\ucc98\ubd84\uc758\ub0b4\uc6a9\uc744\ud1b5\uc9c0\ud558\uc624", "boundingPoly": {"vertices": [{"x": 633, "y": 996}, {"x": 1549, "y": 998}, {"x": 1551, "y": 1037}, {"x": 631, "y": 1033}]}, "line": 19}], [{"confidence": 0.19999999, "description": "\uafb8\uc758\uacac\uc744\uc81c\ucd9c\ud558\uc5ec\uc8fc\uc2dc\uae30\ubc14\ub78d\ub2c8\ub2e4", "boundingPoly": {"vertices": [{"x": 201, "y": 1027}, {"x": 674, "y": 1025}, {"x": 674, "y": 1066}, {"x": 201, "y": 1066}]}, "line": 20}, {"confidence": 0.91999996, "description": ".70)", "boundingPoly": {"vertices": [{"x": 674, "y": 1025}, {"x": 760, "y": 1021}, {"x": 760, "y": 1066}, {"x": 674, "y": 1066}]}, "line": 20}], [{"confidence": 0.98999995, "description": "\uac10\uacbd\ub41c\uacfc\ud0dc\ub8cc\ub97c\ub0a9\ubd80\ud55c\uacbd\uc6b0\ubd80\uacfc\ubc0f\uc9d5\uc218\uc808\ucc28\uac00\uc885\ub8cc\ub418\uc5b4\uc758\uacac\uc81c\ucd9c\ubc0f\uc774\uc758\uc81c\uae30\ub97c\ud560\uc218\uc5c6\uc2b5\ub2c8\ub2e4.", "boundingPoly": {"vertices": [{"x": 203, "y": 1096}, {"x": 1518, "y": 1098}, {"x": 1518, "y": 1141}, {"x": 203, "y": 1137}]}, "line": 21}], [{"confidence": 0.98999995, "description": "\uacfc\ud0dc\ub8cc", "boundingPoly": {"vertices": [{"x": 533, "y": 1207}, {"x": 605, "y": 1207}, {"x": 605, "y": 1240}, {"x": 533, "y": 1240}]}, "line": 22}], [{"confidence": 0.98999995, "description": "\ubd80\uc0b0\uad11\uc5ed\uc2dc\ub3d9\ub798\uad6c", "boundingPoly": {"vertices": [{"x": 184, "y": 1225}, {"x": 377, "y": 1225}, {"x": 379, "y": 1266}, {"x": 186, "y": 1266}]}, "line": 23}], [{"confidence": 0.98999995, "description": "\uc601\uc218\uc99d", "boundingPoly": {"vertices": [{"x": 490, "y": 1244}, {"x": 561, "y": 1244}, {"x": 561, "y": 1277}, {"x": 490, "y": 1277}]}, "line": 24}, {"confidence": 0.97999996, "description": "(\ub0a9\ubd80\uc790\ubcf4\uad00\uc6a9)", "boundingPoly": {"vertices": [{"x": 570, "y": 1246}, {"x": 701, "y": 1248}, {"x": 701, "y": 1277}, {"x": 570, "y": 1277}]}, "line": 24}], [{"confidence": 0.98999995, "description": "\uc804\uc790", "boundingPoly": {"vertices": [{"x": 891, "y": 1307}, {"x": 963, "y": 1307}, {"x": 963, "y": 1344}, {"x": 891, "y": 1346}]}, "line": 25}, {"confidence": 0.98999995, "description": "\ub0a9", "boundingPoly": {"vertices": [{"x": 994, "y": 1307}, {"x": 1016, "y": 1307}, {"x": 1018, "y": 1344}, {"x": 994, "y": 1344}]}, "line": 25}, {"confidence": 0.98999995, "description": "\ubd80", "boundingPoly": {"vertices": [{"x": 1049, "y": 1307}, {"x": 1070, "y": 1307}, {"x": 1070, "y": 1344}, {"x": 1049, "y": 1344}]}, "line": 25}, {"confidence": 0.98999995, "description": "\ubc88\ud638", "boundingPoly": {"vertices": [{"x": 1098, "y": 1307}, {"x": 1164, "y": 1307}, {"x": 1166, "y": 1342}, {"x": 1098, "y": 1344}]}, "line": 25}], [{"confidence": 0.98999995, "description": "\ubd80\uacfc\ub0b4\uc5ed", "boundingPoly": {"vertices": [{"x": 354, "y": 1338}, {"x": 463, "y": 1338}, {"x": 463, "y": 1375}, {"x": 354, "y": 1377}]}, "line": 26}], [{"confidence": 0.95, "description": "2626022561115682306", "boundingPoly": {"vertices": [{"x": 861, "y": 1365}, {"x": 1227, "y": 1365}, {"x": 1227, "y": 1400}, {"x": 861, "y": 1400}]}, "line": 27}], [{"confidence": 0.98999995, "description": "[\ud2b9\ubcc4\ud68c\uacc4]", "boundingPoly": {"vertices": [{"x": 211, "y": 1387}, {"x": 379, "y": 1387}, {"x": 379, "y": 1428}, {"x": 211, "y": 1428}]}, "line": 28}, {"confidence": 0.98999995, "description": "\uc8fc\uc815\ucc28\uc704\ubc18\uacfc\ud0dc\ub8cc", "boundingPoly": {"vertices": [{"x": 381, "y": 1387}, {"x": 639, "y": 1387}, {"x": 639, "y": 1428}, {"x": 381, "y": 1428}]}, "line": 28}], [{"confidence": 0.25, "description": "\ud654\uc774\uc77c", "boundingPoly": {"vertices": [{"x": 1393, "y": 1418}, {"x": 1439, "y": 1418}, {"x": 1439, "y": 1434}, {"x": 1393, "y": 1432}]}, "line": 29}, {"confidence": 0.98999995, "description": "\uc2dc:2025/04/03", "boundingPoly": {"vertices": [{"x": 1451, "y": 1418}, {"x": 1576, "y": 1418}, {"x": 1576, "y": 1434}, {"x": 1451, "y": 1434}]}, "line": 29}, {"confidence": 0.57, "description": "16:26:41(7", "boundingPoly": {"vertices": [{"x": 1586, "y": 1418}, {"x": 1686, "y": 1418}, {"x": 1686, "y": 1434}, {"x": 1586, "y": 1434}]}, "line": 29}, {"confidence": 1.0, "description": "845-2)", "boundingPoly": {"vertices": [{"x": 1701, "y": 1418}, {"x": 1783, "y": 1418}, {"x": 1783, "y": 1432}, {"x": 1701, "y": 1434}]}, "line": 29}, {"confidence": 0.21, "description": "\ud569", "boundingPoly": {"vertices": [{"x": 1852, "y": 1418}, {"x": 1861, "y": 1418}, {"x": 1861, "y": 1434}, {"x": 1852, "y": 1434}]}, "line": 29}, {"confidence": 0.26, "description": "\uc131\uc778", "boundingPoly": {"vertices": [{"x": 1877, "y": 1418}, {"x": 1902, "y": 1418}, {"x": 1902, "y": 1434}, {"x": 1877, "y": 1434}]}, "line": 29}, {"confidence": 0.78, "description": "A:2025/04/03", "boundingPoly": {"vertices": [{"x": 1912, "y": 1418}, {"x": 2039, "y": 1418}, {"x": 2039, "y": 1434}, {"x": 1912, "y": 1434}]}, "line": 29}, {"confidence": 0.19, "description": "16:27:58(\ub9cc", "boundingPoly": {"vertices": [{"x": 2049, "y": 1418}, {"x": 2152, "y": 1418}, {"x": 2152, "y": 1434}, {"x": 2049, "y": 1434}]}, "line": 29}, {"confidence": 0.26999998, "description": "\uc804", "boundingPoly": {"vertices": [{"x": 2164, "y": 1418}, {"x": 2172, "y": 1418}, {"x": 2172, "y": 1434}, {"x": 2164, "y": 1434}]}, "line": 29}, {"confidence": 0.08, "description": "\uc2e0", "boundingPoly": {"vertices": [{"x": 2184, "y": 1418}, {"x": 2193, "y": 1418}, {"x": 2193, "y": 1434}, {"x": 2184, "y": 1434}]}, "line": 29}, {"confidence": 0.099999994, "description": "\uc778", "boundingPoly": {"vertices": [{"x": 2205, "y": 1418}, {"x": 2213, "y": 1418}, {"x": 2213, "y": 1434}, {"x": 2205, "y": 1434}]}, "line": 29}, {"confidence": 0.07, "description": "75)", "boundingPoly": {"vertices": [{"x": 2217, "y": 1418}, {"x": 2244, "y": 1418}, {"x": 2244, "y": 1434}, {"x": 2217, "y": 1434}]}, "line": 29}], [{"confidence": 0.97999996, "description": "\ubd80\uacfc\ub300\uc0c1:", "boundingPoly": {"vertices": [{"x": 158, "y": 1434}, {"x": 291, "y": 1434}, {"x": 291, "y": 1469}, {"x": 160, "y": 1471}]}, "line": 30}, {"confidence": 0.98999995, "description": "149", "boundingPoly": {"vertices": [{"x": 307, "y": 1434}, {"x": 365, "y": 1434}, {"x": 365, "y": 1469}, {"x": 307, "y": 1469}]}, "line": 30}, {"confidence": 0.98999995, "description": "\ud5c8", "boundingPoly": {"vertices": [{"x": 367, "y": 1434}, {"x": 389, "y": 1436}, {"x": 389, "y": 1469}, {"x": 367, "y": 1469}]}, "line": 30}, {"confidence": 0.97999996, "description": "5127", "boundingPoly": {"vertices": [{"x": 396, "y": 1436}, {"x": 473, "y": 1436}, {"x": 471, "y": 1469}, {"x": 395, "y": 1469}]}, "line": 30}, {"confidence": 0.98999995, "description": "\uac00", "boundingPoly": {"vertices": [{"x": 887, "y": 1439}, {"x": 908, "y": 1439}, {"x": 910, "y": 1477}, {"x": 889, "y": 1477}]}, "line": 30}, {"confidence": 0.98999995, "description": "\uc0c1", "boundingPoly": {"vertices": [{"x": 943, "y": 1441}, {"x": 965, "y": 1441}, {"x": 965, "y": 1477}, {"x": 945, "y": 1477}]}, "line": 30}, {"confidence": 0.98999995, "description": "\uacc4", "boundingPoly": {"vertices": [{"x": 990, "y": 1441}, {"x": 1010, "y": 1441}, {"x": 1012, "y": 1477}, {"x": 990, "y": 1477}]}, "line": 30}, {"confidence": 0.98999995, "description": "\uc88c", "boundingPoly": {"vertices": [{"x": 1041, "y": 1441}, {"x": 1062, "y": 1441}, {"x": 1062, "y": 1477}, {"x": 1041, "y": 1477}]}, "line": 30}, {"confidence": 0.98999995, "description": "\ubc88", "boundingPoly": {"vertices": [{"x": 1096, "y": 1441}, {"x": 1117, "y": 1441}, {"x": 1117, "y": 1477}, {"x": 1098, "y": 1477}]}, "line": 30}, {"confidence": 0.98999995, "description": "\ud638", "boundingPoly": {"vertices": [{"x": 1143, "y": 1441}, {"x": 1164, "y": 1441}, {"x": 1164, "y": 1477}, {"x": 1143, "y": 1477}]}, "line": 30}], [{"confidence": 0.97999996, "description": "\ub2e8\uc18d\uc77c\uc2dc:", "boundingPoly": {"vertices": [{"x": 152, "y": 1479}, {"x": 289, "y": 1479}, {"x": 289, "y": 1512}, {"x": 154, "y": 1514}]}, "line": 31}, {"confidence": 0.96999997, "description": "2025-04-03", "boundingPoly": {"vertices": [{"x": 305, "y": 1479}, {"x": 482, "y": 1479}, {"x": 482, "y": 1512}, {"x": 305, "y": 1512}]}, "line": 31}, {"confidence": 0.97999996, "description": "16:27", "boundingPoly": {"vertices": [{"x": 490, "y": 1479}, {"x": 578, "y": 1479}, {"x": 578, "y": 1512}, {"x": 490, "y": 1512}]}, "line": 31}, {"confidence": 0.98999995, "description": "\ubd80\uc0b0\uc740\ud589", "boundingPoly": {"vertices": [{"x": 850, "y": 1482}, {"x": 961, "y": 1484}, {"x": 961, "y": 1521}, {"x": 850, "y": 1521}]}, "line": 31}, {"confidence": 0.96999997, "description": "69481-91-430930", "boundingPoly": {"vertices": [{"x": 967, "y": 1484}, {"x": 1244, "y": 1486}, {"x": 1242, "y": 1520}, {"x": 969, "y": 1521}]}, "line": 31}], [{"confidence": 0.98999995, "description": "\ub2e8\uc18d\uc7a5\uc18c:", "boundingPoly": {"vertices": [{"x": 154, "y": 1520}, {"x": 291, "y": 1520}, {"x": 293, "y": 1555}, {"x": 154, "y": 1555}]}, "line": 32}, {"confidence": 0.98999995, "description": "\uc628\ucc9c\ub3d9", "boundingPoly": {"vertices": [{"x": 316, "y": 1520}, {"x": 398, "y": 1520}, {"x": 398, "y": 1555}, {"x": 318, "y": 1555}]}, "line": 32}, {"confidence": 0.97999996, "description": "1486", "boundingPoly": {"vertices": [{"x": 406, "y": 1520}, {"x": 482, "y": 1520}, {"x": 482, "y": 1557}, {"x": 406, "y": 1555}]}, "line": 32}], [{"confidence": 0.98999995, "description": "\uad6d\ubbfc\uc740\ud589", "boundingPoly": {"vertices": [{"x": 838, "y": 1533}, {"x": 949, "y": 1535}, {"x": 949, "y": 1570}, {"x": 840, "y": 1572}]}, "line": 33}, {"confidence": 0.96999997, "description": "044892-60-196991", "boundingPoly": {"vertices": [{"x": 957, "y": 1535}, {"x": 1252, "y": 1535}, {"x": 1252, "y": 1570}, {"x": 957, "y": 1570}]}, "line": 33}], [{"confidence": 0.97999996, "description": "\uadfc\uac70\ubc95\uaddc:", "boundingPoly": {"vertices": [{"x": 156, "y": 1561}, {"x": 287, "y": 1562}, {"x": 289, "y": 1598}, {"x": 158, "y": 1598}]}, "line": 34}, {"confidence": 0.98999995, "description": "\ub3c4\ub85c\uad50\ud1b5\ubc95\uc81c", "boundingPoly": {"vertices": [{"x": 312, "y": 1562}, {"x": 465, "y": 1564}, {"x": 467, "y": 1596}, {"x": 312, "y": 1598}]}, "line": 34}, {"confidence": 0.97999996, "description": "32~34", "boundingPoly": {"vertices": [{"x": 469, "y": 1564}, {"x": 559, "y": 1564}, {"x": 561, "y": 1596}, {"x": 469, "y": 1596}]}, "line": 34}, {"confidence": 0.98999995, "description": "\uc870,", "boundingPoly": {"vertices": [{"x": 561, "y": 1564}, {"x": 592, "y": 1564}, {"x": 592, "y": 1596}, {"x": 562, "y": 1596}]}, "line": 34}, {"confidence": 0.98999995, "description": "\uc81c", "boundingPoly": {"vertices": [{"x": 592, "y": 1564}, {"x": 613, "y": 1564}, {"x": 613, "y": 1596}, {"x": 594, "y": 1596}]}, "line": 34}, {"confidence": 0.98999995, "description": "161", "boundingPoly": {"vertices": [{"x": 619, "y": 1564}, {"x": 670, "y": 1564}, {"x": 672, "y": 1596}, {"x": 619, "y": 1596}]}, "line": 34}, {"confidence": 0.98999995, "description": "\uc870", "boundingPoly": {"vertices": [{"x": 672, "y": 1564}, {"x": 693, "y": 1564}, {"x": 693, "y": 1596}, {"x": 674, "y": 1596}]}, "line": 34}], [{"confidence": 0.98999995, "description": "\ud558\ub098\uc740\ud589", "boundingPoly": {"vertices": [{"x": 834, "y": 1582}, {"x": 951, "y": 1584}, {"x": 951, "y": 1621}, {"x": 834, "y": 1621}]}, "line": 35}, {"confidence": 0.96999997, "description": "619158-71-702137", "boundingPoly": {"vertices": [{"x": 957, "y": 1584}, {"x": 1252, "y": 1586}, {"x": 1252, "y": 1619}, {"x": 957, "y": 1621}]}, "line": 35}], [{"confidence": 0.98999995, "description": "\uc704\ubc18\uc0ac\ud56d:", "boundingPoly": {"vertices": [{"x": 152, "y": 1604}, {"x": 289, "y": 1604}, {"x": 289, "y": 1641}, {"x": 152, "y": 1643}]}, "line": 36}, {"confidence": 0.98999995, "description": "\uc8fc\ubbfc\uc2e0\uace0", "boundingPoly": {"vertices": [{"x": 316, "y": 1604}, {"x": 424, "y": 1604}, {"x": 424, "y": 1643}, {"x": 316, "y": 1641}]}, "line": 36}], [{"confidence": 0.98999995, "description": "\uc2e0\ud55c\uc740\ud589", "boundingPoly": {"vertices": [{"x": 836, "y": 1633}, {"x": 951, "y": 1633}, {"x": 951, "y": 1670}, {"x": 836, "y": 1670}]}, "line": 37}, {"confidence": 0.96999997, "description": "562212-24-153238", "boundingPoly": {"vertices": [{"x": 959, "y": 1633}, {"x": 1252, "y": 1637}, {"x": 1254, "y": 1670}, {"x": 959, "y": 1670}]}, "line": 37}], [{"confidence": 0.98999995, "description": "\uc758\uacac\uc81c\ucd9c:", "boundingPoly": {"vertices": [{"x": 154, "y": 1646}, {"x": 291, "y": 1648}, {"x": 291, "y": 1684}, {"x": 156, "y": 1686}]}, "line": 38}, {"confidence": 0.97999996, "description": "2025-04-25", "boundingPoly": {"vertices": [{"x": 303, "y": 1648}, {"x": 480, "y": 1648}, {"x": 482, "y": 1684}, {"x": 303, "y": 1684}]}, "line": 38}, {"confidence": 0.98999995, "description": "\uae4c\uc9c0", "boundingPoly": {"vertices": [{"x": 494, "y": 1648}, {"x": 549, "y": 1648}, {"x": 549, "y": 1686}, {"x": 494, "y": 1684}]}, "line": 38}], [{"confidence": 0.97999996, "description": "\ub0a9\ubd80\uc790:", "boundingPoly": {"vertices": [{"x": 156, "y": 1689}, {"x": 285, "y": 1689}, {"x": 285, "y": 1727}, {"x": 158, "y": 1727}]}, "line": 39}, {"confidence": 0.97999996, "description": "\uc8fc\uc2dd\ud68c\uc0ac\uc3d8\uce74", "boundingPoly": {"vertices": [{"x": 314, "y": 1689}, {"x": 490, "y": 1691}, {"x": 490, "y": 1725}, {"x": 316, "y": 1727}]}, "line": 39}, {"confidence": 0.98999995, "description": "\uc218\ud611", "boundingPoly": {"vertices": [{"x": 867, "y": 1684}, {"x": 920, "y": 1684}, {"x": 920, "y": 1719}, {"x": 867, "y": 1719}]}, "line": 39}, {"confidence": 0.96, "description": "491015-17-347870", "boundingPoly": {"vertices": [{"x": 932, "y": 1684}, {"x": 1225, "y": 1684}, {"x": 1225, "y": 1719}, {"x": 932, "y": 1719}]}, "line": 39}], [{"confidence": 0.26, "description": "Galaxy", "boundingPoly": {"vertices": [{"x": 1416, "y": 1701}, {"x": 1459, "y": 1701}, {"x": 1461, "y": 1713}, {"x": 1418, "y": 1711}]}, "line": 40}, {"confidence": 0.74, "description": "Z", "boundingPoly": {"vertices": [{"x": 1463, "y": 1701}, {"x": 1471, "y": 1701}, {"x": 1471, "y": 1713}, {"x": 1465, "y": 1713}]}, "line": 40}, {"confidence": 0.42, "description": "Flipti", "boundingPoly": {"vertices": [{"x": 1477, "y": 1701}, {"x": 1510, "y": 1701}, {"x": 1512, "y": 1713}, {"x": 1477, "y": 1713}]}, "line": 40}], [{"confidence": 0.98999995, "description": "\uc6b0\ub9ac\uc740\ud589", "boundingPoly": {"vertices": [{"x": 838, "y": 1730}, {"x": 949, "y": 1732}, {"x": 949, "y": 1770}, {"x": 838, "y": 1768}]}, "line": 41}, {"confidence": 0.96, "description": "702833-86-692328", "boundingPoly": {"vertices": [{"x": 955, "y": 1732}, {"x": 1250, "y": 1734}, {"x": 1252, "y": 1768}, {"x": 957, "y": 1770}]}, "line": 41}], [{"confidence": 0.75, "description": "14905127", "boundingPoly": {"vertices": [{"x": 1867, "y": 1746}, {"x": 2305, "y": 1811}, {"x": 2283, "y": 1998}, {"x": 1838, "y": 1922}]}, "line": 42}], [{"confidence": 0.98999995, "description": "\ub18d\ud611", "boundingPoly": {"vertices": [{"x": 865, "y": 1783}, {"x": 918, "y": 1783}, {"x": 920, "y": 1818}, {"x": 867, "y": 1818}]}, "line": 43}, {"confidence": 0.95, "description": "790298-65-699733", "boundingPoly": {"vertices": [{"x": 930, "y": 1783}, {"x": 1225, "y": 1785}, {"x": 1225, "y": 1818}, {"x": 932, "y": 1818}]}, "line": 43}], [{"confidence": 0.98999995, "description": "\ub0a9\ubd80\uae30\ud55c", "boundingPoly": {"vertices": [{"x": 141, "y": 1818}, {"x": 289, "y": 1818}, {"x": 289, "y": 1857}, {"x": 141, "y": 1857}]}, "line": 44}, {"confidence": 0.98999995, "description": "2025.04.25", "boundingPoly": {"vertices": [{"x": 383, "y": 1811}, {"x": 559, "y": 1812}, {"x": 559, "y": 1844}, {"x": 383, "y": 1844}]}, "line": 44}], [{"confidence": 0.98999995, "description": "\uae4c\uc9c0", "boundingPoly": {"vertices": [{"x": 639, "y": 1826}, {"x": 684, "y": 1826}, {"x": 684, "y": 1855}, {"x": 639, "y": 1854}]}, "line": 45}], [{"confidence": 0.98999995, "description": "40,000", "boundingPoly": {"vertices": [{"x": 525, "y": 1863}, {"x": 627, "y": 1863}, {"x": 627, "y": 1895}, {"x": 525, "y": 1893}]}, "line": 46}], [{"confidence": 0.41, "description": "0", "boundingPoly": {"vertices": [{"x": 1707, "y": 1879}, {"x": 1715, "y": 1879}, {"x": 1715, "y": 1895}, {"x": 1705, "y": 1895}]}, "line": 47}], [{"confidence": 0.98999995, "description": "\uacfc\ud0dc\ub8cc\uae08\uc561", "boundingPoly": {"vertices": [{"x": 137, "y": 1879}, {"x": 283, "y": 1877}, {"x": 285, "y": 1916}, {"x": 139, "y": 1916}]}, "line": 48}], [{"confidence": 0.97999996, "description": "8,000", "boundingPoly": {"vertices": [{"x": 545, "y": 1914}, {"x": 625, "y": 1914}, {"x": 625, "y": 1945}, {"x": 545, "y": 1945}]}, "line": 49}], [{"confidence": 0.98999995, "description": "\uac10\uacbd\uae08\uc561", "boundingPoly": {"vertices": [{"x": 141, "y": 1932}, {"x": 289, "y": 1934}, {"x": 287, "y": 1973}, {"x": 139, "y": 1971}]}, "line": 50}], [{"confidence": 0.98999995, "description": "32,000", "boundingPoly": {"vertices": [{"x": 525, "y": 1967}, {"x": 623, "y": 1969}, {"x": 623, "y": 2000}, {"x": 525, "y": 1998}]}, "line": 51}], [{"confidence": 0.98999995, "description": "\ub0a9\ubd80\uae08\uc561", "boundingPoly": {"vertices": [{"x": 137, "y": 1990}, {"x": 285, "y": 1990}, {"x": 285, "y": 2031}, {"x": 139, "y": 2031}]}, "line": 52}, {"confidence": 0.01, "description": "LLA", "boundingPoly": {"vertices": [{"x": 2061, "y": 1996}, {"x": 2098, "y": 1996}, {"x": 2098, "y": 2020}, {"x": 2061, "y": 2018}]}, "line": 52}], [{"confidence": 0.12, "description": "\uc544\ud558\ub300\uc6b4\ud558\ud30c\ud06c", "boundingPoly": {"vertices": [{"x": 1568, "y": 2012}, {"x": 1680, "y": 2008}, {"x": 1680, "y": 2025}, {"x": 1568, "y": 2029}]}, "line": 53}], [{"confidence": 0.37, "description": "kakadD", "boundingPoly": {"vertices": [{"x": 1395, "y": 2020}, {"x": 1453, "y": 2020}, {"x": 1453, "y": 2033}, {"x": 1396, "y": 2033}]}, "line": 54}, {"confidence": 0.88, "description": ".9", "boundingPoly": {"vertices": [{"x": 1504, "y": 2020}, {"x": 1523, "y": 2020}, {"x": 1523, "y": 2033}, {"x": 1504, "y": 2035}]}, "line": 54}], [{"confidence": 0.9, "description": "\uadc0\ud558\uaed8\uc11c\uc758\uacac\uc81c\ucd9c\uae30\ud55c\ub0b4\uc5d0\uc758\uacac\uc81c\ucd9c\uc5c6\uc774\uacfc\ud0dc\ub8cc\ub97c\ub0a9\ubd80\ud558\uace0\uc790\ud558\ub294\uacbd\uc6b0\uc5d0\ub294\uc544\ub798\uc758\uacfc\ud0dc\ub8cc", "boundingPoly": {"vertices": [{"x": 1355, "y": 2043}, {"x": 2289, "y": 2039}, {"x": 2289, "y": 2070}, {"x": 1355, "y": 2066}]}, "line": 55}], [{"confidence": 0.98999995, "description": "\uadfc\uac70\ubc95\uaddc", "boundingPoly": {"vertices": [{"x": 965, "y": 2066}, {"x": 1086, "y": 2068}, {"x": 1086, "y": 2105}, {"x": 965, "y": 2105}]}, "line": 56}, {"confidence": 0.39, "description": "\ubd80\uace0\uc9c0\uc11c\ub97c\uc774\uc6a9\ud558\uc5ec\ub0a9\ubd80\ud558\uc2e4\uc218\uc788\uc2b5\ub2c8", "boundingPoly": {"vertices": [{"x": 1377, "y": 2064}, {"x": 1770, "y": 2066}, {"x": 1768, "y": 2090}, {"x": 1377, "y": 2088}]}, "line": 56}], [{"confidence": 0.98999995, "description": "\ub0a9\ubd80\uae30\ud55c\uc774\ud6c4\uc218\ub0a9\ubd88\uac00", "boundingPoly": {"vertices": [{"x": 254, "y": 2080}, {"x": 555, "y": 2080}, {"x": 555, "y": 2121}, {"x": 254, "y": 2119}]}, "line": 57}, {"confidence": 0.35, "description": "\uae30\ud55c\ub0b4\uc5d0\uc790\uc9c4\ub0a9\ubd80\ud558\ub294\ub54c\uc5d0\ub294\uacfc\ud0dc\ub8cc\uac00", "boundingPoly": {"vertices": [{"x": 1354, "y": 2086}, {"x": 1748, "y": 2088}, {"x": 1748, "y": 2115}, {"x": 1355, "y": 2113}]}, "line": 57}, {"confidence": 0.98999995, "description": "20%", "boundingPoly": {"vertices": [{"x": 1758, "y": 2088}, {"x": 1803, "y": 2088}, {"x": 1803, "y": 2115}, {"x": 1758, "y": 2115}]}, "line": 57}, {"confidence": 0.96, "description": "\uac10\uacbd\ub429\ub2c8\ub2e4.", "boundingPoly": {"vertices": [{"x": 1824, "y": 2088}, {"x": 1939, "y": 2088}, {"x": 1939, "y": 2117}, {"x": 1824, "y": 2115}]}, "line": 57}, {"confidence": 0.97999996, "description": "(\uc758\uacac\uc9c4\uc220\uc740\uc790\ub3d9\uc885\ub8cc\ub418\uba70\uc790\uc9c4\ub0a9\ubd80", "boundingPoly": {"vertices": [{"x": 1939, "y": 2088}, {"x": 2305, "y": 2084}, {"x": 2305, "y": 2119}, {"x": 1939, "y": 2117}]}, "line": 57}], [{"confidence": 0.94, "description": "\ub97c\ud558\uc2e0\uacbd\uc6b0\uc774", "boundingPoly": {"vertices": [{"x": 1355, "y": 2115}, {"x": 1500, "y": 2111}, {"x": 1500, "y": 2139}, {"x": 1357, "y": 2139}]}, "line": 58}, {"confidence": 0.9, "description": "\ud1b5\uc9c0\uc11c\ub97c\ud3d0\uae30\ud558\uc2dc\uae30\ubc14\ub78d\ub2c8\ub2e4", "boundingPoly": {"vertices": [{"x": 1520, "y": 2111}, {"x": 1814, "y": 2113}, {"x": 1814, "y": 2141}, {"x": 1521, "y": 2139}]}, "line": 58}, {"confidence": 0.97999996, "description": ".)", "boundingPoly": {"vertices": [{"x": 1816, "y": 2113}, {"x": 1836, "y": 2113}, {"x": 1836, "y": 2141}, {"x": 1816, "y": 2141}]}, "line": 58}], [{"confidence": 0.98999995, "description": "\uc704\uc758\uae08\uc561\uc744\uc601\uc218\ud569\ub2c8\ub2e4.", "boundingPoly": {"vertices": [{"x": 104, "y": 2141}, {"x": 365, "y": 2143}, {"x": 365, "y": 2176}, {"x": 104, "y": 2174}]}, "line": 59}], [{"confidence": 0.98999995, "description": "\ub3c4\ub85c\uad50\ud1b5\ubc95\uc81c", "boundingPoly": {"vertices": [{"x": 826, "y": 2162}, {"x": 1039, "y": 2166}, {"x": 1039, "y": 2211}, {"x": 826, "y": 2211}]}, "line": 60}, {"confidence": 0.98999995, "description": "32", "boundingPoly": {"vertices": [{"x": 1049, "y": 2166}, {"x": 1100, "y": 2166}, {"x": 1100, "y": 2211}, {"x": 1049, "y": 2211}]}, "line": 60}, {"confidence": 0.98999995, "description": "~", "boundingPoly": {"vertices": [{"x": 1102, "y": 2166}, {"x": 1129, "y": 2166}, {"x": 1129, "y": 2211}, {"x": 1102, "y": 2211}]}, "line": 60}, {"confidence": 0.98999995, "description": "34", "boundingPoly": {"vertices": [{"x": 1139, "y": 2166}, {"x": 1189, "y": 2166}, {"x": 1189, "y": 2211}, {"x": 1139, "y": 2211}]}, "line": 60}, {"confidence": 0.98999995, "description": "\uc870", "boundingPoly": {"vertices": [{"x": 1197, "y": 2166}, {"x": 1225, "y": 2166}, {"x": 1225, "y": 2211}, {"x": 1197, "y": 2211}]}, "line": 60}], [{"confidence": 0.98999995, "description": "\uc218\ub0a9\uc778", "boundingPoly": {"vertices": [{"x": 592, "y": 2211}, {"x": 656, "y": 2211}, {"x": 656, "y": 2242}, {"x": 592, "y": 2242}]}, "line": 61}], [{"confidence": 0.82, "description": "\ubd80\uc0b0\uad11\uc5ed\uc2dc\ub3d9\ub798\uad6c\uccad\uc7a5", "boundingPoly": {"vertices": [{"x": 219, "y": 2232}, {"x": 488, "y": 2236}, {"x": 486, "y": 2277}, {"x": 217, "y": 2281}]}, "line": 62}], [{"confidence": 0.98999995, "description": "\uacfc\ud0dc\ub8cc", "boundingPoly": {"vertices": [{"x": 502, "y": 2387}, {"x": 572, "y": 2387}, {"x": 572, "y": 2416}, {"x": 500, "y": 2414}]}, "line": 63}], [{"confidence": 0.97999996, "description": "\ubd80\uc0b0\uad11\uc5ed\uc2dc\ub3d9\ub798\uad6c", "boundingPoly": {"vertices": [{"x": 174, "y": 2396}, {"x": 369, "y": 2398}, {"x": 367, "y": 2447}, {"x": 172, "y": 2447}]}, "line": 64}, {"confidence": 0.97999996, "description": "\ubd80\uc0b0\uad11\uc5ed\uc2dc\ub3d9\ub798\uad6c", "boundingPoly": {"vertices": [{"x": 828, "y": 2398}, {"x": 1023, "y": 2400}, {"x": 1025, "y": 2449}, {"x": 826, "y": 2449}]}, "line": 64}, {"confidence": 0.98999995, "description": "\uacfc\ud0dc\ub8cc\uc601\uc218\ud544\ud1b5\uc9c0\uc11c", "boundingPoly": {"vertices": [{"x": 1158, "y": 2400}, {"x": 1412, "y": 2402}, {"x": 1412, "y": 2436}, {"x": 1158, "y": 2436}]}, "line": 64}, {"confidence": 0.97999996, "description": "(\uc9d5\uc218\uae30\uad00\ubcf4\uad00\uc6a9)", "boundingPoly": {"vertices": [{"x": 1881, "y": 2408}, {"x": 2031, "y": 2408}, {"x": 2031, "y": 2436}, {"x": 1881, "y": 2436}]}, "line": 64}, {"confidence": 0.98999995, "description": "\uc138\uc678\uc218\uc785", "boundingPoly": {"vertices": [{"x": 2184, "y": 2398}, {"x": 2318, "y": 2398}, {"x": 2318, "y": 2441}, {"x": 2184, "y": 2439}]}, "line": 64}], [{"confidence": 0.98999995, "description": "\uc218\ub0a9\uc758\ub8b0\uc11c", "boundingPoly": {"vertices": [{"x": 449, "y": 2424}, {"x": 568, "y": 2422}, {"x": 570, "y": 2455}, {"x": 449, "y": 2455}]}, "line": 65}, {"confidence": 0.82, "description": "(\ubcf4\uad00\uc6a9", "boundingPoly": {"vertices": [{"x": 580, "y": 2422}, {"x": 678, "y": 2426}, {"x": 680, "y": 2457}, {"x": 580, "y": 2455}]}, "line": 65}], [{"confidence": 0.97999996, "description": "33001200159", "boundingPoly": {"vertices": [{"x": 252, "y": 2504}, {"x": 420, "y": 2506}, {"x": 418, "y": 2531}, {"x": 252, "y": 2531}]}, "line": 66}, {"confidence": 0.97999996, "description": "2025", "boundingPoly": {"vertices": [{"x": 457, "y": 2504}, {"x": 518, "y": 2504}, {"x": 518, "y": 2531}, {"x": 457, "y": 2529}]}, "line": 66}, {"confidence": 0.98999995, "description": "61", "boundingPoly": {"vertices": [{"x": 572, "y": 2504}, {"x": 600, "y": 2504}, {"x": 600, "y": 2533}, {"x": 572, "y": 2533}]}, "line": 66}], [{"confidence": 0.98999995, "description": "\ub0a9", "boundingPoly": {"vertices": [{"x": 127, "y": 2521}, {"x": 148, "y": 2521}, {"x": 148, "y": 2557}, {"x": 127, "y": 2557}]}, "line": 67}, {"confidence": 0.98999995, "description": "\ubd80", "boundingPoly": {"vertices": [{"x": 193, "y": 2521}, {"x": 211, "y": 2521}, {"x": 209, "y": 2557}, {"x": 191, "y": 2557}]}, "line": 67}, {"confidence": 0.98999995, "description": "\ub0a9", "boundingPoly": {"vertices": [{"x": 785, "y": 2521}, {"x": 805, "y": 2521}, {"x": 805, "y": 2555}, {"x": 785, "y": 2555}]}, "line": 67}, {"confidence": 0.98999995, "description": "\ubd80", "boundingPoly": {"vertices": [{"x": 848, "y": 2521}, {"x": 867, "y": 2521}, {"x": 867, "y": 2555}, {"x": 848, "y": 2555}]}, "line": 67}, {"confidence": 0.98999995, "description": "\uae30\uad00\ubd80\uc11c\ucf54\ub4dc", "boundingPoly": {"vertices": [{"x": 949, "y": 2514}, {"x": 1121, "y": 2512}, {"x": 1121, "y": 2549}, {"x": 949, "y": 2549}]}, "line": 67}, {"confidence": 0.98999995, "description": "\uc5f0\ub3c4", "boundingPoly": {"vertices": [{"x": 1217, "y": 2514}, {"x": 1268, "y": 2514}, {"x": 1268, "y": 2547}, {"x": 1217, "y": 2547}]}, "line": 67}, {"confidence": 0.98999995, "description": "\ud68c\uacc4", "boundingPoly": {"vertices": [{"x": 1318, "y": 2514}, {"x": 1369, "y": 2514}, {"x": 1369, "y": 2547}, {"x": 1318, "y": 2547}]}, "line": 67}, {"confidence": 0.98999995, "description": "\uacfc\ubaa9", "boundingPoly": {"vertices": [{"x": 1459, "y": 2514}, {"x": 1514, "y": 2514}, {"x": 1512, "y": 2549}, {"x": 1459, "y": 2549}]}, "line": 67}, {"confidence": 0.98999995, "description": "\uace0\uc9c0\ubc88\ud638", "boundingPoly": {"vertices": [{"x": 1609, "y": 2516}, {"x": 1721, "y": 2514}, {"x": 1721, "y": 2549}, {"x": 1609, "y": 2547}]}, "line": 67}, {"confidence": 0.98999995, "description": "\uac80", "boundingPoly": {"vertices": [{"x": 1783, "y": 2512}, {"x": 1801, "y": 2512}, {"x": 1801, "y": 2549}, {"x": 1781, "y": 2549}]}, "line": 67}, {"confidence": 0.98999995, "description": "\ub3d9\ub798", "boundingPoly": {"vertices": [{"x": 2221, "y": 2516}, {"x": 2281, "y": 2516}, {"x": 2281, "y": 2551}, {"x": 2221, "y": 2551}]}, "line": 67}, {"confidence": 0.98999995, "description": "\uad6c", "boundingPoly": {"vertices": [{"x": 2307, "y": 2516}, {"x": 2326, "y": 2516}, {"x": 2326, "y": 2551}, {"x": 2307, "y": 2551}]}, "line": 67}], [{"confidence": 0.98999995, "description": "\ubc88", "boundingPoly": {"vertices": [{"x": 127, "y": 2561}, {"x": 146, "y": 2561}, {"x": 146, "y": 2594}, {"x": 127, "y": 2594}]}, "line": 68}, {"confidence": 0.98999995, "description": "\ud638", "boundingPoly": {"vertices": [{"x": 188, "y": 2561}, {"x": 209, "y": 2561}, {"x": 209, "y": 2594}, {"x": 189, "y": 2594}]}, "line": 68}, {"confidence": 0.98999995, "description": "234006", "boundingPoly": {"vertices": [{"x": 252, "y": 2557}, {"x": 340, "y": 2557}, {"x": 340, "y": 2584}, {"x": 252, "y": 2582}]}, "line": 68}, {"confidence": 0.98999995, "description": "01976900", "boundingPoly": {"vertices": [{"x": 352, "y": 2557}, {"x": 475, "y": 2557}, {"x": 475, "y": 2584}, {"x": 352, "y": 2584}]}, "line": 68}, {"confidence": 0.98999995, "description": "4", "boundingPoly": {"vertices": [{"x": 508, "y": 2557}, {"x": 521, "y": 2557}, {"x": 521, "y": 2582}, {"x": 508, "y": 2582}]}, "line": 68}], [{"confidence": 0.98999995, "description": "\ubc88", "boundingPoly": {"vertices": [{"x": 783, "y": 2564}, {"x": 803, "y": 2564}, {"x": 803, "y": 2596}, {"x": 785, "y": 2596}]}, "line": 69}, {"confidence": 0.98999995, "description": "\ud638", "boundingPoly": {"vertices": [{"x": 840, "y": 2564}, {"x": 857, "y": 2562}, {"x": 859, "y": 2594}, {"x": 840, "y": 2594}]}, "line": 69}], [{"confidence": 0.97999996, "description": "33001200159", "boundingPoly": {"vertices": [{"x": 924, "y": 2600}, {"x": 1092, "y": 2598}, {"x": 1092, "y": 2627}, {"x": 924, "y": 2627}]}, "line": 70}, {"confidence": 0.94, "description": "2025", "boundingPoly": {"vertices": [{"x": 1178, "y": 2602}, {"x": 1236, "y": 2600}, {"x": 1236, "y": 2627}, {"x": 1180, "y": 2625}]}, "line": 70}, {"confidence": 0.97999996, "description": "61", "boundingPoly": {"vertices": [{"x": 1283, "y": 2602}, {"x": 1314, "y": 2602}, {"x": 1314, "y": 2627}, {"x": 1285, "y": 2629}]}, "line": 70}, {"confidence": 0.79999995, "description": "284006", "boundingPoly": {"vertices": [{"x": 1375, "y": 2602}, {"x": 1463, "y": 2602}, {"x": 1465, "y": 2629}, {"x": 1375, "y": 2627}]}, "line": 70}, {"confidence": 0.91999996, "description": "01976900", "boundingPoly": {"vertices": [{"x": 1537, "y": 2602}, {"x": 1658, "y": 2602}, {"x": 1660, "y": 2627}, {"x": 1537, "y": 2629}]}, "line": 70}, {"confidence": 0.98999995, "description": "4", "boundingPoly": {"vertices": [{"x": 1711, "y": 2602}, {"x": 1723, "y": 2602}, {"x": 1725, "y": 2627}, {"x": 1711, "y": 2627}]}, "line": 70}], [{"confidence": 0.98999995, "description": "\ub0a9\ubd80\uc790:", "boundingPoly": {"vertices": [{"x": 104, "y": 2664}, {"x": 211, "y": 2662}, {"x": 213, "y": 2699}, {"x": 105, "y": 2699}]}, "line": 71}, {"confidence": 0.97999996, "description": "\uc8fc\uc2dd\ud68c\uc0ac\uc3d8\uce74", "boundingPoly": {"vertices": [{"x": 242, "y": 2662}, {"x": 416, "y": 2662}, {"x": 416, "y": 2697}, {"x": 242, "y": 2697}]}, "line": 71}, {"confidence": 0.98999995, "description": "\ub0a9\ubd80\uc790:", "boundingPoly": {"vertices": [{"x": 756, "y": 2662}, {"x": 861, "y": 2662}, {"x": 861, "y": 2695}, {"x": 756, "y": 2695}]}, "line": 71}, {"confidence": 0.98999995, "description": "\uc8fc\uc2dd\ud68c\uc0ac", "boundingPoly": {"vertices": [{"x": 906, "y": 2666}, {"x": 1010, "y": 2668}, {"x": 1010, "y": 2703}, {"x": 906, "y": 2703}]}, "line": 71}, {"confidence": 0.97999996, "description": "\uc3d8\uce74", "boundingPoly": {"vertices": [{"x": 1035, "y": 2668}, {"x": 1086, "y": 2668}, {"x": 1088, "y": 2705}, {"x": 1037, "y": 2703}]}, "line": 71}, {"confidence": 0.98999995, "description": "\uc8fc\ubbfc\ub4f1\ub85d\ubc88\ud638", "boundingPoly": {"vertices": [{"x": 1311, "y": 2662}, {"x": 1443, "y": 2664}, {"x": 1443, "y": 2699}, {"x": 1311, "y": 2695}]}, "line": 71}, {"confidence": 0.97999996, "description": ":220111-0", "boundingPoly": {"vertices": [{"x": 1445, "y": 2664}, {"x": 1596, "y": 2668}, {"x": 1596, "y": 2701}, {"x": 1445, "y": 2699}]}, "line": 71}, {"confidence": 0.98999995, "description": "******", "boundingPoly": {"vertices": [{"x": 1604, "y": 2668}, {"x": 1717, "y": 2672}, {"x": 1715, "y": 2697}, {"x": 1602, "y": 2701}]}, "line": 71}], [{"confidence": 0.97999996, "description": "\ubd80\uacfc\ub300\uc0c1:", "boundingPoly": {"vertices": [{"x": 104, "y": 2719}, {"x": 211, "y": 2715}, {"x": 211, "y": 2750}, {"x": 105, "y": 2754}]}, "line": 72}, {"confidence": 0.98999995, "description": "149", "boundingPoly": {"vertices": [{"x": 227, "y": 2715}, {"x": 289, "y": 2713}, {"x": 289, "y": 2748}, {"x": 229, "y": 2750}]}, "line": 72}, {"confidence": 0.98999995, "description": "\ud5c8", "boundingPoly": {"vertices": [{"x": 291, "y": 2713}, {"x": 312, "y": 2713}, {"x": 312, "y": 2748}, {"x": 291, "y": 2748}]}, "line": 72}, {"confidence": 0.97999996, "description": "5127", "boundingPoly": {"vertices": [{"x": 318, "y": 2713}, {"x": 395, "y": 2713}, {"x": 395, "y": 2746}, {"x": 318, "y": 2746}]}, "line": 72}, {"confidence": 0.98999995, "description": "\uc8fc", "boundingPoly": {"vertices": [{"x": 754, "y": 2723}, {"x": 771, "y": 2723}, {"x": 771, "y": 2752}, {"x": 754, "y": 2750}]}, "line": 72}, {"confidence": 0.97999996, "description": "\uc18c:", "boundingPoly": {"vertices": [{"x": 828, "y": 2723}, {"x": 861, "y": 2723}, {"x": 861, "y": 2752}, {"x": 828, "y": 2752}]}, "line": 72}, {"confidence": 0.97999996, "description": "\uacbd\uc0c1\ub0a8\ub3c4\ud568\uc548\uad70\uac00\uc57c\uc74d\ud568\uc548\ub300\ub85c", "boundingPoly": {"vertices": [{"x": 902, "y": 2717}, {"x": 1344, "y": 2717}, {"x": 1344, "y": 2756}, {"x": 902, "y": 2754}]}, "line": 72}, {"confidence": 0.97999996, "description": "735,", "boundingPoly": {"vertices": [{"x": 1352, "y": 2717}, {"x": 1426, "y": 2717}, {"x": 1426, "y": 2756}, {"x": 1352, "y": 2756}]}, "line": 72}, {"confidence": 0.98999995, "description": "2", "boundingPoly": {"vertices": [{"x": 1428, "y": 2717}, {"x": 1451, "y": 2717}, {"x": 1451, "y": 2756}, {"x": 1428, "y": 2756}]}, "line": 72}, {"confidence": 0.98999995, "description": "\uce35\uc81c\ub098\ub3d9\ud638", "boundingPoly": {"vertices": [{"x": 1459, "y": 2717}, {"x": 1609, "y": 2719}, {"x": 1609, "y": 2756}, {"x": 1459, "y": 2756}]}, "line": 72}], [{"confidence": 0.98999995, "description": "\ubd80\uacfc\ub300\uc0c1:", "boundingPoly": {"vertices": [{"x": 756, "y": 2783}, {"x": 861, "y": 2783}, {"x": 861, "y": 2818}, {"x": 756, "y": 2816}]}, "line": 73}, {"confidence": 0.98999995, "description": "149", "boundingPoly": {"vertices": [{"x": 900, "y": 2777}, {"x": 953, "y": 2777}, {"x": 953, "y": 2811}, {"x": 902, "y": 2811}]}, "line": 73}, {"confidence": 0.97999996, "description": "\ud5c8", "boundingPoly": {"vertices": [{"x": 959, "y": 2777}, {"x": 980, "y": 2775}, {"x": 980, "y": 2811}, {"x": 961, "y": 2811}]}, "line": 73}, {"confidence": 0.97999996, "description": "5127", "boundingPoly": {"vertices": [{"x": 986, "y": 2775}, {"x": 1064, "y": 2777}, {"x": 1064, "y": 2811}, {"x": 986, "y": 2811}]}, "line": 73}, {"confidence": 0.98999995, "description": "\ub2e8\uc18d\uc77c\uc2dc", "boundingPoly": {"vertices": [{"x": 1307, "y": 2783}, {"x": 1434, "y": 2779}, {"x": 1434, "y": 2818}, {"x": 1307, "y": 2820}]}, "line": 73}, {"confidence": 0.93, "description": ":2025-04-03", "boundingPoly": {"vertices": [{"x": 1441, "y": 2779}, {"x": 1637, "y": 2777}, {"x": 1637, "y": 2812}, {"x": 1441, "y": 2818}]}, "line": 73}, {"confidence": 0.98999995, "description": "16:27:58", "boundingPoly": {"vertices": [{"x": 1643, "y": 2777}, {"x": 1775, "y": 2777}, {"x": 1775, "y": 2809}, {"x": 1645, "y": 2812}]}, "line": 73}], [{"confidence": 0.98999995, "description": "\ub0a9\ubd80\uae30", "boundingPoly": {"vertices": [{"x": 137, "y": 2805}, {"x": 234, "y": 2805}, {"x": 234, "y": 2844}, {"x": 137, "y": 2844}]}, "line": 74}, {"confidence": 0.98999995, "description": "\ud55c", "boundingPoly": {"vertices": [{"x": 268, "y": 2805}, {"x": 287, "y": 2805}, {"x": 287, "y": 2844}, {"x": 268, "y": 2844}]}, "line": 74}, {"confidence": 0.97999996, "description": "2025.04.25", "boundingPoly": {"vertices": [{"x": 410, "y": 2811}, {"x": 584, "y": 2811}, {"x": 584, "y": 2842}, {"x": 412, "y": 2842}]}, "line": 74}, {"confidence": 0.97999996, "description": "\uae4c\uc9c0", "boundingPoly": {"vertices": [{"x": 615, "y": 2811}, {"x": 664, "y": 2809}, {"x": 664, "y": 2842}, {"x": 615, "y": 2842}]}, "line": 74}], [{"confidence": 0.98999995, "description": "\ub2e8\uc18d\uc7a5\uc18c:", "boundingPoly": {"vertices": [{"x": 750, "y": 2840}, {"x": 859, "y": 2840}, {"x": 859, "y": 2871}, {"x": 750, "y": 2873}]}, "line": 75}, {"confidence": 0.98999995, "description": "\uc628\ucc9c\ub3d9", "boundingPoly": {"vertices": [{"x": 900, "y": 2826}, {"x": 986, "y": 2826}, {"x": 986, "y": 2863}, {"x": 902, "y": 2863}]}, "line": 75}, {"confidence": 0.97999996, "description": "1486", "boundingPoly": {"vertices": [{"x": 994, "y": 2826}, {"x": 1068, "y": 2826}, {"x": 1068, "y": 2863}, {"x": 994, "y": 2863}]}, "line": 75}], [{"confidence": 0.98999995, "description": "\uacfc\ud0dc\ub8cc\uae08\uc561", "boundingPoly": {"vertices": [{"x": 133, "y": 2865}, {"x": 281, "y": 2865}, {"x": 281, "y": 2902}, {"x": 133, "y": 2900}]}, "line": 76}, {"confidence": 0.98999995, "description": "40,000", "boundingPoly": {"vertices": [{"x": 570, "y": 2861}, {"x": 674, "y": 2861}, {"x": 674, "y": 2893}, {"x": 572, "y": 2891}]}, "line": 76}], [{"confidence": 0.98999995, "description": "\uac10\uacbd\uae08\uc561", "boundingPoly": {"vertices": [{"x": 137, "y": 2920}, {"x": 283, "y": 2920}, {"x": 283, "y": 2959}, {"x": 137, "y": 2959}]}, "line": 77}, {"confidence": 0.98999995, "description": "8,000", "boundingPoly": {"vertices": [{"x": 588, "y": 2912}, {"x": 674, "y": 2912}, {"x": 674, "y": 2943}, {"x": 588, "y": 2943}]}, "line": 77}], [{"confidence": 0.98999995, "description": "32,000", "boundingPoly": {"vertices": [{"x": 572, "y": 2969}, {"x": 672, "y": 2967}, {"x": 672, "y": 2996}, {"x": 572, "y": 2998}]}, "line": 78}], [{"confidence": 0.98999995, "description": "\ub0a9\ubd80\uae08\uc561", "boundingPoly": {"vertices": [{"x": 135, "y": 2977}, {"x": 289, "y": 2977}, {"x": 289, "y": 3018}, {"x": 137, "y": 3018}]}, "line": 79}, {"confidence": 0.98999995, "description": "\ud68c\uacc4\uacfc", "boundingPoly": {"vertices": [{"x": 887, "y": 2990}, {"x": 1004, "y": 2990}, {"x": 1004, "y": 3027}, {"x": 889, "y": 3027}]}, "line": 79}, {"confidence": 0.98999995, "description": "\ubaa9", "boundingPoly": {"vertices": [{"x": 1035, "y": 2992}, {"x": 1057, "y": 2992}, {"x": 1057, "y": 3027}, {"x": 1035, "y": 3027}]}, "line": 79}, {"confidence": 0.98999995, "description": "\ub0a9\uae30\ub0b4\uae08\uc561", "boundingPoly": {"vertices": [{"x": 1268, "y": 2992}, {"x": 1455, "y": 2990}, {"x": 1455, "y": 3027}, {"x": 1268, "y": 3031}]}, "line": 79}, {"confidence": 0.98999995, "description": "\ub0a9\ubd80\uae30", "boundingPoly": {"vertices": [{"x": 1602, "y": 2994}, {"x": 1697, "y": 2994}, {"x": 1699, "y": 3027}, {"x": 1602, "y": 3027}]}, "line": 79}, {"confidence": 0.98999995, "description": "\ud55c", "boundingPoly": {"vertices": [{"x": 1727, "y": 2994}, {"x": 1748, "y": 2992}, {"x": 1748, "y": 3027}, {"x": 1729, "y": 3027}]}, "line": 79}], [{"confidence": 0.19, "description": "[\ud2b9\ubcc4\ud68c\uacc4]", "boundingPoly": {"vertices": [{"x": 797, "y": 3023}, {"x": 945, "y": 3025}, {"x": 947, "y": 3062}, {"x": 797, "y": 3062}]}, "line": 80}, {"confidence": 0.97999996, "description": "\uc8fc\uc815\ucc28\uc704\ubc18\uacfc\ud0dc\ub8cc", "boundingPoly": {"vertices": [{"x": 947, "y": 3025}, {"x": 1180, "y": 3025}, {"x": 1180, "y": 3061}, {"x": 949, "y": 3062}]}, "line": 80}, {"confidence": 0.98999995, "description": "32000", "boundingPoly": {"vertices": [{"x": 1393, "y": 3027}, {"x": 1496, "y": 3027}, {"x": 1498, "y": 3061}, {"x": 1393, "y": 3059}]}, "line": 80}, {"confidence": 0.98999995, "description": "20250425", "boundingPoly": {"vertices": [{"x": 1598, "y": 3027}, {"x": 1770, "y": 3027}, {"x": 1770, "y": 3061}, {"x": 1598, "y": 3059}]}, "line": 80}], [{"confidence": 0.98999995, "description": "\ub0a9\ubd80\uae30\ud55c\uc774\ud6c4\uc218\ub0a9\ubd88\uac00", "boundingPoly": {"vertices": [{"x": 244, "y": 3076}, {"x": 545, "y": 3078}, {"x": 545, "y": 3115}, {"x": 246, "y": 3117}]}, "line": 81}, {"confidence": 0.98999995, "description": "\uc804\uc790", "boundingPoly": {"vertices": [{"x": 1977, "y": 3084}, {"x": 2039, "y": 3084}, {"x": 2041, "y": 3121}, {"x": 1977, "y": 3121}]}, "line": 81}, {"confidence": 0.98999995, "description": "\ub0a9", "boundingPoly": {"vertices": [{"x": 2076, "y": 3084}, {"x": 2098, "y": 3084}, {"x": 2098, "y": 3121}, {"x": 2076, "y": 3121}]}, "line": 81}, {"confidence": 0.98999995, "description": "\ubd80", "boundingPoly": {"vertices": [{"x": 2127, "y": 3084}, {"x": 2148, "y": 3084}, {"x": 2148, "y": 3119}, {"x": 2129, "y": 3121}]}, "line": 81}, {"confidence": 0.98999995, "description": "\ubc88\ud638", "boundingPoly": {"vertices": [{"x": 2176, "y": 3084}, {"x": 2240, "y": 3084}, {"x": 2240, "y": 3119}, {"x": 2176, "y": 3119}]}, "line": 81}], [{"confidence": 0.95, "description": "2626022561115682306", "boundingPoly": {"vertices": [{"x": 1883, "y": 3133}, {"x": 2246, "y": 3131}, {"x": 2246, "y": 3164}, {"x": 1883, "y": 3164}]}, "line": 82}], [{"confidence": 0.98999995, "description": "\uc804\uc790", "boundingPoly": {"vertices": [{"x": 260, "y": 3166}, {"x": 324, "y": 3168}, {"x": 324, "y": 3205}, {"x": 262, "y": 3205}]}, "line": 83}, {"confidence": 0.98999995, "description": "\ub0a9", "boundingPoly": {"vertices": [{"x": 359, "y": 3168}, {"x": 381, "y": 3168}, {"x": 381, "y": 3203}, {"x": 361, "y": 3205}]}, "line": 83}, {"confidence": 0.98999995, "description": "\ubd80", "boundingPoly": {"vertices": [{"x": 412, "y": 3168}, {"x": 434, "y": 3168}, {"x": 434, "y": 3203}, {"x": 412, "y": 3203}]}, "line": 83}, {"confidence": 0.98999995, "description": "\ubc88", "boundingPoly": {"vertices": [{"x": 459, "y": 3168}, {"x": 480, "y": 3168}, {"x": 480, "y": 3203}, {"x": 459, "y": 3203}]}, "line": 83}, {"confidence": 0.98999995, "description": "\ud638", "boundingPoly": {"vertices": [{"x": 506, "y": 3168}, {"x": 527, "y": 3168}, {"x": 527, "y": 3203}, {"x": 506, "y": 3203}]}, "line": 83}], [{"confidence": 0.98999995, "description": "2025.04.09", "boundingPoly": {"vertices": [{"x": 887, "y": 3205}, {"x": 1059, "y": 3205}, {"x": 1059, "y": 3236}, {"x": 887, "y": 3236}]}, "line": 84}], [{"confidence": 0.94, "description": "2626022561115682306", "boundingPoly": {"vertices": [{"x": 215, "y": 3219}, {"x": 580, "y": 3219}, {"x": 580, "y": 3252}, {"x": 215, "y": 3252}]}, "line": 85}, {"confidence": 0.98999995, "description": "\ub0a9\ubd80\uae30\ud55c\uc774\ud6c4\uc218\ub0a9\ubd88\uac00", "boundingPoly": {"vertices": [{"x": 1961, "y": 3221}, {"x": 2264, "y": 3221}, {"x": 2264, "y": 3258}, {"x": 1963, "y": 3258}]}, "line": 85}], [{"confidence": 0.98999995, "description": "\ubc1c\ud589\uc77c\uc790:", "boundingPoly": {"vertices": [{"x": 752, "y": 3252}, {"x": 893, "y": 3254}, {"x": 893, "y": 3287}, {"x": 752, "y": 3285}]}, "line": 86}, {"confidence": 0.98999995, "description": "\uc704\uc758\uae08\uc561\uc744\uc601\uc218\ud558\uc600\uc74c\uc744\ud1b5\ubcf4\ud569\ub2c8\ub2e4.", "boundingPoly": {"vertices": [{"x": 1439, "y": 3252}, {"x": 1826, "y": 3252}, {"x": 1826, "y": 3287}, {"x": 1439, "y": 3287}]}, "line": 86}], [{"confidence": 0.97999996, "description": "\uc704\uc758\uae08\uc561\uc744\uc218\ub0a9\ud558\uc5ec\uc8fc\uc2dc\uae30\ubc14\ub78d\ub2c8\ub2e4.", "boundingPoly": {"vertices": [{"x": 96, "y": 3287}, {"x": 508, "y": 3289}, {"x": 508, "y": 3322}, {"x": 98, "y": 3322}]}, "line": 87}], [{"confidence": 0.98999995, "description": "0000000088", "boundingPoly": {"vertices": [{"x": 865, "y": 3338}, {"x": 1061, "y": 3340}, {"x": 1061, "y": 3371}, {"x": 865, "y": 3369}]}, "line": 88}], [{"confidence": 0.98999995, "description": "\uc218\ub0a9\uc778", "boundingPoly": {"vertices": [{"x": 582, "y": 3352}, {"x": 646, "y": 3352}, {"x": 648, "y": 3383}, {"x": 584, "y": 3383}]}, "line": 89}], [{"confidence": 0.98999995, "description": "\ubd80\uc0b0\uad11\uc5ed\uc2dc\ub3d9\ub798\uad6c\uccad\uc7a5\uadc0\ud558", "boundingPoly": {"vertices": [{"x": 1420, "y": 3357}, {"x": 1816, "y": 3359}, {"x": 1816, "y": 3404}, {"x": 1422, "y": 3404}]}, "line": 90}, {"confidence": 0.98999995, "description": "\ub144", "boundingPoly": {"vertices": [{"x": 1973, "y": 3355}, {"x": 1992, "y": 3355}, {"x": 1992, "y": 3387}, {"x": 1975, "y": 3387}]}, "line": 90}, {"confidence": 0.96, "description": "\uc6d4", "boundingPoly": {"vertices": [{"x": 2064, "y": 3355}, {"x": 2082, "y": 3355}, {"x": 2082, "y": 3387}, {"x": 2064, "y": 3387}]}, "line": 90}, {"confidence": 0.96999997, "description": "\uc77c", "boundingPoly": {"vertices": [{"x": 2158, "y": 3355}, {"x": 2176, "y": 3355}, {"x": 2176, "y": 3387}, {"x": 2158, "y": 3387}]}, "line": 90}, {"confidence": 0.98999995, "description": "\uc218\ub0a9\uc778", "boundingPoly": {"vertices": [{"x": 2254, "y": 3352}, {"x": 2318, "y": 3352}, {"x": 2318, "y": 3385}, {"x": 2254, "y": 3385}]}, "line": 90}], [{"confidence": 0.099999994, "description": "\ubd80\uc0b0\uad11\uc5ed\uc2dc\ub3d9\ub798\uad6c\uccad\uc7a5\u5340", "boundingPoly": {"vertices": [{"x": 213, "y": 3383}, {"x": 508, "y": 3385}, {"x": 508, "y": 3422}, {"x": 213, "y": 3426}]}, "line": 91}]], "width": 2480, "height": 3507}], "page_count": 1, "tables": {}}