[
  {
    "id": "http://data.ex.co.kr:80/link/locationinfoIc/1003I00018",
    "routeNo": "1000",
    "icName": "장수IC",
    "yValue": "37.467329",
    "routeName": "서울외곽순환선",
    "label": "장수IC",
    "xValue": "126.754611"
  },
  {
    "id": "http://data.ex.co.kr:80/link/locationinfoIc/1300I99902",
    "routeNo": "1300",
    "icName": "88JCT",
    "yValue": "37.577546",
    "routeName": "인천국제공항선",
    "label": "88JCT",
    "xValue": "126.799884"
  },
  {
    "id": "http://data.ex.co.kr:80/link/locationinfoIc/0100I00020",
    "routeNo": "0100",
    "icName": "산인JCT",
    "routeName": "남해선",
    "yValue": "35.272160",
    "label": "산인JCT",
    "xValue": "128.480154"
  }
]
