{"api_version":"1.0","fname":"01-multiple-documents_h4lo2lyn.00h_2025-06-27-15-27-649.pdf","original_fname":"01-multiple-documents_h4lo2lyn.00h.pdf","fields":{"name":"elloLDS Scrolla Electronics Inc.","invoice-no":"SCR00003","date":"2021-01-06","total":"28690.20"},"multi_valued_fields":{},"items":[{"instance":1,"values":{"description":"Display, AOC G2460VQ6","quantity":"3","unit-price":"130.00"}},{"instance":2,"values":{"description":"GPU, Gigabyte GeForce GT 210","quantity":"15","unit-price":"44.00"}},{"instance":3,"values":{"description":"Display, AOC G2460VQ6","quantity":"2","unit-price":"130.00"}},{"instance":4,"values":{"description":"GPU, Sapphire Radeon RX 550 Pulse","quantity":"3","unit-price":"116.00"}},{"instance":5,"values":{"description":"SSD, Kingstone A2000, 500GB","quantity":"1","unit-price":"70.00"}},{"instance":6,"values":{"description":"CPU, AMD Ryzen 5 5600X","quantity":"10","unit-price":"356.00"}},{"instance":7,"values":{"description":"SSD, Kingstone A2000, 500GB","quantity":"1","unit-price":"70.00"}},{"instance":8,"values":{"description":"GPU, PNY nVidia Quadro RTX 6000","quantity":"3","unit-price":"5960.00"}},{"instance":9,"values":{"description":"Keyboard, Razer Ornata V2","quantity":"2","unit-price":"76.00"}},{"instance":10,"values":{"description":"Mouse, Razer DeathAdder Essential","quantity":"3","unit-price":"24.00"}},{"instance":11,"values":{"description":"CPU, Intel Celeron Kaby Lake G3930","quantity":"10","unit-price":"262.00"}}],"pages":[{"page_rotation":0,"page_no":0,"width":612.0,"height":792.0,"words":[{"description":"elloLDS","boundingPoly":{"vertices":[{"x":223.48,"y":88.4},{"x":83.21,"y":90.8},{"x":82.68,"y":61.73},{"x":222.95,"y":59.33}]},"line":0,"tag":"name"},{"description":"Scrolla","boundingPoly":{"vertices":[{"x":69.36,"y":126.56},{"x":119.26,"y":126.56},{"x":119.26,"y":144.56},{"x":69.36,"y":144.56}]},"line":2,"tag":"name"},{"description":"Electronics","boundingPoly":{"vertices":[{"x":123.32,"y":126.56},{"x":204.36,"y":126.56},{"x":204.36,"y":144.56},{"x":123.32,"y":144.56}]},"line":2,"tag":"name"},{"description":"Inc.","boundingPoly":{"vertices":[{"x":208.48,"y":126.56},{"x":235.32,"y":126.56},{"x":235.32,"y":144.56},{"x":208.48,"y":144.56}]},"line":2,"tag":"name"},{"description":"TO:","boundingPoly":{"vertices":[{"x":68.52,"y":173.06},{"x":84.54,"y":173.06},{"x":84.54,"y":184.1},{"x":68.52,"y":184.1}]},"line":4,"tag":""},{"description":"Karrah","boundingPoly":{"vertices":[{"x":68.52,"y":187.58},{"x":98.34,"y":187.58},{"x":98.34,"y":198.62},{"x":68.52,"y":198.62}]},"line":5,"tag":""},{"description":"Preneta","boundingPoly":{"vertices":[{"x":100.78,"y":187.58},{"x":136.18,"y":187.58},{"x":136.18,"y":198.62},{"x":100.78,"y":198.62}]},"line":5,"tag":""},{"description":"Mante,","boundingPoly":{"vertices":[{"x":68.52,"y":202.1},{"x":101.02,"y":202.1},{"x":101.02,"y":213.14},{"x":68.52,"y":213.14}]},"line":6,"tag":""},{"description":"Feest","boundingPoly":{"vertices":[{"x":103.52,"y":202.1},{"x":127.63,"y":202.1},{"x":127.63,"y":213.14},{"x":103.52,"y":213.14}]},"line":6,"tag":""},{"description":"and","boundingPoly":{"vertices":[{"x":130.17,"y":202.1},{"x":147.0,"y":202.1},{"x":147.0,"y":213.14},{"x":130.17,"y":213.14}]},"line":6,"tag":""},{"description":"Cummings","boundingPoly":{"vertices":[{"x":149.47,"y":202.1},{"x":196.62,"y":202.1},{"x":196.62,"y":213.14},{"x":149.47,"y":213.14}]},"line":6,"tag":""},{"description":"361","boundingPoly":{"vertices":[{"x":68.52,"y":216.62},{"x":85.38,"y":216.62},{"x":85.38,"y":227.66},{"x":68.52,"y":227.66}]},"line":7,"tag":""},{"description":"Milford","boundingPoly":{"vertices":[{"x":87.91,"y":216.62},{"x":121.32,"y":216.62},{"x":121.32,"y":227.66},{"x":87.91,"y":227.66}]},"line":7,"tag":""},{"description":"Inlet","boundingPoly":{"vertices":[{"x":123.78,"y":216.62},{"x":144.06,"y":216.62},{"x":144.06,"y":227.66},{"x":123.78,"y":227.66}]},"line":7,"tag":""},{"description":"Suite","boundingPoly":{"vertices":[{"x":146.58,"y":216.62},{"x":169.12,"y":216.62},{"x":169.12,"y":227.66},{"x":146.58,"y":227.66}]},"line":7,"tag":""},{"description":"408","boundingPoly":{"vertices":[{"x":171.64,"y":216.62},{"x":188.5,"y":216.62},{"x":188.5,"y":227.66},{"x":171.64,"y":227.66}]},"line":7,"tag":""},{"description":"North","boundingPoly":{"vertices":[{"x":68.52,"y":231.14},{"x":94.82,"y":231.14},{"x":94.82,"y":242.18},{"x":68.52,"y":242.18}]},"line":8,"tag":""},{"description":"Ceceliaview,","boundingPoly":{"vertices":[{"x":97.31,"y":231.14},{"x":152.94,"y":231.14},{"x":152.94,"y":242.18},{"x":97.31,"y":242.18}]},"line":8,"tag":""},{"description":"Virginia,","boundingPoly":{"vertices":[{"x":155.48,"y":231.14},{"x":192.1,"y":231.14},{"x":192.1,"y":242.18},{"x":155.48,"y":242.18}]},"line":8,"tag":""},{"description":"76663","boundingPoly":{"vertices":[{"x":194.6,"y":231.14},{"x":222.72,"y":231.14},{"x":222.72,"y":242.18},{"x":194.6,"y":242.18}]},"line":8,"tag":""},{"description":"(346)","boundingPoly":{"vertices":[{"x":68.52,"y":245.66},{"x":92.11,"y":245.66},{"x":92.11,"y":256.7},{"x":68.52,"y":256.7}]},"line":9,"tag":""},{"description":"631-4146","boundingPoly":{"vertices":[{"x":94.64,"y":245.66},{"x":137.39,"y":245.66},{"x":137.39,"y":256.7},{"x":94.64,"y":256.7}]},"line":9,"tag":""},{"description":"x046","boundingPoly":{"vertices":[{"x":139.92,"y":245.66},{"x":161.59,"y":245.66},{"x":161.59,"y":256.7},{"x":139.92,"y":256.7}]},"line":9,"tag":""},{"description":"Qty.","boundingPoly":{"vertices":[{"x":79.2,"y":303.77},{"x":98.82,"y":303.77},{"x":98.82,"y":314.81},{"x":79.2,"y":314.81}]},"line":10,"tag":""},{"description":"3","boundingPoly":{"vertices":[{"x":86.16,"y":318.29},{"x":91.76,"y":318.29},{"x":91.76,"y":329.33},{"x":86.16,"y":329.33}]},"line":11,"tag":"quantity","instance":1},{"description":"Display,","boundingPoly":{"vertices":[{"x":112.46,"y":318.29},{"x":147.48,"y":318.29},{"x":147.48,"y":329.33},{"x":112.46,"y":329.33}]},"line":11,"tag":"description","instance":1},{"description":"AOC","boundingPoly":{"vertices":[{"x":150.0,"y":318.29},{"x":169.58,"y":318.29},{"x":169.58,"y":329.33},{"x":150.0,"y":329.33}]},"line":11,"tag":"description","instance":1},{"description":"G2460VQ6","boundingPoly":{"vertices":[{"x":172.08,"y":318.29},{"x":220.84,"y":318.29},{"x":220.84,"y":329.33},{"x":172.08,"y":329.33}]},"line":11,"tag":"description","instance":1},{"description":"Description","boundingPoly":{"vertices":[{"x":230.45,"y":303.77},{"x":283.03,"y":303.77},{"x":283.03,"y":314.81},{"x":230.45,"y":314.81}]},"line":10,"tag":""},{"description":"15","boundingPoly":{"vertices":[{"x":83.4,"y":332.81},{"x":94.64,"y":332.81},{"x":94.64,"y":343.85},{"x":83.4,"y":343.85}]},"line":12,"tag":"quantity","instance":2},{"description":"GPU,","boundingPoly":{"vertices":[{"x":112.46,"y":332.81},{"x":135.01,"y":332.81},{"x":135.01,"y":343.85},{"x":112.46,"y":343.85}]},"line":12,"tag":"description","instance":2},{"description":"Gigabyte","boundingPoly":{"vertices":[{"x":137.51,"y":332.81},{"x":177.44,"y":332.81},{"x":177.44,"y":343.85},{"x":137.51,"y":343.85}]},"line":12,"tag":"description","instance":2},{"description":"GeForce","boundingPoly":{"vertices":[{"x":179.97,"y":332.81},{"x":217.4,"y":332.81},{"x":217.4,"y":343.85},{"x":179.97,"y":343.85}]},"line":12,"tag":"description","instance":2},{"description":"GT","boundingPoly":{"vertices":[{"x":219.92,"y":332.81},{"x":232.27,"y":332.81},{"x":232.27,"y":343.85},{"x":219.92,"y":343.85}]},"line":12,"tag":"description","instance":2},{"description":"210","boundingPoly":{"vertices":[{"x":234.79,"y":332.81},{"x":251.65,"y":332.81},{"x":251.65,"y":343.85},{"x":234.79,"y":343.85}]},"line":12,"tag":"description","instance":2},{"description":"2","boundingPoly":{"vertices":[{"x":86.16,"y":347.33},{"x":91.76,"y":347.33},{"x":91.76,"y":358.37},{"x":86.16,"y":358.37}]},"line":13,"tag":"quantity","instance":3},{"description":"Display,","boundingPoly":{"vertices":[{"x":112.46,"y":347.33},{"x":147.48,"y":347.33},{"x":147.48,"y":358.37},{"x":112.46,"y":358.37}]},"line":13,"tag":"description","instance":3},{"description":"AOC","boundingPoly":{"vertices":[{"x":150.0,"y":347.33},{"x":169.58,"y":347.33},{"x":169.58,"y":358.37},{"x":150.0,"y":358.37}]},"line":13,"tag":"description","instance":3},{"description":"G2460VQ6","boundingPoly":{"vertices":[{"x":172.08,"y":347.33},{"x":220.84,"y":347.33},{"x":220.84,"y":358.37},{"x":172.08,"y":358.37}]},"line":13,"tag":"description","instance":3},{"description":"130.00","boundingPoly":{"vertices":[{"x":428.14,"y":347.33},{"x":459.01,"y":347.33},{"x":459.01,"y":358.37},{"x":428.14,"y":358.37}]},"line":13,"tag":"unit-price","instance":3},{"description":"260.00","boundingPoly":{"vertices":[{"x":493.9,"y":347.33},{"x":524.77,"y":347.33},{"x":524.77,"y":358.37},{"x":493.9,"y":358.37}]},"line":13,"tag":""},{"description":"3","boundingPoly":{"vertices":[{"x":86.16,"y":361.85},{"x":91.76,"y":361.85},{"x":91.76,"y":372.89},{"x":86.16,"y":372.89}]},"line":14,"tag":"quantity","instance":4},{"description":"GPU,","boundingPoly":{"vertices":[{"x":112.46,"y":361.85},{"x":135.01,"y":361.85},{"x":135.01,"y":372.89},{"x":112.46,"y":372.89}]},"line":14,"tag":"description","instance":4},{"description":"Sapphire","boundingPoly":{"vertices":[{"x":137.51,"y":361.85},{"x":177.02,"y":361.85},{"x":177.02,"y":372.89},{"x":137.51,"y":372.89}]},"line":14,"tag":"description","instance":4},{"description":"Radeon","boundingPoly":{"vertices":[{"x":179.52,"y":361.85},{"x":213.75,"y":361.85},{"x":213.75,"y":372.89},{"x":179.52,"y":372.89}]},"line":14,"tag":"description","instance":4},{"description":"RX","boundingPoly":{"vertices":[{"x":216.21,"y":361.85},{"x":227.94,"y":361.85},{"x":227.94,"y":372.89},{"x":216.21,"y":372.89}]},"line":14,"tag":"description","instance":4},{"description":"550","boundingPoly":{"vertices":[{"x":230.48,"y":361.85},{"x":247.36,"y":361.85},{"x":247.36,"y":372.89},{"x":230.48,"y":372.89}]},"line":14,"tag":"description","instance":4},{"description":"Pulse","boundingPoly":{"vertices":[{"x":249.89,"y":361.85},{"x":273.78,"y":361.85},{"x":273.78,"y":372.89},{"x":249.89,"y":372.89}]},"line":14,"tag":"description","instance":4},{"description":"116.00","boundingPoly":{"vertices":[{"x":428.14,"y":361.85},{"x":459.01,"y":361.85},{"x":459.01,"y":372.89},{"x":428.14,"y":372.89}]},"line":14,"tag":"unit-price","instance":4},{"description":"348.00","boundingPoly":{"vertices":[{"x":493.9,"y":361.85},{"x":524.77,"y":361.85},{"x":524.77,"y":372.89},{"x":493.9,"y":372.89}]},"line":14,"tag":""},{"description":"1","boundingPoly":{"vertices":[{"x":86.16,"y":376.37},{"x":91.76,"y":376.37},{"x":91.76,"y":387.41},{"x":86.16,"y":387.41}]},"line":15,"tag":"quantity","instance":5},{"description":"SSD,","boundingPoly":{"vertices":[{"x":112.46,"y":376.37},{"x":132.13,"y":376.37},{"x":132.13,"y":387.41},{"x":112.46,"y":387.41}]},"line":15,"tag":"description","instance":5},{"description":"Kingstone","boundingPoly":{"vertices":[{"x":134.63,"y":376.37},{"x":179.01,"y":376.37},{"x":179.01,"y":387.41},{"x":134.63,"y":387.41}]},"line":15,"tag":"description","instance":5},{"description":"A2000,","boundingPoly":{"vertices":[{"x":181.54,"y":376.37},{"x":213.19,"y":376.37},{"x":213.19,"y":387.41},{"x":181.54,"y":387.41}]},"line":15,"tag":"description","instance":5},{"description":"500GB","boundingPoly":{"vertices":[{"x":215.68,"y":376.37},{"x":245.57,"y":376.37},{"x":245.57,"y":387.41},{"x":215.68,"y":387.41}]},"line":15,"tag":"description","instance":5},{"description":"70.00","boundingPoly":{"vertices":[{"x":433.78,"y":376.37},{"x":459.02,"y":376.37},{"x":459.02,"y":387.41},{"x":433.78,"y":387.41}]},"line":15,"tag":"unit-price","instance":5},{"description":"70.00","boundingPoly":{"vertices":[{"x":499.54,"y":376.37},{"x":524.78,"y":376.37},{"x":524.78,"y":387.41},{"x":499.54,"y":387.41}]},"line":15,"tag":""},{"description":"10","boundingPoly":{"vertices":[{"x":83.4,"y":390.89},{"x":94.64,"y":390.89},{"x":94.64,"y":401.93},{"x":83.4,"y":401.93}]},"line":16,"tag":"quantity","instance":6},{"description":"CPU,","boundingPoly":{"vertices":[{"x":112.46,"y":390.89},{"x":133.93,"y":390.89},{"x":133.93,"y":401.93},{"x":112.46,"y":401.93}]},"line":16,"tag":"description","instance":6},{"description":"AMD","boundingPoly":{"vertices":[{"x":136.43,"y":390.89},{"x":159.05,"y":390.89},{"x":159.05,"y":401.93},{"x":136.43,"y":401.93}]},"line":16,"tag":"description","instance":6},{"description":"Ryzen","boundingPoly":{"vertices":[{"x":161.61,"y":390.89},{"x":188.27,"y":390.89},{"x":188.27,"y":401.93},{"x":161.61,"y":401.93}]},"line":16,"tag":"description","instance":6},{"description":"5","boundingPoly":{"vertices":[{"x":190.77,"y":390.89},{"x":196.36,"y":390.89},{"x":196.36,"y":401.93},{"x":190.77,"y":401.93}]},"line":16,"tag":"description","instance":6},{"description":"5600X","boundingPoly":{"vertices":[{"x":198.9,"y":390.89},{"x":227.18,"y":390.89},{"x":227.18,"y":401.93},{"x":198.9,"y":401.93}]},"line":16,"tag":"description","instance":6},{"description":"1","boundingPoly":{"vertices":[{"x":86.16,"y":405.43},{"x":91.76,"y":405.43},{"x":91.76,"y":416.47},{"x":86.16,"y":416.47}]},"line":17,"tag":"quantity","instance":7},{"description":"SSD,","boundingPoly":{"vertices":[{"x":112.46,"y":405.43},{"x":132.13,"y":405.43},{"x":132.13,"y":416.47},{"x":112.46,"y":416.47}]},"line":17,"tag":"description","instance":7},{"description":"Kingstone","boundingPoly":{"vertices":[{"x":134.63,"y":405.43},{"x":179.01,"y":405.43},{"x":179.01,"y":416.47},{"x":134.63,"y":416.47}]},"line":17,"tag":"description","instance":7},{"description":"A2000,","boundingPoly":{"vertices":[{"x":181.54,"y":405.43},{"x":213.19,"y":405.43},{"x":213.19,"y":416.47},{"x":181.54,"y":416.47}]},"line":17,"tag":"description","instance":7},{"description":"500GB","boundingPoly":{"vertices":[{"x":215.68,"y":405.43},{"x":245.57,"y":405.43},{"x":245.57,"y":416.47},{"x":215.68,"y":416.47}]},"line":17,"tag":"description","instance":7},{"description":"3","boundingPoly":{"vertices":[{"x":86.16,"y":419.95},{"x":91.76,"y":419.95},{"x":91.76,"y":430.99},{"x":86.16,"y":430.99}]},"line":18,"tag":"quantity","instance":8},{"description":"GPU,","boundingPoly":{"vertices":[{"x":112.46,"y":419.95},{"x":135.01,"y":419.95},{"x":135.01,"y":430.99},{"x":112.46,"y":430.99}]},"line":18,"tag":"description","instance":8},{"description":"PNY","boundingPoly":{"vertices":[{"x":137.51,"y":419.95},{"x":155.73,"y":419.95},{"x":155.73,"y":430.99},{"x":137.51,"y":430.99}]},"line":18,"tag":"description","instance":8},{"description":"nVidia","boundingPoly":{"vertices":[{"x":158.25,"y":419.95},{"x":186.36,"y":419.95},{"x":186.36,"y":430.99},{"x":158.25,"y":430.99}]},"line":18,"tag":"description","instance":8},{"description":"Quadro","boundingPoly":{"vertices":[{"x":188.86,"y":419.95},{"x":222.77,"y":419.95},{"x":222.77,"y":430.99},{"x":188.86,"y":430.99}]},"line":18,"tag":"description","instance":8},{"description":"RTX","boundingPoly":{"vertices":[{"x":225.3,"y":419.95},{"x":242.45,"y":419.95},{"x":242.45,"y":430.99},{"x":225.3,"y":430.99}]},"line":18,"tag":"description","instance":8},{"description":"6000","boundingPoly":{"vertices":[{"x":244.98,"y":419.95},{"x":267.47,"y":419.95},{"x":267.47,"y":430.99},{"x":244.98,"y":430.99}]},"line":18,"tag":"description","instance":8},{"description":"2","boundingPoly":{"vertices":[{"x":86.16,"y":434.47},{"x":91.76,"y":434.47},{"x":91.76,"y":445.51},{"x":86.16,"y":445.51}]},"line":19,"tag":"quantity","instance":9},{"description":"Keyboard,","boundingPoly":{"vertices":[{"x":112.46,"y":434.47},{"x":158.04,"y":434.47},{"x":158.04,"y":445.51},{"x":112.46,"y":445.51}]},"line":19,"tag":"description","instance":9},{"description":"Razer","boundingPoly":{"vertices":[{"x":160.54,"y":434.47},{"x":185.53,"y":434.47},{"x":185.53,"y":445.51},{"x":160.54,"y":445.51}]},"line":19,"tag":"description","instance":9},{"description":"Ornata","boundingPoly":{"vertices":[{"x":188.03,"y":434.47},{"x":219.26,"y":434.47},{"x":219.26,"y":445.51},{"x":188.03,"y":445.51}]},"line":19,"tag":"description","instance":9},{"description":"V2","boundingPoly":{"vertices":[{"x":221.76,"y":434.47},{"x":233.61,"y":434.47},{"x":233.61,"y":445.51},{"x":221.76,"y":445.51}]},"line":19,"tag":"description","instance":9},{"description":"3","boundingPoly":{"vertices":[{"x":86.16,"y":448.99},{"x":91.76,"y":448.99},{"x":91.76,"y":460.03},{"x":86.16,"y":460.03}]},"line":20,"tag":"quantity","instance":10},{"description":"Mouse,","boundingPoly":{"vertices":[{"x":112.46,"y":448.99},{"x":146.14,"y":448.99},{"x":146.14,"y":460.03},{"x":112.46,"y":460.03}]},"line":20,"tag":"description","instance":10},{"description":"Razer","boundingPoly":{"vertices":[{"x":148.68,"y":448.99},{"x":173.63,"y":448.99},{"x":173.63,"y":460.03},{"x":148.68,"y":460.03}]},"line":20,"tag":"description","instance":10},{"description":"DeathAdder","boundingPoly":{"vertices":[{"x":176.15,"y":448.99},{"x":230.49,"y":448.99},{"x":230.49,"y":460.03},{"x":176.15,"y":460.03}]},"line":20,"tag":"description","instance":10},{"description":"Essential","boundingPoly":{"vertices":[{"x":233.01,"y":448.99},{"x":272.39,"y":448.99},{"x":272.39,"y":460.03},{"x":233.01,"y":460.03}]},"line":20,"tag":"description","instance":10},{"description":"10","boundingPoly":{"vertices":[{"x":83.4,"y":463.51},{"x":94.64,"y":463.51},{"x":94.64,"y":474.55},{"x":83.4,"y":474.55}]},"line":21,"tag":"quantity","instance":11},{"description":"CPU,","boundingPoly":{"vertices":[{"x":112.46,"y":463.51},{"x":133.93,"y":463.51},{"x":133.93,"y":474.55},{"x":112.46,"y":474.55}]},"line":21,"tag":"description","instance":11},{"description":"Intel","boundingPoly":{"vertices":[{"x":136.43,"y":463.51},{"x":156.73,"y":463.51},{"x":156.73,"y":474.55},{"x":136.43,"y":474.55}]},"line":21,"tag":"description","instance":11},{"description":"Celeron","boundingPoly":{"vertices":[{"x":159.23,"y":463.51},{"x":194.18,"y":463.51},{"x":194.18,"y":474.55},{"x":159.23,"y":474.55}]},"line":21,"tag":"description","instance":11},{"description":"Kaby","boundingPoly":{"vertices":[{"x":196.64,"y":463.51},{"x":218.46,"y":463.51},{"x":218.46,"y":474.55},{"x":196.64,"y":474.55}]},"line":21,"tag":"description","instance":11},{"description":"Lake","boundingPoly":{"vertices":[{"x":220.98,"y":463.51},{"x":241.48,"y":463.51},{"x":241.48,"y":474.55},{"x":220.98,"y":474.55}]},"line":21,"tag":"description","instance":11},{"description":"G3930","boundingPoly":{"vertices":[{"x":244.02,"y":463.51},{"x":273.47,"y":463.51},{"x":273.47,"y":474.55},{"x":244.02,"y":474.55}]},"line":21,"tag":"description","instance":11},{"description":"Invoice","boundingPoly":{"vertices":[{"x":389.71,"y":64.35},{"x":472.97,"y":64.35},{"x":472.97,"y":92.31},{"x":389.71,"y":92.31}]},"line":0,"tag":""},{"description":"Date:","boundingPoly":{"vertices":[{"x":336.91,"y":114.96},{"x":361.71,"y":114.96},{"x":361.71,"y":126.0},{"x":336.91,"y":126.0}]},"line":1,"tag":""},{"description":"01/06/2021","boundingPoly":{"vertices":[{"x":403.99,"y":114.96},{"x":457.61,"y":114.96},{"x":457.61,"y":126.0},{"x":403.99,"y":126.0}]},"line":1,"tag":"date"},{"description":"Invoice","boundingPoly":{"vertices":[{"x":336.91,"y":129.5},{"x":369.91,"y":129.5},{"x":369.91,"y":140.54},{"x":336.91,"y":140.54}]},"line":2,"tag":""},{"description":"#:","boundingPoly":{"vertices":[{"x":372.37,"y":129.5},{"x":380.95,"y":129.5},{"x":380.95,"y":140.54},{"x":372.37,"y":140.54}]},"line":2,"tag":""},{"description":"SCR00003","boundingPoly":{"vertices":[{"x":403.99,"y":129.5},{"x":449.03,"y":129.5},{"x":449.03,"y":140.54},{"x":403.99,"y":140.54}]},"line":2,"tag":"invoice-no"},{"description":"Customer","boundingPoly":{"vertices":[{"x":336.91,"y":144.02},{"x":381.26,"y":144.02},{"x":381.26,"y":155.06},{"x":336.91,"y":155.06}]},"line":3,"tag":""},{"description":"ID:","boundingPoly":{"vertices":[{"x":383.8,"y":144.02},{"x":396.79,"y":144.02},{"x":396.79,"y":155.06},{"x":383.8,"y":155.06}]},"line":3,"tag":""},{"description":"CID0055","boundingPoly":{"vertices":[{"x":403.99,"y":144.02},{"x":441.96,"y":144.02},{"x":441.96,"y":155.06},{"x":403.99,"y":155.06}]},"line":3,"tag":""},{"description":"Unit","boundingPoly":{"vertices":[{"x":409.51,"y":303.77},{"x":429.17,"y":303.77},{"x":429.17,"y":314.81},{"x":409.51,"y":314.81}]},"line":10,"tag":""},{"description":"Price","boundingPoly":{"vertices":[{"x":431.69,"y":303.77},{"x":454.49,"y":303.77},{"x":454.49,"y":314.81},{"x":431.69,"y":314.81}]},"line":10,"tag":""},{"description":"Line","boundingPoly":{"vertices":[{"x":471.94,"y":303.77},{"x":490.81,"y":303.77},{"x":490.81,"y":314.81},{"x":471.94,"y":314.81}]},"line":10,"tag":""},{"description":"Total","boundingPoly":{"vertices":[{"x":493.27,"y":303.77},{"x":516.64,"y":303.77},{"x":516.64,"y":314.81},{"x":493.27,"y":314.81}]},"line":10,"tag":""},{"description":"130.00","boundingPoly":{"vertices":[{"x":428.14,"y":318.29},{"x":459.01,"y":318.29},{"x":459.01,"y":329.33},{"x":428.14,"y":329.33}]},"line":11,"tag":"unit-price","instance":1},{"description":"390.00","boundingPoly":{"vertices":[{"x":493.9,"y":318.29},{"x":524.77,"y":318.29},{"x":524.77,"y":329.33},{"x":493.9,"y":329.33}]},"line":11,"tag":""},{"description":"44.00","boundingPoly":{"vertices":[{"x":433.78,"y":332.81},{"x":459.02,"y":332.81},{"x":459.02,"y":343.85},{"x":433.78,"y":343.85}]},"line":12,"tag":"unit-price","instance":2},{"description":"660.00","boundingPoly":{"vertices":[{"x":493.9,"y":332.81},{"x":524.77,"y":332.81},{"x":524.77,"y":343.85},{"x":493.9,"y":343.85}]},"line":12,"tag":""},{"description":"356.00","boundingPoly":{"vertices":[{"x":428.14,"y":390.89},{"x":459.01,"y":390.89},{"x":459.01,"y":401.93},{"x":428.14,"y":401.93}]},"line":16,"tag":"unit-price","instance":6},{"description":"3560.00","boundingPoly":{"vertices":[{"x":488.26,"y":390.89},{"x":524.76,"y":390.89},{"x":524.76,"y":401.93},{"x":488.26,"y":401.93}]},"line":16,"tag":""},{"description":"70.00","boundingPoly":{"vertices":[{"x":433.78,"y":405.43},{"x":459.02,"y":405.43},{"x":459.02,"y":416.47},{"x":433.78,"y":416.47}]},"line":17,"tag":"unit-price","instance":7},{"description":"70.00","boundingPoly":{"vertices":[{"x":499.54,"y":405.43},{"x":524.78,"y":405.43},{"x":524.78,"y":416.47},{"x":499.54,"y":416.47}]},"line":17,"tag":""},{"description":"5960.00","boundingPoly":{"vertices":[{"x":422.47,"y":419.95},{"x":458.97,"y":419.95},{"x":458.97,"y":430.99},{"x":422.47,"y":430.99}]},"line":18,"tag":"unit-price","instance":8},{"description":"17880.00","boundingPoly":{"vertices":[{"x":482.62,"y":419.95},{"x":524.75,"y":419.95},{"x":524.75,"y":430.99},{"x":482.62,"y":430.99}]},"line":18,"tag":""},{"description":"76.00","boundingPoly":{"vertices":[{"x":433.78,"y":434.47},{"x":459.02,"y":434.47},{"x":459.02,"y":445.51},{"x":433.78,"y":445.51}]},"line":19,"tag":"unit-price","instance":9},{"description":"152.00","boundingPoly":{"vertices":[{"x":493.9,"y":434.47},{"x":524.77,"y":434.47},{"x":524.77,"y":445.51},{"x":493.9,"y":445.51}]},"line":19,"tag":""},{"description":"24.00","boundingPoly":{"vertices":[{"x":433.78,"y":448.99},{"x":459.02,"y":448.99},{"x":459.02,"y":460.03},{"x":433.78,"y":460.03}]},"line":20,"tag":"unit-price","instance":10},{"description":"72.00","boundingPoly":{"vertices":[{"x":499.54,"y":448.99},{"x":524.78,"y":448.99},{"x":524.78,"y":460.03},{"x":499.54,"y":460.03}]},"line":20,"tag":""},{"description":"262.00","boundingPoly":{"vertices":[{"x":428.14,"y":463.51},{"x":459.01,"y":463.51},{"x":459.01,"y":474.55},{"x":428.14,"y":474.55}]},"line":21,"tag":"unit-price","instance":11},{"description":"2620.00","boundingPoly":{"vertices":[{"x":488.26,"y":463.51},{"x":524.76,"y":463.51},{"x":524.76,"y":474.55},{"x":488.26,"y":474.55}]},"line":21,"tag":""},{"description":"Subtotal","boundingPoly":{"vertices":[{"x":403.99,"y":550.66},{"x":442.59,"y":550.66},{"x":442.59,"y":561.7},{"x":403.99,"y":561.7}]},"line":22,"tag":""},{"description":"26082.00","boundingPoly":{"vertices":[{"x":482.62,"y":550.66},{"x":524.75,"y":550.66},{"x":524.75,"y":561.7},{"x":482.62,"y":561.7}]},"line":22,"tag":""},{"description":"Sales","boundingPoly":{"vertices":[{"x":403.99,"y":565.18},{"x":427.22,"y":565.18},{"x":427.22,"y":576.22},{"x":403.99,"y":576.22}]},"line":23,"tag":""},{"description":"Tax","boundingPoly":{"vertices":[{"x":429.74,"y":565.18},{"x":445.73,"y":565.18},{"x":445.73,"y":576.22},{"x":429.74,"y":576.22}]},"line":23,"tag":""},{"description":"2608.20","boundingPoly":{"vertices":[{"x":488.26,"y":565.18},{"x":524.76,"y":565.18},{"x":524.76,"y":576.22},{"x":488.26,"y":576.22}]},"line":23,"tag":""},{"description":"Total","boundingPoly":{"vertices":[{"x":404.59,"y":581.29},{"x":438.49,"y":581.29},{"x":438.49,"y":597.25},{"x":404.59,"y":597.25}]},"line":24,"tag":""},{"description":"$28,690.20","boundingPoly":{"vertices":[{"x":474.22,"y":584.98},{"x":524.74,"y":584.98},{"x":524.74,"y":596.02},{"x":474.22,"y":596.02}]},"line":24,"tag":"total"}]}]}