{"api_version":"1.0","fname":"03-invoice_2025-06-27-15-14-903.pdf","original_fname":"03-invoice.pdf","fields":{"name":"","invoice-no":"VEG00008","date":"2021-01-06","total":"132.02"},"multi_valued_fields":{},"items":[{"instance":1,"values":{"description":"Kabocha Squash","quantity":"1","unit-price":"1"}},{"instance":2,"values":{"description":"Brocooli Crowns","quantity":"2","unit-price":"2"}},{"instance":3,"values":{"description":"Organic Collard Green","quantity":"10","unit-price":"3"}},{"instance":4,"values":{"description":"Broccoli Rice","quantity":"15","unit-price":"5"}}],"pages":[{"page_rotation":0,"page_no":0,"width":596.0,"height":842.0,"words":[{"description":"Invoice","boundingPoly":{"vertices":[{"x":159.76,"y":141.62},{"x":237.64,"y":141.62},{"x":237.64,"y":162.16},{"x":159.76,"y":162.16}]},"line":1,"tag":""},{"description":"INVOICE","boundingPoly":{"vertices":[{"x":94.15,"y":188.03},{"x":130.42,"y":188.03},{"x":130.42,"y":196.56},{"x":94.15,"y":196.56}]},"line":3,"tag":""},{"description":"NUMBER:","boundingPoly":{"vertices":[{"x":132.02,"y":188.3},{"x":174.69,"y":188.3},{"x":174.69,"y":196.3},{"x":132.02,"y":196.3}]},"line":3,"tag":""},{"description":"VEG00008","boundingPoly":{"vertices":[{"x":93.35,"y":201.63},{"x":138.16,"y":201.63},{"x":138.16,"y":209.9},{"x":93.35,"y":209.9}]},"line":4,"tag":"invoice-no"},{"description":"DATE:","boundingPoly":{"vertices":[{"x":94.15,"y":215.23},{"x":120.02,"y":215.23},{"x":120.02,"y":224.04},{"x":94.15,"y":224.04}]},"line":5,"tag":""},{"description":"01/06/2021","boundingPoly":{"vertices":[{"x":93.61,"y":227.77},{"x":144.29,"y":227.77},{"x":144.29,"y":239.24},{"x":93.61,"y":239.24}]},"line":6,"tag":"date"},{"description":"4738","boundingPoly":{"vertices":[{"x":382.99,"y":134.15},{"x":405.13,"y":134.15},{"x":405.13,"y":142.42},{"x":382.99,"y":142.42}]},"line":0,"tag":""},{"description":"Rafe","boundingPoly":{"vertices":[{"x":407.0,"y":133.89},{"x":426.2,"y":133.89},{"x":426.2,"y":142.69},{"x":407.0,"y":142.69}]},"line":0,"tag":""},{"description":"Lane","boundingPoly":{"vertices":[{"x":428.07,"y":134.42},{"x":448.34,"y":134.42},{"x":448.34,"y":142.69},{"x":428.07,"y":142.69}]},"line":0,"tag":""},{"description":"Greenwood,","boundingPoly":{"vertices":[{"x":383.26,"y":148.02},{"x":436.07,"y":148.02},{"x":436.07,"y":158.16},{"x":383.26,"y":158.16}]},"line":1,"tag":""},{"description":"MS,","boundingPoly":{"vertices":[{"x":438.2,"y":148.02},{"x":454.47,"y":148.02},{"x":454.47,"y":158.16},{"x":438.2,"y":158.16}]},"line":1,"tag":""},{"description":"38930","boundingPoly":{"vertices":[{"x":456.61,"y":148.02},{"x":483.54,"y":148.02},{"x":483.54,"y":157.09},{"x":456.61,"y":157.09}]},"line":1,"tag":""},{"description":"662-689-7469","boundingPoly":{"vertices":[{"x":383.26,"y":162.16},{"x":443.0,"y":162.16},{"x":443.0,"y":170.43},{"x":383.26,"y":170.43}]},"line":2,"tag":""},{"description":"BILL","boundingPoly":{"vertices":[{"x":383.26,"y":188.83},{"x":401.66,"y":188.83},{"x":401.66,"y":196.83},{"x":383.26,"y":196.83}]},"line":3,"tag":""},{"description":"TO:","boundingPoly":{"vertices":[{"x":403.0,"y":188.83},{"x":418.73,"y":188.83},{"x":418.73,"y":196.83},{"x":403.0,"y":196.83}]},"line":3,"tag":""},{"description":"Jakoby","boundingPoly":{"vertices":[{"x":382.99,"y":201.63},{"x":412.87,"y":201.63},{"x":412.87,"y":212.03},{"x":382.99,"y":212.03}]},"line":4,"tag":""},{"description":"Netzband","boundingPoly":{"vertices":[{"x":414.2,"y":201.63},{"x":455.54,"y":201.63},{"x":455.54,"y":210.17},{"x":414.2,"y":210.17}]},"line":4,"tag":""},{"description":"Lynch-Franecki","boundingPoly":{"vertices":[{"x":383.26,"y":215.23},{"x":446.74,"y":215.23},{"x":446.74,"y":225.9},{"x":383.26,"y":225.9}]},"line":5,"tag":""},{"description":"1394","boundingPoly":{"vertices":[{"x":383.53,"y":229.37},{"x":405.4,"y":229.37},{"x":405.4,"y":238.17},{"x":383.53,"y":238.17}]},"line":6,"tag":""},{"description":"Schuster","boundingPoly":{"vertices":[{"x":406.73,"y":229.1},{"x":444.07,"y":229.1},{"x":444.07,"y":238.17},{"x":406.73,"y":238.17}]},"line":6,"tag":""},{"description":"Bridge","boundingPoly":{"vertices":[{"x":445.94,"y":229.1},{"x":472.87,"y":229.1},{"x":472.87,"y":240.04},{"x":445.94,"y":240.04}]},"line":6,"tag":""},{"description":"Apt.","boundingPoly":{"vertices":[{"x":474.21,"y":229.37},{"x":492.34,"y":229.37},{"x":492.34,"y":240.04},{"x":474.21,"y":240.04}]},"line":6,"tag":""},{"description":"West","boundingPoly":{"vertices":[{"x":383.26,"y":243.24},{"x":406.46,"y":243.24},{"x":406.46,"y":251.77},{"x":383.26,"y":251.77}]},"line":7,"tag":""},{"description":"Margret,","boundingPoly":{"vertices":[{"x":407.8,"y":243.24},{"x":445.4,"y":243.24},{"x":445.4,"y":253.37},{"x":407.8,"y":253.37}]},"line":7,"tag":""},{"description":"District","boundingPoly":{"vertices":[{"x":447.54,"y":242.71},{"x":477.94,"y":242.71},{"x":477.94,"y":251.77},{"x":447.54,"y":251.77}]},"line":7,"tag":""},{"description":"of","boundingPoly":{"vertices":[{"x":479.81,"y":242.71},{"x":489.41,"y":242.71},{"x":489.41,"y":252.04},{"x":479.81,"y":252.04}]},"line":7,"tag":""},{"description":"(435)","boundingPoly":{"vertices":[{"x":383.53,"y":256.31},{"x":406.2,"y":256.31},{"x":406.2,"y":267.51},{"x":383.53,"y":267.51}]},"line":8,"tag":""},{"description":"577-5256","boundingPoly":{"vertices":[{"x":407.53,"y":256.84},{"x":449.14,"y":256.84},{"x":449.14,"y":265.91},{"x":407.53,"y":265.91}]},"line":8,"tag":""},{"description":"vegspot","boundingPoly":{"vertices":[{"x":270.18,"y":304.05},{"x":382.99,"y":304.05},{"x":382.99,"y":330.19},{"x":270.18,"y":330.19}]},"line":9,"tag":""},{"description":"No.","boundingPoly":{"vertices":[{"x":96.02,"y":352.59},{"x":111.22,"y":352.59},{"x":111.22,"y":361.12},{"x":96.02,"y":361.12}]},"line":10,"tag":""},{"description":"Description","boundingPoly":{"vertices":[{"x":202.43,"y":352.59},{"x":252.04,"y":352.59},{"x":252.04,"y":362.99},{"x":202.43,"y":362.99}]},"line":10,"tag":""},{"description":"Qty.","boundingPoly":{"vertices":[{"x":351.79,"y":352.86},{"x":370.46,"y":352.86},{"x":370.46,"y":363.26},{"x":351.79,"y":363.26}]},"line":10,"tag":""},{"description":"Unit","boundingPoly":{"vertices":[{"x":391.0,"y":352.59},{"x":410.2,"y":352.59},{"x":410.2,"y":361.39},{"x":391.0,"y":361.39}]},"line":10,"tag":""},{"description":"Price","boundingPoly":{"vertices":[{"x":411.8,"y":352.32},{"x":433.4,"y":352.32},{"x":433.4,"y":361.39},{"x":411.8,"y":361.39}]},"line":10,"tag":""},{"description":"Amount","boundingPoly":{"vertices":[{"x":454.74,"y":352.59},{"x":490.48,"y":352.59},{"x":490.48,"y":361.39},{"x":454.74,"y":361.39}]},"line":10,"tag":""},{"description":"1","boundingPoly":{"vertices":[{"x":101.08,"y":366.46},{"x":106.42,"y":366.46},{"x":106.42,"y":374.73},{"x":101.08,"y":374.73}]},"line":11,"tag":""},{"description":"Kabocha","boundingPoly":{"vertices":[{"x":115.22,"y":366.19},{"x":151.49,"y":366.19},{"x":151.49,"y":374.73},{"x":115.22,"y":374.73}]},"line":11,"tag":"description","instance":1},{"description":"Squash","boundingPoly":{"vertices":[{"x":153.36,"y":365.92},{"x":183.76,"y":365.92},{"x":183.76,"y":376.33},{"x":153.36,"y":376.33}]},"line":11,"tag":"description","instance":1},{"description":"1","boundingPoly":{"vertices":[{"x":358.46,"y":366.19},{"x":363.79,"y":366.19},{"x":363.79,"y":374.73},{"x":358.46,"y":374.73}]},"line":11,"tag":"quantity","instance":1},{"description":"1","boundingPoly":{"vertices":[{"x":409.4,"y":366.46},{"x":415.27,"y":366.46},{"x":415.27,"y":374.73},{"x":409.4,"y":374.73}]},"line":11,"tag":"unit-price","instance":1},{"description":"1.29","boundingPoly":{"vertices":[{"x":483.01,"y":365.92},{"x":501.41,"y":365.92},{"x":501.41,"y":374.73},{"x":483.01,"y":374.73}]},"line":11,"tag":""},{"description":"2","boundingPoly":{"vertices":[{"x":100.82,"y":380.06},{"x":106.42,"y":380.06},{"x":106.42,"y":388.33},{"x":100.82,"y":388.33}]},"line":12,"tag":""},{"description":"Brocooli","boundingPoly":{"vertices":[{"x":115.48,"y":379.53},{"x":150.42,"y":379.53},{"x":150.42,"y":388.33},{"x":115.48,"y":388.33}]},"line":12,"tag":"description","instance":2},{"description":"Crowns","boundingPoly":{"vertices":[{"x":152.29,"y":379.79},{"x":184.56,"y":379.79},{"x":184.56,"y":388.33},{"x":152.29,"y":388.33}]},"line":12,"tag":"description","instance":2},{"description":"2","boundingPoly":{"vertices":[{"x":358.46,"y":380.06},{"x":364.06,"y":380.06},{"x":364.06,"y":388.33},{"x":358.46,"y":388.33}]},"line":12,"tag":"quantity","instance":2},{"description":"2","boundingPoly":{"vertices":[{"x":409.66,"y":380.06},{"x":415.27,"y":380.06},{"x":415.27,"y":388.59},{"x":409.66,"y":388.59}]},"line":12,"tag":"unit-price","instance":2},{"description":"3.98","boundingPoly":{"vertices":[{"x":482.74,"y":379.79},{"x":501.68,"y":379.79},{"x":501.68,"y":388.33},{"x":482.74,"y":388.33}]},"line":12,"tag":""},{"description":"3","boundingPoly":{"vertices":[{"x":100.82,"y":393.66},{"x":106.68,"y":393.66},{"x":106.68,"y":402.2},{"x":100.82,"y":402.2}]},"line":13,"tag":""},{"description":"Organic","boundingPoly":{"vertices":[{"x":115.22,"y":393.13},{"x":148.29,"y":393.13},{"x":148.29,"y":404.06},{"x":115.22,"y":404.06}]},"line":13,"tag":"description","instance":3},{"description":"Collard","boundingPoly":{"vertices":[{"x":149.89,"y":393.13},{"x":180.3,"y":393.13},{"x":180.3,"y":402.46},{"x":149.89,"y":402.46}]},"line":13,"tag":"description","instance":3},{"description":"Green","boundingPoly":{"vertices":[{"x":181.63,"y":393.4},{"x":208.3,"y":393.4},{"x":208.3,"y":402.2},{"x":181.63,"y":402.2}]},"line":13,"tag":"description","instance":3},{"description":"10","boundingPoly":{"vertices":[{"x":356.06,"y":393.4},{"x":366.99,"y":393.4},{"x":366.99,"y":402.2},{"x":356.06,"y":402.2}]},"line":13,"tag":"quantity","instance":3},{"description":"3","boundingPoly":{"vertices":[{"x":409.66,"y":393.66},{"x":415.27,"y":393.66},{"x":415.27,"y":402.2},{"x":409.66,"y":402.2}]},"line":13,"tag":"unit-price","instance":3},{"description":"29.90","boundingPoly":{"vertices":[{"x":477.41,"y":393.4},{"x":501.41,"y":393.4},{"x":501.41,"y":402.2},{"x":477.41,"y":402.2}]},"line":13,"tag":""},{"description":"4","boundingPoly":{"vertices":[{"x":100.55,"y":407.53},{"x":106.68,"y":407.53},{"x":106.68,"y":415.53},{"x":100.55,"y":415.53}]},"line":14,"tag":""},{"description":"Broccoli","boundingPoly":{"vertices":[{"x":115.48,"y":406.73},{"x":149.36,"y":406.73},{"x":149.36,"y":415.53},{"x":115.48,"y":415.53}]},"line":14,"tag":"description","instance":4},{"description":"Rice","boundingPoly":{"vertices":[{"x":151.49,"y":407.26},{"x":169.36,"y":407.26},{"x":169.36,"y":415.8},{"x":151.49,"y":415.8}]},"line":14,"tag":"description","instance":4},{"description":"15","boundingPoly":{"vertices":[{"x":356.06,"y":407.53},{"x":366.72,"y":407.53},{"x":366.72,"y":415.53},{"x":356.06,"y":415.53}]},"line":14,"tag":"quantity","instance":4},{"description":"5","boundingPoly":{"vertices":[{"x":409.66,"y":407.26},{"x":415.27,"y":407.26},{"x":415.27,"y":415.8},{"x":409.66,"y":415.8}]},"line":14,"tag":"unit-price","instance":4},{"description":"74.85","boundingPoly":{"vertices":[{"x":477.41,"y":407.26},{"x":501.41,"y":407.26},{"x":501.41,"y":415.8},{"x":477.41,"y":415.8}]},"line":14,"tag":""},{"description":"SUBTOTAL","boundingPoly":{"vertices":[{"x":384.33,"y":586.23},{"x":431.27,"y":586.23},{"x":431.27,"y":595.03},{"x":384.33,"y":595.03}]},"line":15,"tag":""},{"description":"110.02","boundingPoly":{"vertices":[{"x":472.87,"y":585.96},{"x":502.21,"y":585.96},{"x":502.21,"y":594.49},{"x":472.87,"y":594.49}]},"line":15,"tag":""},{"description":"TAX","boundingPoly":{"vertices":[{"x":384.06,"y":600.36},{"x":402.46,"y":600.36},{"x":402.46,"y":608.36},{"x":384.06,"y":608.36}]},"line":16,"tag":""},{"description":"RATE","boundingPoly":{"vertices":[{"x":404.33,"y":600.36},{"x":427.27,"y":600.36},{"x":427.27,"y":608.36},{"x":404.33,"y":608.36}]},"line":16,"tag":""},{"description":"20.00%","boundingPoly":{"vertices":[{"x":470.47,"y":600.1},{"x":502.21,"y":600.1},{"x":502.21,"y":608.63},{"x":470.47,"y":608.63}]},"line":16,"tag":""},{"description":"TAX","boundingPoly":{"vertices":[{"x":384.06,"y":612.9},{"x":402.46,"y":612.9},{"x":402.46,"y":621.7},{"x":384.06,"y":621.7}]},"line":17,"tag":""},{"description":"22.00","boundingPoly":{"vertices":[{"x":478.21,"y":612.9},{"x":502.21,"y":612.9},{"x":502.21,"y":621.7},{"x":478.21,"y":621.7}]},"line":17,"tag":""},{"description":"TOTAL","boundingPoly":{"vertices":[{"x":384.86,"y":642.77},{"x":427.0,"y":642.77},{"x":427.0,"y":654.5},{"x":384.86,"y":654.5}]},"line":18,"tag":""},{"description":"$132.02","boundingPoly":{"vertices":[{"x":467.27,"y":644.9},{"x":502.48,"y":644.9},{"x":502.48,"y":655.57},{"x":467.27,"y":655.57}]},"line":18,"tag":"total"}]}]}