{"api_version":"1.0","fname":"03-invoice_2024-03-14-16-58-025.pdf","original_fname":"03-invoice.pdf","fields":{"invoice-no":"VEG00008","date":"2021-01-06","total":"132.02"},"multi_valued_fields":{},"items":[],"pages":[{"page_rotation":0,"page_no":0,"width":596.0,"height":842.0,"words":[{"description":"Invoice","boundingPoly":{"vertices":[{"x":159.76,"y":142.16},{"x":236.84,"y":142.16},{"x":236.84,"y":161.89},{"x":159.76,"y":161.89}]},"line":1,"tag":""},{"description":"INVOICE","boundingPoly":{"vertices":[{"x":94.15,"y":188.3},{"x":130.15,"y":188.3},{"x":130.15,"y":196.03},{"x":94.15,"y":196.03}]},"line":3,"tag":""},{"description":"NUMBER:","boundingPoly":{"vertices":[{"x":132.29,"y":188.3},{"x":174.43,"y":188.3},{"x":174.43,"y":196.03},{"x":132.29,"y":196.03}]},"line":3,"tag":""},{"description":"VEG00008","boundingPoly":{"vertices":[{"x":93.61,"y":201.63},{"x":137.89,"y":201.63},{"x":137.89,"y":209.63},{"x":93.61,"y":209.63}]},"line":4,"tag":"invoice-no"},{"description":"DATE:","boundingPoly":{"vertices":[{"x":94.15,"y":215.23},{"x":119.75,"y":215.23},{"x":119.75,"y":223.5},{"x":94.15,"y":223.5}]},"line":5,"tag":""},{"description":"01/06/2021","boundingPoly":{"vertices":[{"x":93.88,"y":228.04},{"x":144.29,"y":228.04},{"x":144.29,"y":238.7},{"x":93.88,"y":238.7}]},"line":6,"tag":"date"},{"description":"4738","boundingPoly":{"vertices":[{"x":383.26,"y":134.42},{"x":404.86,"y":134.42},{"x":404.86,"y":142.16},{"x":383.26,"y":142.16}]},"line":0,"tag":""},{"description":"Rafe","boundingPoly":{"vertices":[{"x":407.0,"y":134.15},{"x":425.93,"y":134.15},{"x":425.93,"y":142.16},{"x":407.0,"y":142.16}]},"line":0,"tag":""},{"description":"Lane","boundingPoly":{"vertices":[{"x":428.6,"y":134.69},{"x":448.34,"y":134.69},{"x":448.34,"y":142.42},{"x":428.6,"y":142.42}]},"line":0,"tag":""},{"description":"Greenwood,","boundingPoly":{"vertices":[{"x":383.53,"y":148.02},{"x":435.54,"y":148.02},{"x":435.54,"y":158.16},{"x":383.53,"y":158.16}]},"line":1,"tag":""},{"description":"MS,","boundingPoly":{"vertices":[{"x":438.47,"y":148.29},{"x":454.47,"y":148.29},{"x":454.47,"y":157.89},{"x":438.47,"y":157.89}]},"line":1,"tag":""},{"description":"38930","boundingPoly":{"vertices":[{"x":456.61,"y":148.29},{"x":483.54,"y":148.29},{"x":483.54,"y":156.82},{"x":456.61,"y":156.82}]},"line":1,"tag":""},{"description":"662-689-7469","boundingPoly":{"vertices":[{"x":383.26,"y":162.16},{"x":442.74,"y":162.16},{"x":442.74,"y":170.16},{"x":383.26,"y":170.16}]},"line":2,"tag":""},{"description":"BILL","boundingPoly":{"vertices":[{"x":383.53,"y":188.83},{"x":401.66,"y":188.83},{"x":401.66,"y":196.56},{"x":383.53,"y":196.56}]},"line":3,"tag":""},{"description":"TO:","boundingPoly":{"vertices":[{"x":402.46,"y":188.83},{"x":418.2,"y":188.83},{"x":418.2,"y":196.56},{"x":402.46,"y":196.56}]},"line":3,"tag":""},{"description":"Jakoby","boundingPoly":{"vertices":[{"x":383.26,"y":201.9},{"x":412.6,"y":201.9},{"x":412.6,"y":211.77},{"x":383.26,"y":211.77}]},"line":4,"tag":""},{"description":"Netzband","boundingPoly":{"vertices":[{"x":414.47,"y":201.9},{"x":455.01,"y":201.9},{"x":455.01,"y":210.17},{"x":414.47,"y":210.17}]},"line":4,"tag":""},{"description":"Lynch-Franecki","boundingPoly":{"vertices":[{"x":383.26,"y":215.23},{"x":446.74,"y":215.23},{"x":446.74,"y":225.64},{"x":383.26,"y":225.64}]},"line":5,"tag":""},{"description":"1394","boundingPoly":{"vertices":[{"x":383.79,"y":229.37},{"x":404.86,"y":229.37},{"x":404.86,"y":237.64},{"x":383.79,"y":237.64}]},"line":6,"tag":""},{"description":"Schuster","boundingPoly":{"vertices":[{"x":407.0,"y":229.1},{"x":443.8,"y":229.1},{"x":443.8,"y":237.9},{"x":407.0,"y":237.9}]},"line":6,"tag":""},{"description":"Bridge","boundingPoly":{"vertices":[{"x":445.67,"y":229.1},{"x":472.61,"y":229.1},{"x":472.61,"y":239.5},{"x":445.67,"y":239.5}]},"line":6,"tag":""},{"description":"Apt.","boundingPoly":{"vertices":[{"x":474.48,"y":229.64},{"x":492.08,"y":229.64},{"x":492.08,"y":239.77},{"x":474.48,"y":239.77}]},"line":6,"tag":""},{"description":"West","boundingPoly":{"vertices":[{"x":383.53,"y":243.24},{"x":405.93,"y":243.24},{"x":405.93,"y":251.24},{"x":383.53,"y":251.24}]},"line":7,"tag":""},{"description":"Margret,","boundingPoly":{"vertices":[{"x":408.06,"y":243.51},{"x":444.87,"y":243.51},{"x":444.87,"y":253.11},{"x":408.06,"y":253.11}]},"line":7,"tag":""},{"description":"District","boundingPoly":{"vertices":[{"x":447.8,"y":242.97},{"x":477.94,"y":242.97},{"x":477.94,"y":251.51},{"x":447.8,"y":251.51}]},"line":7,"tag":""},{"description":"of","boundingPoly":{"vertices":[{"x":479.28,"y":242.71},{"x":489.14,"y":242.71},{"x":489.14,"y":251.77},{"x":479.28,"y":251.77}]},"line":7,"tag":""},{"description":"(435)","boundingPoly":{"vertices":[{"x":383.53,"y":256.57},{"x":405.66,"y":256.57},{"x":405.66,"y":267.24},{"x":383.53,"y":267.24}]},"line":8,"tag":""},{"description":"577-5256","boundingPoly":{"vertices":[{"x":407.8,"y":257.11},{"x":448.6,"y":257.11},{"x":448.6,"y":265.64},{"x":407.8,"y":265.64}]},"line":8,"tag":""},{"description":"¿","boundingPoly":{"vertices":[{"x":226.44,"y":297.38},{"x":256.84,"y":296.05},{"x":258.44,"y":334.72},{"x":228.04,"y":336.05}]},"line":9,"tag":""},{"description":"vegspot","boundingPoly":{"vertices":[{"x":269.91,"y":304.85},{"x":382.46,"y":304.85},{"x":382.46,"y":329.92},{"x":269.91,"y":329.92}]},"line":9,"tag":""},{"description":"No.","boundingPoly":{"vertices":[{"x":96.02,"y":352.59},{"x":110.68,"y":352.59},{"x":110.68,"y":360.86},{"x":96.02,"y":360.86}]},"line":10,"tag":""},{"description":"Description","boundingPoly":{"vertices":[{"x":202.7,"y":352.59},{"x":252.04,"y":352.59},{"x":252.04,"y":362.72},{"x":202.7,"y":362.72}]},"line":10,"tag":""},{"description":"Qty.","boundingPoly":{"vertices":[{"x":351.79,"y":353.12},{"x":369.93,"y":353.12},{"x":369.93,"y":362.72},{"x":351.79,"y":362.72}]},"line":10,"tag":""},{"description":"Unit","boundingPoly":{"vertices":[{"x":391.0,"y":352.86},{"x":409.93,"y":352.86},{"x":409.93,"y":360.86},{"x":391.0,"y":360.86}]},"line":10,"tag":""},{"description":"Price","boundingPoly":{"vertices":[{"x":412.07,"y":352.59},{"x":433.4,"y":352.59},{"x":433.4,"y":361.12},{"x":412.07,"y":361.12}]},"line":10,"tag":""},{"description":"Amount","boundingPoly":{"vertices":[{"x":455.01,"y":352.86},{"x":490.48,"y":352.86},{"x":490.48,"y":361.12},{"x":455.01,"y":361.12}]},"line":10,"tag":""},{"description":"1","boundingPoly":{"vertices":[{"x":101.08,"y":366.19},{"x":106.15,"y":366.19},{"x":106.15,"y":374.46},{"x":101.08,"y":374.46}]},"line":11,"tag":""},{"description":"Kabocha","boundingPoly":{"vertices":[{"x":115.75,"y":366.19},{"x":151.22,"y":366.19},{"x":151.22,"y":374.19},{"x":115.75,"y":374.19}]},"line":11,"tag":""},{"description":"Squash","boundingPoly":{"vertices":[{"x":153.36,"y":366.19},{"x":183.5,"y":366.19},{"x":183.5,"y":375.79},{"x":153.36,"y":375.79}]},"line":11,"tag":""},{"description":"1","boundingPoly":{"vertices":[{"x":358.46,"y":366.46},{"x":363.52,"y":366.46},{"x":363.52,"y":374.46},{"x":358.46,"y":374.46}]},"line":11,"tag":""},{"description":"1","boundingPoly":{"vertices":[{"x":409.4,"y":366.19},{"x":414.73,"y":366.19},{"x":414.73,"y":374.46},{"x":409.4,"y":374.46}]},"line":11,"tag":""},{"description":"1.29","boundingPoly":{"vertices":[{"x":482.74,"y":366.19},{"x":500.88,"y":366.19},{"x":500.88,"y":374.46},{"x":482.74,"y":374.46}]},"line":11,"tag":""},{"description":"2","boundingPoly":{"vertices":[{"x":100.82,"y":380.06},{"x":106.15,"y":380.06},{"x":106.15,"y":388.06},{"x":100.82,"y":388.06}]},"line":12,"tag":""},{"description":"Brocooli","boundingPoly":{"vertices":[{"x":115.75,"y":379.53},{"x":150.42,"y":379.53},{"x":150.42,"y":388.06},{"x":115.75,"y":388.06}]},"line":12,"tag":""},{"description":"Crowns","boundingPoly":{"vertices":[{"x":152.56,"y":380.06},{"x":184.56,"y":380.06},{"x":184.56,"y":388.33},{"x":152.56,"y":388.33}]},"line":12,"tag":""},{"description":"2","boundingPoly":{"vertices":[{"x":358.46,"y":379.79},{"x":363.79,"y":379.79},{"x":363.79,"y":388.06},{"x":358.46,"y":388.06}]},"line":12,"tag":""},{"description":"2","boundingPoly":{"vertices":[{"x":409.4,"y":379.79},{"x":414.73,"y":379.79},{"x":414.73,"y":388.06},{"x":409.4,"y":388.06}]},"line":12,"tag":""},{"description":"3.98","boundingPoly":{"vertices":[{"x":482.48,"y":380.06},{"x":501.15,"y":380.06},{"x":501.15,"y":388.06},{"x":482.48,"y":388.06}]},"line":12,"tag":""},{"description":"3","boundingPoly":{"vertices":[{"x":100.82,"y":393.4},{"x":106.15,"y":393.4},{"x":106.15,"y":401.93},{"x":100.82,"y":401.93}]},"line":13,"tag":""},{"description":"Organic","boundingPoly":{"vertices":[{"x":115.22,"y":393.4},{"x":148.29,"y":393.4},{"x":148.29,"y":403.8},{"x":115.22,"y":403.8}]},"line":13,"tag":""},{"description":"Collard","boundingPoly":{"vertices":[{"x":150.16,"y":393.13},{"x":180.03,"y":393.13},{"x":180.03,"y":401.93},{"x":150.16,"y":401.93}]},"line":13,"tag":""},{"description":"Green","boundingPoly":{"vertices":[{"x":182.16,"y":393.66},{"x":208.3,"y":393.66},{"x":208.3,"y":401.93},{"x":182.16,"y":401.93}]},"line":13,"tag":""},{"description":"10","boundingPoly":{"vertices":[{"x":356.06,"y":393.66},{"x":366.99,"y":393.66},{"x":366.99,"y":401.93},{"x":356.06,"y":401.93}]},"line":13,"tag":""},{"description":"3","boundingPoly":{"vertices":[{"x":409.4,"y":393.66},{"x":415.0,"y":393.66},{"x":415.0,"y":401.93},{"x":409.4,"y":401.93}]},"line":13,"tag":""},{"description":"29.90","boundingPoly":{"vertices":[{"x":477.41,"y":393.66},{"x":501.41,"y":393.66},{"x":501.41,"y":401.93},{"x":477.41,"y":401.93}]},"line":13,"tag":""},{"description":"4","boundingPoly":{"vertices":[{"x":100.55,"y":407.8},{"x":106.42,"y":407.8},{"x":106.42,"y":415.27},{"x":100.55,"y":415.27}]},"line":14,"tag":""},{"description":"Broccoli","boundingPoly":{"vertices":[{"x":115.75,"y":407.26},{"x":149.36,"y":407.26},{"x":149.36,"y":415.53},{"x":115.75,"y":415.53}]},"line":14,"tag":""},{"description":"Rice","boundingPoly":{"vertices":[{"x":151.49,"y":407.53},{"x":169.09,"y":407.53},{"x":169.09,"y":415.53},{"x":151.49,"y":415.53}]},"line":14,"tag":""},{"description":"15","boundingPoly":{"vertices":[{"x":356.06,"y":407.8},{"x":366.46,"y":407.8},{"x":366.46,"y":415.53},{"x":356.06,"y":415.53}]},"line":14,"tag":""},{"description":"5","boundingPoly":{"vertices":[{"x":409.4,"y":407.8},{"x":415.0,"y":407.8},{"x":415.0,"y":415.53},{"x":409.4,"y":415.53}]},"line":14,"tag":""},{"description":"74.85","boundingPoly":{"vertices":[{"x":477.41,"y":407.53},{"x":500.88,"y":407.53},{"x":500.88,"y":415.53},{"x":477.41,"y":415.53}]},"line":14,"tag":""},{"description":"SUBTOTAL","boundingPoly":{"vertices":[{"x":384.33,"y":586.23},{"x":430.47,"y":586.23},{"x":430.47,"y":594.49},{"x":384.33,"y":594.49}]},"line":15,"tag":""},{"description":"110.02","boundingPoly":{"vertices":[{"x":473.14,"y":585.96},{"x":501.95,"y":585.96},{"x":501.95,"y":594.49},{"x":473.14,"y":594.49}]},"line":15,"tag":""},{"description":"TAX","boundingPoly":{"vertices":[{"x":384.06,"y":600.63},{"x":402.2,"y":600.63},{"x":402.2,"y":607.83},{"x":384.06,"y":607.83}]},"line":16,"tag":""},{"description":"RATE","boundingPoly":{"vertices":[{"x":404.6,"y":600.63},{"x":427.0,"y":600.63},{"x":427.0,"y":608.1},{"x":404.6,"y":608.1}]},"line":16,"tag":""},{"description":"20.00%","boundingPoly":{"vertices":[{"x":471.01,"y":600.09},{"x":502.21,"y":600.09},{"x":502.21,"y":608.1},{"x":471.01,"y":608.1}]},"line":16,"tag":""},{"description":"TAX","boundingPoly":{"vertices":[{"x":384.06,"y":613.43},{"x":402.46,"y":613.43},{"x":402.46,"y":621.16},{"x":384.06,"y":621.16}]},"line":17,"tag":""},{"description":"22.00","boundingPoly":{"vertices":[{"x":478.21,"y":613.16},{"x":502.21,"y":613.16},{"x":502.21,"y":621.16},{"x":478.21,"y":621.16}]},"line":17,"tag":""},{"description":"TOTAL","boundingPoly":{"vertices":[{"x":385.39,"y":643.03},{"x":426.47,"y":643.03},{"x":426.47,"y":654.24},{"x":385.39,"y":654.24}]},"line":18,"tag":""},{"description":"$132.02","boundingPoly":{"vertices":[{"x":467.54,"y":644.64},{"x":502.21,"y":644.64},{"x":502.21,"y":655.3},{"x":467.54,"y":655.3}]},"line":18,"tag":"total"}]}]}